cusip,asset_id,structure,security,MTG_GEN_CPR_3M_20090331,MTG_GEN_CPR_6M_20090331,MTG_GEN_CPR_12M_20090331,MTG_GEN_CPR_3M_20090610,MTG_GEN_CPR_6M_20090610,MTG_GEN_CPR_12M_20090610
01F040446,TNTD03376464,tba-forward,01F040446 Mtge,"=BDH($D2,""MTG_GEN_CPR_3M"",""20090331"",""20090331"",""Dts=H"",""cols=1;rows=1"")","=BDH($D2,""MTG_GEN_CPR_6M"",""20090331"",""20090331"",""Dts=H"",""cols=1;rows=1"")","=BDH($D2,""MTG_GEN_CPR_12M"",""20090331"",""20090331"",""Dts=H"",""cols=1;rows=1"")","=BDH($D2,""MTG_GEN_CPR_3M"",""20090610"",""20090610"",""Dts=H"",""cols=1;rows=1"")","=BDH($D2,""MTG_GEN_CPR_6M"",""20090610"",""20090610"",""Dts=H"",""cols=1;rows=1"")","=BDH($D2,""MTG_GEN_CPR_12M"",""20090610"",""20090610"",""Dts=H"",""cols=1;rows=1"")"
01F042640,TNTD03376461,tba-forward,01F042640 Mtge,"=BDH($D3,""MTG_GEN_CPR_3M"",""20090331"",""20090331"",""Dts=H"",""cols=1;rows=1"")","=BDH($D3,""MTG_GEN_CPR_6M"",""20090331"",""20090331"",""Dts=H"",""cols=1;rows=1"")","=BDH($D3,""MTG_GEN_CPR_12M"",""20090331"",""20090331"",""Dts=H"",""cols=1;rows=1"")","=BDH($D3,""MTG_GEN_CPR_3M"",""20090610"",""20090610"",""Dts=H"",""cols=1;rows=1"")","=BDH($D3,""MTG_GEN_CPR_6M"",""20090610"",""20090610"",""Dts=H"",""cols=1;rows=1"")","=BDH($D3,""MTG_GEN_CPR_12M"",""20090610"",""20090610"",""Dts=H"",""cols=1;rows=1"")"
01F050445,TNTD03359835,tba-forward,01F050445 Mtge,"=BDH($D4,""MTG_GEN_CPR_3M"",""20090331"",""20090331"",""Dts=H"",""cols=1;rows=1"")","=BDH($D4,""MTG_GEN_CPR_6M"",""20090331"",""20090331"",""Dts=H"",""cols=1;rows=1"")","=BDH($D4,""MTG_GEN_CPR_12M"",""20090331"",""20090331"",""Dts=H"",""cols=1;rows=1"")","=BDH($D4,""MTG_GEN_CPR_3M"",""20090610"",""20090610"",""Dts=H"",""cols=1;rows=1"")","=BDH($D4,""MTG_GEN_CPR_6M"",""20090610"",""20090610"",""Dts=H"",""cols=1;rows=1"")","=BDH($D4,""MTG_GEN_CPR_12M"",""20090610"",""20090610"",""Dts=H"",""cols=1;rows=1"")"
01F050452,TNTD03333865,tba-forward,01F050452 Mtge,"=BDH($D5,""MTG_GEN_CPR_3M"",""20090331"",""20090331"",""Dts=H"",""cols=1;rows=1"")","=BDH($D5,""MTG_GEN_CPR_6M"",""20090331"",""20090331"",""Dts=H"",""cols=1;rows=1"")","=BDH($D5,""MTG_GEN_CPR_12M"",""20090331"",""20090331"",""Dts=H"",""cols=1;rows=1"")","=BDH($D5,""MTG_GEN_CPR_3M"",""20090610"",""20090610"",""Dts=H"",""cols=1;rows=1"")","=BDH($D5,""MTG_GEN_CPR_6M"",""20090610"",""20090610"",""Dts=H"",""cols=1;rows=1"")","=BDH($D5,""MTG_GEN_CPR_12M"",""20090610"",""20090610"",""Dts=H"",""cols=1;rows=1"")"
01F050643,TNTD03360916,tba-forward,01F050643 Mtge,"=BDH($D6,""MTG_GEN_CPR_3M"",""20090331"",""20090331"",""Dts=H"",""cols=1;rows=1"")","=BDH($D6,""MTG_GEN_CPR_6M"",""20090331"",""20090331"",""Dts=H"",""cols=1;rows=1"")","=BDH($D6,""MTG_GEN_CPR_12M"",""20090331"",""20090331"",""Dts=H"",""cols=1;rows=1"")","=BDH($D6,""MTG_GEN_CPR_3M"",""20090610"",""20090610"",""Dts=H"",""cols=1;rows=1"")","=BDH($D6,""MTG_GEN_CPR_6M"",""20090610"",""20090610"",""Dts=H"",""cols=1;rows=1"")","=BDH($D6,""MTG_GEN_CPR_12M"",""20090610"",""20090610"",""Dts=H"",""cols=1;rows=1"")"
01F050650,TNTD03361178,tba-forward,01F050650 Mtge,"=BDH($D7,""MTG_GEN_CPR_3M"",""20090331"",""20090331"",""Dts=H"",""cols=1;rows=1"")","=BDH($D7,""MTG_GEN_CPR_6M"",""20090331"",""20090331"",""Dts=H"",""cols=1;rows=1"")","=BDH($D7,""MTG_GEN_CPR_12M"",""20090331"",""20090331"",""Dts=H"",""cols=1;rows=1"")","=BDH($D7,""MTG_GEN_CPR_3M"",""20090610"",""20090610"",""Dts=H"",""cols=1;rows=1"")","=BDH($D7,""MTG_GEN_CPR_6M"",""20090610"",""20090610"",""Dts=H"",""cols=1;rows=1"")","=BDH($D7,""MTG_GEN_CPR_12M"",""20090610"",""20090610"",""Dts=H"",""cols=1;rows=1"")"
01F052441,TNTD03341179,tba-forward,01F052441 Mtge,"=BDH($D8,""MTG_GEN_CPR_3M"",""20090331"",""20090331"",""Dts=H"",""cols=1;rows=1"")","=BDH($D8,""MTG_GEN_CPR_6M"",""20090331"",""20090331"",""Dts=H"",""cols=1;rows=1"")","=BDH($D8,""MTG_GEN_CPR_12M"",""20090331"",""20090331"",""Dts=H"",""cols=1;rows=1"")","=BDH($D8,""MTG_GEN_CPR_3M"",""20090610"",""20090610"",""Dts=H"",""cols=1;rows=1"")","=BDH($D8,""MTG_GEN_CPR_6M"",""20090610"",""20090610"",""Dts=H"",""cols=1;rows=1"")","=BDH($D8,""MTG_GEN_CPR_12M"",""20090610"",""20090610"",""Dts=H"",""cols=1;rows=1"")"
01F052656,TNTD03333136,tba-forward,01F052656 Mtge,"=BDH($D9,""MTG_GEN_CPR_3M"",""20090331"",""20090331"",""Dts=H"",""cols=1;rows=1"")","=BDH($D9,""MTG_GEN_CPR_6M"",""20090331"",""20090331"",""Dts=H"",""cols=1;rows=1"")","=BDH($D9,""MTG_GEN_CPR_12M"",""20090331"",""20090331"",""Dts=H"",""cols=1;rows=1"")","=BDH($D9,""MTG_GEN_CPR_3M"",""20090610"",""20090610"",""Dts=H"",""cols=1;rows=1"")","=BDH($D9,""MTG_GEN_CPR_6M"",""20090610"",""20090610"",""Dts=H"",""cols=1;rows=1"")","=BDH($D9,""MTG_GEN_CPR_12M"",""20090610"",""20090610"",""Dts=H"",""cols=1;rows=1"")"
01F060444,TNTD03321617,tba-forward,01F060444 Mtge,"=BDH($D10,""MTG_GEN_CPR_3M"",""20090331"",""20090331"",""Dts=H"",""cols=1;rows=1"")","=BDH($D10,""MTG_GEN_CPR_6M"",""20090331"",""20090331"",""Dts=H"",""cols=1;rows=1"")","=BDH($D10,""MTG_GEN_CPR_12M"",""20090331"",""20090331"",""Dts=H"",""cols=1;rows=1"")","=BDH($D10,""MTG_GEN_CPR_3M"",""20090610"",""20090610"",""Dts=H"",""cols=1;rows=1"")","=BDH($D10,""MTG_GEN_CPR_6M"",""20090610"",""20090610"",""Dts=H"",""cols=1;rows=1"")","=BDH($D10,""MTG_GEN_CPR_12M"",""20090610"",""20090610"",""Dts=H"",""cols=1;rows=1"")"
01F060642,TNTD03341178,tba-forward,01F060642 Mtge,"=BDH($D11,""MTG_GEN_CPR_3M"",""20090331"",""20090331"",""Dts=H"",""cols=1;rows=1"")","=BDH($D11,""MTG_GEN_CPR_6M"",""20090331"",""20090331"",""Dts=H"",""cols=1;rows=1"")","=BDH($D11,""MTG_GEN_CPR_12M"",""20090331"",""20090331"",""Dts=H"",""cols=1;rows=1"")","=BDH($D11,""MTG_GEN_CPR_3M"",""20090610"",""20090610"",""Dts=H"",""cols=1;rows=1"")","=BDH($D11,""MTG_GEN_CPR_6M"",""20090610"",""20090610"",""Dts=H"",""cols=1;rows=1"")","=BDH($D11,""MTG_GEN_CPR_12M"",""20090610"",""20090610"",""Dts=H"",""cols=1;rows=1"")"
01F062648,TNTD03321474,tba-forward,01F062648 Mtge,"=BDH($D12,""MTG_GEN_CPR_3M"",""20090331"",""20090331"",""Dts=H"",""cols=1;rows=1"")","=BDH($D12,""MTG_GEN_CPR_6M"",""20090331"",""20090331"",""Dts=H"",""cols=1;rows=1"")","=BDH($D12,""MTG_GEN_CPR_12M"",""20090331"",""20090331"",""Dts=H"",""cols=1;rows=1"")","=BDH($D12,""MTG_GEN_CPR_3M"",""20090610"",""20090610"",""Dts=H"",""cols=1;rows=1"")","=BDH($D12,""MTG_GEN_CPR_6M"",""20090610"",""20090610"",""Dts=H"",""cols=1;rows=1"")","=BDH($D12,""MTG_GEN_CPR_12M"",""20090610"",""20090610"",""Dts=H"",""cols=1;rows=1"")"
01F062655,TNTD03322513,tba-forward,01F062655 Mtge,"=BDH($D13,""MTG_GEN_CPR_3M"",""20090331"",""20090331"",""Dts=H"",""cols=1;rows=1"")","=BDH($D13,""MTG_GEN_CPR_6M"",""20090331"",""20090331"",""Dts=H"",""cols=1;rows=1"")","=BDH($D13,""MTG_GEN_CPR_12M"",""20090331"",""20090331"",""Dts=H"",""cols=1;rows=1"")","=BDH($D13,""MTG_GEN_CPR_3M"",""20090610"",""20090610"",""Dts=H"",""cols=1;rows=1"")","=BDH($D13,""MTG_GEN_CPR_6M"",""20090610"",""20090610"",""Dts=H"",""cols=1;rows=1"")","=BDH($D13,""MTG_GEN_CPR_12M"",""20090610"",""20090610"",""Dts=H"",""cols=1;rows=1"")"
01N042641,TNTD03551062,tba-forward,01N042641 Mtge,"=BDH($D14,""MTG_GEN_CPR_3M"",""20090331"",""20090331"",""Dts=H"",""cols=1;rows=1"")","=BDH($D14,""MTG_GEN_CPR_6M"",""20090331"",""20090331"",""Dts=H"",""cols=1;rows=1"")","=BDH($D14,""MTG_GEN_CPR_12M"",""20090331"",""20090331"",""Dts=H"",""cols=1;rows=1"")","=BDH($D14,""MTG_GEN_CPR_3M"",""20090610"",""20090610"",""Dts=H"",""cols=1;rows=1"")","=BDH($D14,""MTG_GEN_CPR_6M"",""20090610"",""20090610"",""Dts=H"",""cols=1;rows=1"")","=BDH($D14,""MTG_GEN_CPR_12M"",""20090610"",""20090610"",""Dts=H"",""cols=1;rows=1"")"
01N052657,TNTD03538461,tba-forward,01N052657 Mtge,"=BDH($D15,""MTG_GEN_CPR_3M"",""20090331"",""20090331"",""Dts=H"",""cols=1;rows=1"")","=BDH($D15,""MTG_GEN_CPR_6M"",""20090331"",""20090331"",""Dts=H"",""cols=1;rows=1"")","=BDH($D15,""MTG_GEN_CPR_12M"",""20090331"",""20090331"",""Dts=H"",""cols=1;rows=1"")","=BDH($D15,""MTG_GEN_CPR_3M"",""20090610"",""20090610"",""Dts=H"",""cols=1;rows=1"")","=BDH($D15,""MTG_GEN_CPR_6M"",""20090610"",""20090610"",""Dts=H"",""cols=1;rows=1"")","=BDH($D15,""MTG_GEN_CPR_12M"",""20090610"",""20090610"",""Dts=H"",""cols=1;rows=1"")"
01N060643,TNTD03509939,tba-forward,01N060643 Mtge,"=BDH($D16,""MTG_GEN_CPR_3M"",""20090331"",""20090331"",""Dts=H"",""cols=1;rows=1"")","=BDH($D16,""MTG_GEN_CPR_6M"",""20090331"",""20090331"",""Dts=H"",""cols=1;rows=1"")","=BDH($D16,""MTG_GEN_CPR_12M"",""20090331"",""20090331"",""Dts=H"",""cols=1;rows=1"")","=BDH($D16,""MTG_GEN_CPR_3M"",""20090610"",""20090610"",""Dts=H"",""cols=1;rows=1"")","=BDH($D16,""MTG_GEN_CPR_6M"",""20090610"",""20090610"",""Dts=H"",""cols=1;rows=1"")","=BDH($D16,""MTG_GEN_CPR_12M"",""20090610"",""20090610"",""Dts=H"",""cols=1;rows=1"")"
01N060650,TNTD03508983,tba-forward,01N060650 Mtge,"=BDH($D17,""MTG_GEN_CPR_3M"",""20090331"",""20090331"",""Dts=H"",""cols=1;rows=1"")","=BDH($D17,""MTG_GEN_CPR_6M"",""20090331"",""20090331"",""Dts=H"",""cols=1;rows=1"")","=BDH($D17,""MTG_GEN_CPR_12M"",""20090331"",""20090331"",""Dts=H"",""cols=1;rows=1"")","=BDH($D17,""MTG_GEN_CPR_3M"",""20090610"",""20090610"",""Dts=H"",""cols=1;rows=1"")","=BDH($D17,""MTG_GEN_CPR_6M"",""20090610"",""20090610"",""Dts=H"",""cols=1;rows=1"")","=BDH($D17,""MTG_GEN_CPR_12M"",""20090610"",""20090610"",""Dts=H"",""cols=1;rows=1"")"
01N062649,TNTD03537763,tba-forward,01N062649 Mtge,"=BDH($D18,""MTG_GEN_CPR_3M"",""20090331"",""20090331"",""Dts=H"",""cols=1;rows=1"")","=BDH($D18,""MTG_GEN_CPR_6M"",""20090331"",""20090331"",""Dts=H"",""cols=1;rows=1"")","=BDH($D18,""MTG_GEN_CPR_12M"",""20090331"",""20090331"",""Dts=H"",""cols=1;rows=1"")","=BDH($D18,""MTG_GEN_CPR_3M"",""20090610"",""20090610"",""Dts=H"",""cols=1;rows=1"")","=BDH($D18,""MTG_GEN_CPR_6M"",""20090610"",""20090610"",""Dts=H"",""cols=1;rows=1"")","=BDH($D18,""MTG_GEN_CPR_12M"",""20090610"",""20090610"",""Dts=H"",""cols=1;rows=1"")"
02R042447,TNTD03130816,tba-forward,02R042447 Mtge,"=BDH($D19,""MTG_GEN_CPR_3M"",""20090331"",""20090331"",""Dts=H"",""cols=1;rows=1"")","=BDH($D19,""MTG_GEN_CPR_6M"",""20090331"",""20090331"",""Dts=H"",""cols=1;rows=1"")","=BDH($D19,""MTG_GEN_CPR_12M"",""20090331"",""20090331"",""Dts=H"",""cols=1;rows=1"")","=BDH($D19,""MTG_GEN_CPR_3M"",""20090610"",""20090610"",""Dts=H"",""cols=1;rows=1"")","=BDH($D19,""MTG_GEN_CPR_6M"",""20090610"",""20090610"",""Dts=H"",""cols=1;rows=1"")","=BDH($D19,""MTG_GEN_CPR_12M"",""20090610"",""20090610"",""Dts=H"",""cols=1;rows=1"")"
02R042645,TNTD03137674,tba-forward,02R042645 Mtge,"=BDH($D20,""MTG_GEN_CPR_3M"",""20090331"",""20090331"",""Dts=H"",""cols=1;rows=1"")","=BDH($D20,""MTG_GEN_CPR_6M"",""20090331"",""20090331"",""Dts=H"",""cols=1;rows=1"")","=BDH($D20,""MTG_GEN_CPR_12M"",""20090331"",""20090331"",""Dts=H"",""cols=1;rows=1"")","=BDH($D20,""MTG_GEN_CPR_3M"",""20090610"",""20090610"",""Dts=H"",""cols=1;rows=1"")","=BDH($D20,""MTG_GEN_CPR_6M"",""20090610"",""20090610"",""Dts=H"",""cols=1;rows=1"")","=BDH($D20,""MTG_GEN_CPR_12M"",""20090610"",""20090610"",""Dts=H"",""cols=1;rows=1"")"
02R050440,TNTD03117608,tba-forward,02R050440 Mtge,"=BDH($D21,""MTG_GEN_CPR_3M"",""20090331"",""20090331"",""Dts=H"",""cols=1;rows=1"")","=BDH($D21,""MTG_GEN_CPR_6M"",""20090331"",""20090331"",""Dts=H"",""cols=1;rows=1"")","=BDH($D21,""MTG_GEN_CPR_12M"",""20090331"",""20090331"",""Dts=H"",""cols=1;rows=1"")","=BDH($D21,""MTG_GEN_CPR_3M"",""20090610"",""20090610"",""Dts=H"",""cols=1;rows=1"")","=BDH($D21,""MTG_GEN_CPR_6M"",""20090610"",""20090610"",""Dts=H"",""cols=1;rows=1"")","=BDH($D21,""MTG_GEN_CPR_12M"",""20090610"",""20090610"",""Dts=H"",""cols=1;rows=1"")"
02R050648,TNTD03130989,tba-forward,02R050648 Mtge,"=BDH($D22,""MTG_GEN_CPR_3M"",""20090331"",""20090331"",""Dts=H"",""cols=1;rows=1"")","=BDH($D22,""MTG_GEN_CPR_6M"",""20090331"",""20090331"",""Dts=H"",""cols=1;rows=1"")","=BDH($D22,""MTG_GEN_CPR_12M"",""20090331"",""20090331"",""Dts=H"",""cols=1;rows=1"")","=BDH($D22,""MTG_GEN_CPR_3M"",""20090610"",""20090610"",""Dts=H"",""cols=1;rows=1"")","=BDH($D22,""MTG_GEN_CPR_6M"",""20090610"",""20090610"",""Dts=H"",""cols=1;rows=1"")","=BDH($D22,""MTG_GEN_CPR_12M"",""20090610"",""20090610"",""Dts=H"",""cols=1;rows=1"")"
02R052446,TNTD03117872,tba-forward,02R052446 Mtge,"=BDH($D23,""MTG_GEN_CPR_3M"",""20090331"",""20090331"",""Dts=H"",""cols=1;rows=1"")","=BDH($D23,""MTG_GEN_CPR_6M"",""20090331"",""20090331"",""Dts=H"",""cols=1;rows=1"")","=BDH($D23,""MTG_GEN_CPR_12M"",""20090331"",""20090331"",""Dts=H"",""cols=1;rows=1"")","=BDH($D23,""MTG_GEN_CPR_3M"",""20090610"",""20090610"",""Dts=H"",""cols=1;rows=1"")","=BDH($D23,""MTG_GEN_CPR_6M"",""20090610"",""20090610"",""Dts=H"",""cols=1;rows=1"")","=BDH($D23,""MTG_GEN_CPR_12M"",""20090610"",""20090610"",""Dts=H"",""cols=1;rows=1"")"
02R052644,TNTD03117590,tba-forward,02R052644 Mtge,"=BDH($D24,""MTG_GEN_CPR_3M"",""20090331"",""20090331"",""Dts=H"",""cols=1;rows=1"")","=BDH($D24,""MTG_GEN_CPR_6M"",""20090331"",""20090331"",""Dts=H"",""cols=1;rows=1"")","=BDH($D24,""MTG_GEN_CPR_12M"",""20090331"",""20090331"",""Dts=H"",""cols=1;rows=1"")","=BDH($D24,""MTG_GEN_CPR_3M"",""20090610"",""20090610"",""Dts=H"",""cols=1;rows=1"")","=BDH($D24,""MTG_GEN_CPR_6M"",""20090610"",""20090610"",""Dts=H"",""cols=1;rows=1"")","=BDH($D24,""MTG_GEN_CPR_12M"",""20090610"",""20090610"",""Dts=H"",""cols=1;rows=1"")"
02R060647,TNTD03124789,tba-forward,02R060647 Mtge,"=BDH($D25,""MTG_GEN_CPR_3M"",""20090331"",""20090331"",""Dts=H"",""cols=1;rows=1"")","=BDH($D25,""MTG_GEN_CPR_6M"",""20090331"",""20090331"",""Dts=H"",""cols=1;rows=1"")","=BDH($D25,""MTG_GEN_CPR_12M"",""20090331"",""20090331"",""Dts=H"",""cols=1;rows=1"")","=BDH($D25,""MTG_GEN_CPR_3M"",""20090610"",""20090610"",""Dts=H"",""cols=1;rows=1"")","=BDH($D25,""MTG_GEN_CPR_6M"",""20090610"",""20090610"",""Dts=H"",""cols=1;rows=1"")","=BDH($D25,""MTG_GEN_CPR_12M"",""20090610"",""20090610"",""Dts=H"",""cols=1;rows=1"")"
21H052645,TNTD03544138,tba-forward,21H052645 Mtge,"=BDH($D26,""MTG_GEN_CPR_3M"",""20090331"",""20090331"",""Dts=H"",""cols=1;rows=1"")","=BDH($D26,""MTG_GEN_CPR_6M"",""20090331"",""20090331"",""Dts=H"",""cols=1;rows=1"")","=BDH($D26,""MTG_GEN_CPR_12M"",""20090331"",""20090331"",""Dts=H"",""cols=1;rows=1"")","=BDH($D26,""MTG_GEN_CPR_3M"",""20090610"",""20090610"",""Dts=H"",""cols=1;rows=1"")","=BDH($D26,""MTG_GEN_CPR_6M"",""20090610"",""20090610"",""Dts=H"",""cols=1;rows=1"")","=BDH($D26,""MTG_GEN_CPR_12M"",""20090610"",""20090610"",""Dts=H"",""cols=1;rows=1"")"
21H060648,TNTD03541552,tba-forward,21H060648 Mtge,"=BDH($D27,""MTG_GEN_CPR_3M"",""20090331"",""20090331"",""Dts=H"",""cols=1;rows=1"")","=BDH($D27,""MTG_GEN_CPR_6M"",""20090331"",""20090331"",""Dts=H"",""cols=1;rows=1"")","=BDH($D27,""MTG_GEN_CPR_12M"",""20090331"",""20090331"",""Dts=H"",""cols=1;rows=1"")","=BDH($D27,""MTG_GEN_CPR_3M"",""20090610"",""20090610"",""Dts=H"",""cols=1;rows=1"")","=BDH($D27,""MTG_GEN_CPR_6M"",""20090610"",""20090610"",""Dts=H"",""cols=1;rows=1"")","=BDH($D27,""MTG_GEN_CPR_12M"",""20090610"",""20090610"",""Dts=H"",""cols=1;rows=1"")"
21H060655,TNTD03538948,tba-forward,21H060655 Mtge,"=BDH($D28,""MTG_GEN_CPR_3M"",""20090331"",""20090331"",""Dts=H"",""cols=1;rows=1"")","=BDH($D28,""MTG_GEN_CPR_6M"",""20090331"",""20090331"",""Dts=H"",""cols=1;rows=1"")","=BDH($D28,""MTG_GEN_CPR_12M"",""20090331"",""20090331"",""Dts=H"",""cols=1;rows=1"")","=BDH($D28,""MTG_GEN_CPR_3M"",""20090610"",""20090610"",""Dts=H"",""cols=1;rows=1"")","=BDH($D28,""MTG_GEN_CPR_6M"",""20090610"",""20090610"",""Dts=H"",""cols=1;rows=1"")","=BDH($D28,""MTG_GEN_CPR_12M"",""20090610"",""20090610"",""Dts=H"",""cols=1;rows=1"")"
31283H4W2,TNTD03142772,pass-through,31283H4W2 Mtge,"=BDH($D29,""MTG_GEN_CPR_3M"",""20090331"",""20090331"",""Dts=H"",""cols=1;rows=1"")","=BDH($D29,""MTG_GEN_CPR_6M"",""20090331"",""20090331"",""Dts=H"",""cols=1;rows=1"")","=BDH($D29,""MTG_GEN_CPR_12M"",""20090331"",""20090331"",""Dts=H"",""cols=1;rows=1"")","=BDH($D29,""MTG_GEN_CPR_3M"",""20090610"",""20090610"",""Dts=H"",""cols=1;rows=1"")","=BDH($D29,""MTG_GEN_CPR_6M"",""20090610"",""20090610"",""Dts=H"",""cols=1;rows=1"")","=BDH($D29,""MTG_GEN_CPR_12M"",""20090610"",""20090610"",""Dts=H"",""cols=1;rows=1"")"
31283HLG8,TNTD03125010,pass-through,31283HLG8 Mtge,"=BDH($D30,""MTG_GEN_CPR_3M"",""20090331"",""20090331"",""Dts=H"",""cols=1;rows=1"")","=BDH($D30,""MTG_GEN_CPR_6M"",""20090331"",""20090331"",""Dts=H"",""cols=1;rows=1"")","=BDH($D30,""MTG_GEN_CPR_12M"",""20090331"",""20090331"",""Dts=H"",""cols=1;rows=1"")","=BDH($D30,""MTG_GEN_CPR_3M"",""20090610"",""20090610"",""Dts=H"",""cols=1;rows=1"")","=BDH($D30,""MTG_GEN_CPR_6M"",""20090610"",""20090610"",""Dts=H"",""cols=1;rows=1"")","=BDH($D30,""MTG_GEN_CPR_12M"",""20090610"",""20090610"",""Dts=H"",""cols=1;rows=1"")"
31283HRL1,TNTD03128336,pass-through,31283HRL1 Mtge,"=BDH($D31,""MTG_GEN_CPR_3M"",""20090331"",""20090331"",""Dts=H"",""cols=1;rows=1"")","=BDH($D31,""MTG_GEN_CPR_6M"",""20090331"",""20090331"",""Dts=H"",""cols=1;rows=1"")","=BDH($D31,""MTG_GEN_CPR_12M"",""20090331"",""20090331"",""Dts=H"",""cols=1;rows=1"")","=BDH($D31,""MTG_GEN_CPR_3M"",""20090610"",""20090610"",""Dts=H"",""cols=1;rows=1"")","=BDH($D31,""MTG_GEN_CPR_6M"",""20090610"",""20090610"",""Dts=H"",""cols=1;rows=1"")","=BDH($D31,""MTG_GEN_CPR_12M"",""20090610"",""20090610"",""Dts=H"",""cols=1;rows=1"")"
31283HWN1,TNTD03131477,pass-through,31283HWN1 Mtge,"=BDH($D32,""MTG_GEN_CPR_3M"",""20090331"",""20090331"",""Dts=H"",""cols=1;rows=1"")","=BDH($D32,""MTG_GEN_CPR_6M"",""20090331"",""20090331"",""Dts=H"",""cols=1;rows=1"")","=BDH($D32,""MTG_GEN_CPR_12M"",""20090331"",""20090331"",""Dts=H"",""cols=1;rows=1"")","=BDH($D32,""MTG_GEN_CPR_3M"",""20090610"",""20090610"",""Dts=H"",""cols=1;rows=1"")","=BDH($D32,""MTG_GEN_CPR_6M"",""20090610"",""20090610"",""Dts=H"",""cols=1;rows=1"")","=BDH($D32,""MTG_GEN_CPR_12M"",""20090610"",""20090610"",""Dts=H"",""cols=1;rows=1"")"
31283HWZ4,TNTD03132199,pass-through,31283HWZ4 Mtge,"=BDH($D33,""MTG_GEN_CPR_3M"",""20090331"",""20090331"",""Dts=H"",""cols=1;rows=1"")","=BDH($D33,""MTG_GEN_CPR_6M"",""20090331"",""20090331"",""Dts=H"",""cols=1;rows=1"")","=BDH($D33,""MTG_GEN_CPR_12M"",""20090331"",""20090331"",""Dts=H"",""cols=1;rows=1"")","=BDH($D33,""MTG_GEN_CPR_3M"",""20090610"",""20090610"",""Dts=H"",""cols=1;rows=1"")","=BDH($D33,""MTG_GEN_CPR_6M"",""20090610"",""20090610"",""Dts=H"",""cols=1;rows=1"")","=BDH($D33,""MTG_GEN_CPR_12M"",""20090610"",""20090610"",""Dts=H"",""cols=1;rows=1"")"
31283K3C0,TNTD03144550,pass-through,31283K3C0 Mtge,"=BDH($D34,""MTG_GEN_CPR_3M"",""20090331"",""20090331"",""Dts=H"",""cols=1;rows=1"")","=BDH($D34,""MTG_GEN_CPR_6M"",""20090331"",""20090331"",""Dts=H"",""cols=1;rows=1"")","=BDH($D34,""MTG_GEN_CPR_12M"",""20090331"",""20090331"",""Dts=H"",""cols=1;rows=1"")","=BDH($D34,""MTG_GEN_CPR_3M"",""20090610"",""20090610"",""Dts=H"",""cols=1;rows=1"")","=BDH($D34,""MTG_GEN_CPR_6M"",""20090610"",""20090610"",""Dts=H"",""cols=1;rows=1"")","=BDH($D34,""MTG_GEN_CPR_12M"",""20090610"",""20090610"",""Dts=H"",""cols=1;rows=1"")"
31283KNU8,TNTD03131213,pass-through,31283KNU8 Mtge,"=BDH($D35,""MTG_GEN_CPR_3M"",""20090331"",""20090331"",""Dts=H"",""cols=1;rows=1"")","=BDH($D35,""MTG_GEN_CPR_6M"",""20090331"",""20090331"",""Dts=H"",""cols=1;rows=1"")","=BDH($D35,""MTG_GEN_CPR_12M"",""20090331"",""20090331"",""Dts=H"",""cols=1;rows=1"")","=BDH($D35,""MTG_GEN_CPR_3M"",""20090610"",""20090610"",""Dts=H"",""cols=1;rows=1"")","=BDH($D35,""MTG_GEN_CPR_6M"",""20090610"",""20090610"",""Dts=H"",""cols=1;rows=1"")","=BDH($D35,""MTG_GEN_CPR_12M"",""20090610"",""20090610"",""Dts=H"",""cols=1;rows=1"")"
31283KR34,TNTD03142775,pass-through,31283KR34 Mtge,"=BDH($D36,""MTG_GEN_CPR_3M"",""20090331"",""20090331"",""Dts=H"",""cols=1;rows=1"")","=BDH($D36,""MTG_GEN_CPR_6M"",""20090331"",""20090331"",""Dts=H"",""cols=1;rows=1"")","=BDH($D36,""MTG_GEN_CPR_12M"",""20090331"",""20090331"",""Dts=H"",""cols=1;rows=1"")","=BDH($D36,""MTG_GEN_CPR_3M"",""20090610"",""20090610"",""Dts=H"",""cols=1;rows=1"")","=BDH($D36,""MTG_GEN_CPR_6M"",""20090610"",""20090610"",""Dts=H"",""cols=1;rows=1"")","=BDH($D36,""MTG_GEN_CPR_12M"",""20090610"",""20090610"",""Dts=H"",""cols=1;rows=1"")"
31287R2R9,TNTD03135672,pass-through,31287R2R9 Mtge,"=BDH($D37,""MTG_GEN_CPR_3M"",""20090331"",""20090331"",""Dts=H"",""cols=1;rows=1"")","=BDH($D37,""MTG_GEN_CPR_6M"",""20090331"",""20090331"",""Dts=H"",""cols=1;rows=1"")","=BDH($D37,""MTG_GEN_CPR_12M"",""20090331"",""20090331"",""Dts=H"",""cols=1;rows=1"")","=BDH($D37,""MTG_GEN_CPR_3M"",""20090610"",""20090610"",""Dts=H"",""cols=1;rows=1"")","=BDH($D37,""MTG_GEN_CPR_6M"",""20090610"",""20090610"",""Dts=H"",""cols=1;rows=1"")","=BDH($D37,""MTG_GEN_CPR_12M"",""20090610"",""20090610"",""Dts=H"",""cols=1;rows=1"")"
31287YVT8,TNTD03130190,pass-through,31287YVT8 Mtge,"=BDH($D38,""MTG_GEN_CPR_3M"",""20090331"",""20090331"",""Dts=H"",""cols=1;rows=1"")","=BDH($D38,""MTG_GEN_CPR_6M"",""20090331"",""20090331"",""Dts=H"",""cols=1;rows=1"")","=BDH($D38,""MTG_GEN_CPR_12M"",""20090331"",""20090331"",""Dts=H"",""cols=1;rows=1"")","=BDH($D38,""MTG_GEN_CPR_3M"",""20090610"",""20090610"",""Dts=H"",""cols=1;rows=1"")","=BDH($D38,""MTG_GEN_CPR_6M"",""20090610"",""20090610"",""Dts=H"",""cols=1;rows=1"")","=BDH($D38,""MTG_GEN_CPR_12M"",""20090610"",""20090610"",""Dts=H"",""cols=1;rows=1"")"
31288MC23,TNTD03133397,pass-through,31288MC23 Mtge,"=BDH($D39,""MTG_GEN_CPR_3M"",""20090331"",""20090331"",""Dts=H"",""cols=1;rows=1"")","=BDH($D39,""MTG_GEN_CPR_6M"",""20090331"",""20090331"",""Dts=H"",""cols=1;rows=1"")","=BDH($D39,""MTG_GEN_CPR_12M"",""20090331"",""20090331"",""Dts=H"",""cols=1;rows=1"")","=BDH($D39,""MTG_GEN_CPR_3M"",""20090610"",""20090610"",""Dts=H"",""cols=1;rows=1"")","=BDH($D39,""MTG_GEN_CPR_6M"",""20090610"",""20090610"",""Dts=H"",""cols=1;rows=1"")","=BDH($D39,""MTG_GEN_CPR_12M"",""20090610"",""20090610"",""Dts=H"",""cols=1;rows=1"")"
31288MC31,TNTD03133398,pass-through,31288MC31 Mtge,"=BDH($D40,""MTG_GEN_CPR_3M"",""20090331"",""20090331"",""Dts=H"",""cols=1;rows=1"")","=BDH($D40,""MTG_GEN_CPR_6M"",""20090331"",""20090331"",""Dts=H"",""cols=1;rows=1"")","=BDH($D40,""MTG_GEN_CPR_12M"",""20090331"",""20090331"",""Dts=H"",""cols=1;rows=1"")","=BDH($D40,""MTG_GEN_CPR_3M"",""20090610"",""20090610"",""Dts=H"",""cols=1;rows=1"")","=BDH($D40,""MTG_GEN_CPR_6M"",""20090610"",""20090610"",""Dts=H"",""cols=1;rows=1"")","=BDH($D40,""MTG_GEN_CPR_12M"",""20090610"",""20090610"",""Dts=H"",""cols=1;rows=1"")"
3128CUHK5,TNTD03136447,pass-through,3128CUHK5 Mtge,"=BDH($D41,""MTG_GEN_CPR_3M"",""20090331"",""20090331"",""Dts=H"",""cols=1;rows=1"")","=BDH($D41,""MTG_GEN_CPR_6M"",""20090331"",""20090331"",""Dts=H"",""cols=1;rows=1"")","=BDH($D41,""MTG_GEN_CPR_12M"",""20090331"",""20090331"",""Dts=H"",""cols=1;rows=1"")","=BDH($D41,""MTG_GEN_CPR_3M"",""20090610"",""20090610"",""Dts=H"",""cols=1;rows=1"")","=BDH($D41,""MTG_GEN_CPR_6M"",""20090610"",""20090610"",""Dts=H"",""cols=1;rows=1"")","=BDH($D41,""MTG_GEN_CPR_12M"",""20090610"",""20090610"",""Dts=H"",""cols=1;rows=1"")"
3128GCP55,TNTD03122971,pass-through,3128GCP55 Mtge,"=BDH($D42,""MTG_GEN_CPR_3M"",""20090331"",""20090331"",""Dts=H"",""cols=1;rows=1"")","=BDH($D42,""MTG_GEN_CPR_6M"",""20090331"",""20090331"",""Dts=H"",""cols=1;rows=1"")","=BDH($D42,""MTG_GEN_CPR_12M"",""20090331"",""20090331"",""Dts=H"",""cols=1;rows=1"")","=BDH($D42,""MTG_GEN_CPR_3M"",""20090610"",""20090610"",""Dts=H"",""cols=1;rows=1"")","=BDH($D42,""MTG_GEN_CPR_6M"",""20090610"",""20090610"",""Dts=H"",""cols=1;rows=1"")","=BDH($D42,""MTG_GEN_CPR_12M"",""20090610"",""20090610"",""Dts=H"",""cols=1;rows=1"")"
3128GCVT6,TNTD03120309,pass-through,3128GCVT6 Mtge,"=BDH($D43,""MTG_GEN_CPR_3M"",""20090331"",""20090331"",""Dts=H"",""cols=1;rows=1"")","=BDH($D43,""MTG_GEN_CPR_6M"",""20090331"",""20090331"",""Dts=H"",""cols=1;rows=1"")","=BDH($D43,""MTG_GEN_CPR_12M"",""20090331"",""20090331"",""Dts=H"",""cols=1;rows=1"")","=BDH($D43,""MTG_GEN_CPR_3M"",""20090610"",""20090610"",""Dts=H"",""cols=1;rows=1"")","=BDH($D43,""MTG_GEN_CPR_6M"",""20090610"",""20090610"",""Dts=H"",""cols=1;rows=1"")","=BDH($D43,""MTG_GEN_CPR_12M"",""20090610"",""20090610"",""Dts=H"",""cols=1;rows=1"")"
3128GDAZ3,TNTD03121801,pass-through,3128GDAZ3 Mtge,"=BDH($D44,""MTG_GEN_CPR_3M"",""20090331"",""20090331"",""Dts=H"",""cols=1;rows=1"")","=BDH($D44,""MTG_GEN_CPR_6M"",""20090331"",""20090331"",""Dts=H"",""cols=1;rows=1"")","=BDH($D44,""MTG_GEN_CPR_12M"",""20090331"",""20090331"",""Dts=H"",""cols=1;rows=1"")","=BDH($D44,""MTG_GEN_CPR_3M"",""20090610"",""20090610"",""Dts=H"",""cols=1;rows=1"")","=BDH($D44,""MTG_GEN_CPR_6M"",""20090610"",""20090610"",""Dts=H"",""cols=1;rows=1"")","=BDH($D44,""MTG_GEN_CPR_12M"",""20090610"",""20090610"",""Dts=H"",""cols=1;rows=1"")"
3128GDPU8,TNTD03120897,pass-through,3128GDPU8 Mtge,"=BDH($D45,""MTG_GEN_CPR_3M"",""20090331"",""20090331"",""Dts=H"",""cols=1;rows=1"")","=BDH($D45,""MTG_GEN_CPR_6M"",""20090331"",""20090331"",""Dts=H"",""cols=1;rows=1"")","=BDH($D45,""MTG_GEN_CPR_12M"",""20090331"",""20090331"",""Dts=H"",""cols=1;rows=1"")","=BDH($D45,""MTG_GEN_CPR_3M"",""20090610"",""20090610"",""Dts=H"",""cols=1;rows=1"")","=BDH($D45,""MTG_GEN_CPR_6M"",""20090610"",""20090610"",""Dts=H"",""cols=1;rows=1"")","=BDH($D45,""MTG_GEN_CPR_12M"",""20090610"",""20090610"",""Dts=H"",""cols=1;rows=1"")"
3128GDQJ2,TNTD03121328,pass-through,3128GDQJ2 Mtge,"=BDH($D46,""MTG_GEN_CPR_3M"",""20090331"",""20090331"",""Dts=H"",""cols=1;rows=1"")","=BDH($D46,""MTG_GEN_CPR_6M"",""20090331"",""20090331"",""Dts=H"",""cols=1;rows=1"")","=BDH($D46,""MTG_GEN_CPR_12M"",""20090331"",""20090331"",""Dts=H"",""cols=1;rows=1"")","=BDH($D46,""MTG_GEN_CPR_3M"",""20090610"",""20090610"",""Dts=H"",""cols=1;rows=1"")","=BDH($D46,""MTG_GEN_CPR_6M"",""20090610"",""20090610"",""Dts=H"",""cols=1;rows=1"")","=BDH($D46,""MTG_GEN_CPR_12M"",""20090610"",""20090610"",""Dts=H"",""cols=1;rows=1"")"
3128GDQW3,TNTD03122968,pass-through,3128GDQW3 Mtge,"=BDH($D47,""MTG_GEN_CPR_3M"",""20090331"",""20090331"",""Dts=H"",""cols=1;rows=1"")","=BDH($D47,""MTG_GEN_CPR_6M"",""20090331"",""20090331"",""Dts=H"",""cols=1;rows=1"")","=BDH($D47,""MTG_GEN_CPR_12M"",""20090331"",""20090331"",""Dts=H"",""cols=1;rows=1"")","=BDH($D47,""MTG_GEN_CPR_3M"",""20090610"",""20090610"",""Dts=H"",""cols=1;rows=1"")","=BDH($D47,""MTG_GEN_CPR_6M"",""20090610"",""20090610"",""Dts=H"",""cols=1;rows=1"")","=BDH($D47,""MTG_GEN_CPR_12M"",""20090610"",""20090610"",""Dts=H"",""cols=1;rows=1"")"
3128GDRC6,TNTD03120159,pass-through,3128GDRC6 Mtge,"=BDH($D48,""MTG_GEN_CPR_3M"",""20090331"",""20090331"",""Dts=H"",""cols=1;rows=1"")","=BDH($D48,""MTG_GEN_CPR_6M"",""20090331"",""20090331"",""Dts=H"",""cols=1;rows=1"")","=BDH($D48,""MTG_GEN_CPR_12M"",""20090331"",""20090331"",""Dts=H"",""cols=1;rows=1"")","=BDH($D48,""MTG_GEN_CPR_3M"",""20090610"",""20090610"",""Dts=H"",""cols=1;rows=1"")","=BDH($D48,""MTG_GEN_CPR_6M"",""20090610"",""20090610"",""Dts=H"",""cols=1;rows=1"")","=BDH($D48,""MTG_GEN_CPR_12M"",""20090610"",""20090610"",""Dts=H"",""cols=1;rows=1"")"
3128GDX47,TNTD03120913,pass-through,3128GDX47 Mtge,"=BDH($D49,""MTG_GEN_CPR_3M"",""20090331"",""20090331"",""Dts=H"",""cols=1;rows=1"")","=BDH($D49,""MTG_GEN_CPR_6M"",""20090331"",""20090331"",""Dts=H"",""cols=1;rows=1"")","=BDH($D49,""MTG_GEN_CPR_12M"",""20090331"",""20090331"",""Dts=H"",""cols=1;rows=1"")","=BDH($D49,""MTG_GEN_CPR_3M"",""20090610"",""20090610"",""Dts=H"",""cols=1;rows=1"")","=BDH($D49,""MTG_GEN_CPR_6M"",""20090610"",""20090610"",""Dts=H"",""cols=1;rows=1"")","=BDH($D49,""MTG_GEN_CPR_12M"",""20090610"",""20090610"",""Dts=H"",""cols=1;rows=1"")"
3128GDZX1,TNTD03122947,pass-through,3128GDZX1 Mtge,"=BDH($D50,""MTG_GEN_CPR_3M"",""20090331"",""20090331"",""Dts=H"",""cols=1;rows=1"")","=BDH($D50,""MTG_GEN_CPR_6M"",""20090331"",""20090331"",""Dts=H"",""cols=1;rows=1"")","=BDH($D50,""MTG_GEN_CPR_12M"",""20090331"",""20090331"",""Dts=H"",""cols=1;rows=1"")","=BDH($D50,""MTG_GEN_CPR_3M"",""20090610"",""20090610"",""Dts=H"",""cols=1;rows=1"")","=BDH($D50,""MTG_GEN_CPR_6M"",""20090610"",""20090610"",""Dts=H"",""cols=1;rows=1"")","=BDH($D50,""MTG_GEN_CPR_12M"",""20090610"",""20090610"",""Dts=H"",""cols=1;rows=1"")"
3128GEAJ7,TNTD03121373,pass-through,3128GEAJ7 Mtge,"=BDH($D51,""MTG_GEN_CPR_3M"",""20090331"",""20090331"",""Dts=H"",""cols=1;rows=1"")","=BDH($D51,""MTG_GEN_CPR_6M"",""20090331"",""20090331"",""Dts=H"",""cols=1;rows=1"")","=BDH($D51,""MTG_GEN_CPR_12M"",""20090331"",""20090331"",""Dts=H"",""cols=1;rows=1"")","=BDH($D51,""MTG_GEN_CPR_3M"",""20090610"",""20090610"",""Dts=H"",""cols=1;rows=1"")","=BDH($D51,""MTG_GEN_CPR_6M"",""20090610"",""20090610"",""Dts=H"",""cols=1;rows=1"")","=BDH($D51,""MTG_GEN_CPR_12M"",""20090610"",""20090610"",""Dts=H"",""cols=1;rows=1"")"
3128GEBA5,TNTD03120902,pass-through,3128GEBA5 Mtge,"=BDH($D52,""MTG_GEN_CPR_3M"",""20090331"",""20090331"",""Dts=H"",""cols=1;rows=1"")","=BDH($D52,""MTG_GEN_CPR_6M"",""20090331"",""20090331"",""Dts=H"",""cols=1;rows=1"")","=BDH($D52,""MTG_GEN_CPR_12M"",""20090331"",""20090331"",""Dts=H"",""cols=1;rows=1"")","=BDH($D52,""MTG_GEN_CPR_3M"",""20090610"",""20090610"",""Dts=H"",""cols=1;rows=1"")","=BDH($D52,""MTG_GEN_CPR_6M"",""20090610"",""20090610"",""Dts=H"",""cols=1;rows=1"")","=BDH($D52,""MTG_GEN_CPR_12M"",""20090610"",""20090610"",""Dts=H"",""cols=1;rows=1"")"
3128GFA62,TNTD03121296,pass-through,3128GFA62 Mtge,"=BDH($D53,""MTG_GEN_CPR_3M"",""20090331"",""20090331"",""Dts=H"",""cols=1;rows=1"")","=BDH($D53,""MTG_GEN_CPR_6M"",""20090331"",""20090331"",""Dts=H"",""cols=1;rows=1"")","=BDH($D53,""MTG_GEN_CPR_12M"",""20090331"",""20090331"",""Dts=H"",""cols=1;rows=1"")","=BDH($D53,""MTG_GEN_CPR_3M"",""20090610"",""20090610"",""Dts=H"",""cols=1;rows=1"")","=BDH($D53,""MTG_GEN_CPR_6M"",""20090610"",""20090610"",""Dts=H"",""cols=1;rows=1"")","=BDH($D53,""MTG_GEN_CPR_12M"",""20090610"",""20090610"",""Dts=H"",""cols=1;rows=1"")"
3128GGA78,TNTD03121294,pass-through,3128GGA78 Mtge,"=BDH($D54,""MTG_GEN_CPR_3M"",""20090331"",""20090331"",""Dts=H"",""cols=1;rows=1"")","=BDH($D54,""MTG_GEN_CPR_6M"",""20090331"",""20090331"",""Dts=H"",""cols=1;rows=1"")","=BDH($D54,""MTG_GEN_CPR_12M"",""20090331"",""20090331"",""Dts=H"",""cols=1;rows=1"")","=BDH($D54,""MTG_GEN_CPR_3M"",""20090610"",""20090610"",""Dts=H"",""cols=1;rows=1"")","=BDH($D54,""MTG_GEN_CPR_6M"",""20090610"",""20090610"",""Dts=H"",""cols=1;rows=1"")","=BDH($D54,""MTG_GEN_CPR_12M"",""20090610"",""20090610"",""Dts=H"",""cols=1;rows=1"")"
3128GGEV1,TNTD03118526,pass-through,3128GGEV1 Mtge,"=BDH($D55,""MTG_GEN_CPR_3M"",""20090331"",""20090331"",""Dts=H"",""cols=1;rows=1"")","=BDH($D55,""MTG_GEN_CPR_6M"",""20090331"",""20090331"",""Dts=H"",""cols=1;rows=1"")","=BDH($D55,""MTG_GEN_CPR_12M"",""20090331"",""20090331"",""Dts=H"",""cols=1;rows=1"")","=BDH($D55,""MTG_GEN_CPR_3M"",""20090610"",""20090610"",""Dts=H"",""cols=1;rows=1"")","=BDH($D55,""MTG_GEN_CPR_6M"",""20090610"",""20090610"",""Dts=H"",""cols=1;rows=1"")","=BDH($D55,""MTG_GEN_CPR_12M"",""20090610"",""20090610"",""Dts=H"",""cols=1;rows=1"")"
3128GGGX5,TNTD03121795,pass-through,3128GGGX5 Mtge,"=BDH($D56,""MTG_GEN_CPR_3M"",""20090331"",""20090331"",""Dts=H"",""cols=1;rows=1"")","=BDH($D56,""MTG_GEN_CPR_6M"",""20090331"",""20090331"",""Dts=H"",""cols=1;rows=1"")","=BDH($D56,""MTG_GEN_CPR_12M"",""20090331"",""20090331"",""Dts=H"",""cols=1;rows=1"")","=BDH($D56,""MTG_GEN_CPR_3M"",""20090610"",""20090610"",""Dts=H"",""cols=1;rows=1"")","=BDH($D56,""MTG_GEN_CPR_6M"",""20090610"",""20090610"",""Dts=H"",""cols=1;rows=1"")","=BDH($D56,""MTG_GEN_CPR_12M"",""20090610"",""20090610"",""Dts=H"",""cols=1;rows=1"")"
3128GHCL3,TNTD03124070,pass-through,3128GHCL3 Mtge,"=BDH($D57,""MTG_GEN_CPR_3M"",""20090331"",""20090331"",""Dts=H"",""cols=1;rows=1"")","=BDH($D57,""MTG_GEN_CPR_6M"",""20090331"",""20090331"",""Dts=H"",""cols=1;rows=1"")","=BDH($D57,""MTG_GEN_CPR_12M"",""20090331"",""20090331"",""Dts=H"",""cols=1;rows=1"")","=BDH($D57,""MTG_GEN_CPR_3M"",""20090610"",""20090610"",""Dts=H"",""cols=1;rows=1"")","=BDH($D57,""MTG_GEN_CPR_6M"",""20090610"",""20090610"",""Dts=H"",""cols=1;rows=1"")","=BDH($D57,""MTG_GEN_CPR_12M"",""20090610"",""20090610"",""Dts=H"",""cols=1;rows=1"")"
3128GJEM5,TNTD03123967,pass-through,3128GJEM5 Mtge,"=BDH($D58,""MTG_GEN_CPR_3M"",""20090331"",""20090331"",""Dts=H"",""cols=1;rows=1"")","=BDH($D58,""MTG_GEN_CPR_6M"",""20090331"",""20090331"",""Dts=H"",""cols=1;rows=1"")","=BDH($D58,""MTG_GEN_CPR_12M"",""20090331"",""20090331"",""Dts=H"",""cols=1;rows=1"")","=BDH($D58,""MTG_GEN_CPR_3M"",""20090610"",""20090610"",""Dts=H"",""cols=1;rows=1"")","=BDH($D58,""MTG_GEN_CPR_6M"",""20090610"",""20090610"",""Dts=H"",""cols=1;rows=1"")","=BDH($D58,""MTG_GEN_CPR_12M"",""20090610"",""20090610"",""Dts=H"",""cols=1;rows=1"")"
3128GJFP7,TNTD03123966,pass-through,3128GJFP7 Mtge,"=BDH($D59,""MTG_GEN_CPR_3M"",""20090331"",""20090331"",""Dts=H"",""cols=1;rows=1"")","=BDH($D59,""MTG_GEN_CPR_6M"",""20090331"",""20090331"",""Dts=H"",""cols=1;rows=1"")","=BDH($D59,""MTG_GEN_CPR_12M"",""20090331"",""20090331"",""Dts=H"",""cols=1;rows=1"")","=BDH($D59,""MTG_GEN_CPR_3M"",""20090610"",""20090610"",""Dts=H"",""cols=1;rows=1"")","=BDH($D59,""MTG_GEN_CPR_6M"",""20090610"",""20090610"",""Dts=H"",""cols=1;rows=1"")","=BDH($D59,""MTG_GEN_CPR_12M"",""20090610"",""20090610"",""Dts=H"",""cols=1;rows=1"")"
3128GLE99,TNTD03103781,pass-through,3128GLE99 Mtge,"=BDH($D60,""MTG_GEN_CPR_3M"",""20090331"",""20090331"",""Dts=H"",""cols=1;rows=1"")","=BDH($D60,""MTG_GEN_CPR_6M"",""20090331"",""20090331"",""Dts=H"",""cols=1;rows=1"")","=BDH($D60,""MTG_GEN_CPR_12M"",""20090331"",""20090331"",""Dts=H"",""cols=1;rows=1"")","=BDH($D60,""MTG_GEN_CPR_3M"",""20090610"",""20090610"",""Dts=H"",""cols=1;rows=1"")","=BDH($D60,""MTG_GEN_CPR_6M"",""20090610"",""20090610"",""Dts=H"",""cols=1;rows=1"")","=BDH($D60,""MTG_GEN_CPR_12M"",""20090610"",""20090610"",""Dts=H"",""cols=1;rows=1"")"
3128GVEA4,TNTD03129372,pass-through,3128GVEA4 Mtge,"=BDH($D61,""MTG_GEN_CPR_3M"",""20090331"",""20090331"",""Dts=H"",""cols=1;rows=1"")","=BDH($D61,""MTG_GEN_CPR_6M"",""20090331"",""20090331"",""Dts=H"",""cols=1;rows=1"")","=BDH($D61,""MTG_GEN_CPR_12M"",""20090331"",""20090331"",""Dts=H"",""cols=1;rows=1"")","=BDH($D61,""MTG_GEN_CPR_3M"",""20090610"",""20090610"",""Dts=H"",""cols=1;rows=1"")","=BDH($D61,""MTG_GEN_CPR_6M"",""20090610"",""20090610"",""Dts=H"",""cols=1;rows=1"")","=BDH($D61,""MTG_GEN_CPR_12M"",""20090610"",""20090610"",""Dts=H"",""cols=1;rows=1"")"
3128GWD39,TNTD03129763,pass-through,3128GWD39 Mtge,"=BDH($D62,""MTG_GEN_CPR_3M"",""20090331"",""20090331"",""Dts=H"",""cols=1;rows=1"")","=BDH($D62,""MTG_GEN_CPR_6M"",""20090331"",""20090331"",""Dts=H"",""cols=1;rows=1"")","=BDH($D62,""MTG_GEN_CPR_12M"",""20090331"",""20090331"",""Dts=H"",""cols=1;rows=1"")","=BDH($D62,""MTG_GEN_CPR_3M"",""20090610"",""20090610"",""Dts=H"",""cols=1;rows=1"")","=BDH($D62,""MTG_GEN_CPR_6M"",""20090610"",""20090610"",""Dts=H"",""cols=1;rows=1"")","=BDH($D62,""MTG_GEN_CPR_12M"",""20090610"",""20090610"",""Dts=H"",""cols=1;rows=1"")"
3128GWF37,TNTD03129770,pass-through,3128GWF37 Mtge,"=BDH($D63,""MTG_GEN_CPR_3M"",""20090331"",""20090331"",""Dts=H"",""cols=1;rows=1"")","=BDH($D63,""MTG_GEN_CPR_6M"",""20090331"",""20090331"",""Dts=H"",""cols=1;rows=1"")","=BDH($D63,""MTG_GEN_CPR_12M"",""20090331"",""20090331"",""Dts=H"",""cols=1;rows=1"")","=BDH($D63,""MTG_GEN_CPR_3M"",""20090610"",""20090610"",""Dts=H"",""cols=1;rows=1"")","=BDH($D63,""MTG_GEN_CPR_6M"",""20090610"",""20090610"",""Dts=H"",""cols=1;rows=1"")","=BDH($D63,""MTG_GEN_CPR_12M"",""20090610"",""20090610"",""Dts=H"",""cols=1;rows=1"")"
3128GWX78,TNTD03131469,pass-through,3128GWX78 Mtge,"=BDH($D64,""MTG_GEN_CPR_3M"",""20090331"",""20090331"",""Dts=H"",""cols=1;rows=1"")","=BDH($D64,""MTG_GEN_CPR_6M"",""20090331"",""20090331"",""Dts=H"",""cols=1;rows=1"")","=BDH($D64,""MTG_GEN_CPR_12M"",""20090331"",""20090331"",""Dts=H"",""cols=1;rows=1"")","=BDH($D64,""MTG_GEN_CPR_3M"",""20090610"",""20090610"",""Dts=H"",""cols=1;rows=1"")","=BDH($D64,""MTG_GEN_CPR_6M"",""20090610"",""20090610"",""Dts=H"",""cols=1;rows=1"")","=BDH($D64,""MTG_GEN_CPR_12M"",""20090610"",""20090610"",""Dts=H"",""cols=1;rows=1"")"
3128H33R0,TNTD03131636,pass-through,3128H33R0 Mtge,"=BDH($D65,""MTG_GEN_CPR_3M"",""20090331"",""20090331"",""Dts=H"",""cols=1;rows=1"")","=BDH($D65,""MTG_GEN_CPR_6M"",""20090331"",""20090331"",""Dts=H"",""cols=1;rows=1"")","=BDH($D65,""MTG_GEN_CPR_12M"",""20090331"",""20090331"",""Dts=H"",""cols=1;rows=1"")","=BDH($D65,""MTG_GEN_CPR_3M"",""20090610"",""20090610"",""Dts=H"",""cols=1;rows=1"")","=BDH($D65,""MTG_GEN_CPR_6M"",""20090610"",""20090610"",""Dts=H"",""cols=1;rows=1"")","=BDH($D65,""MTG_GEN_CPR_12M"",""20090610"",""20090610"",""Dts=H"",""cols=1;rows=1"")"
3128H4XA2,TNTD03145455,pass-through,3128H4XA2 Mtge,"=BDH($D66,""MTG_GEN_CPR_3M"",""20090331"",""20090331"",""Dts=H"",""cols=1;rows=1"")","=BDH($D66,""MTG_GEN_CPR_6M"",""20090331"",""20090331"",""Dts=H"",""cols=1;rows=1"")","=BDH($D66,""MTG_GEN_CPR_12M"",""20090331"",""20090331"",""Dts=H"",""cols=1;rows=1"")","=BDH($D66,""MTG_GEN_CPR_3M"",""20090610"",""20090610"",""Dts=H"",""cols=1;rows=1"")","=BDH($D66,""MTG_GEN_CPR_6M"",""20090610"",""20090610"",""Dts=H"",""cols=1;rows=1"")","=BDH($D66,""MTG_GEN_CPR_12M"",""20090610"",""20090610"",""Dts=H"",""cols=1;rows=1"")"
3128JLW39,TNTD03147977,pass-through,3128JLW39 Mtge,"=BDH($D67,""MTG_GEN_CPR_3M"",""20090331"",""20090331"",""Dts=H"",""cols=1;rows=1"")","=BDH($D67,""MTG_GEN_CPR_6M"",""20090331"",""20090331"",""Dts=H"",""cols=1;rows=1"")","=BDH($D67,""MTG_GEN_CPR_12M"",""20090331"",""20090331"",""Dts=H"",""cols=1;rows=1"")","=BDH($D67,""MTG_GEN_CPR_3M"",""20090610"",""20090610"",""Dts=H"",""cols=1;rows=1"")","=BDH($D67,""MTG_GEN_CPR_6M"",""20090610"",""20090610"",""Dts=H"",""cols=1;rows=1"")","=BDH($D67,""MTG_GEN_CPR_12M"",""20090610"",""20090610"",""Dts=H"",""cols=1;rows=1"")"
3128JMFN2,TNTD03148127,pass-through,3128JMFN2 Mtge,"=BDH($D68,""MTG_GEN_CPR_3M"",""20090331"",""20090331"",""Dts=H"",""cols=1;rows=1"")","=BDH($D68,""MTG_GEN_CPR_6M"",""20090331"",""20090331"",""Dts=H"",""cols=1;rows=1"")","=BDH($D68,""MTG_GEN_CPR_12M"",""20090331"",""20090331"",""Dts=H"",""cols=1;rows=1"")","=BDH($D68,""MTG_GEN_CPR_3M"",""20090610"",""20090610"",""Dts=H"",""cols=1;rows=1"")","=BDH($D68,""MTG_GEN_CPR_6M"",""20090610"",""20090610"",""Dts=H"",""cols=1;rows=1"")","=BDH($D68,""MTG_GEN_CPR_12M"",""20090610"",""20090610"",""Dts=H"",""cols=1;rows=1"")"
3128JMHG5,TNTD03143785,pass-through,3128JMHG5 Mtge,"=BDH($D69,""MTG_GEN_CPR_3M"",""20090331"",""20090331"",""Dts=H"",""cols=1;rows=1"")","=BDH($D69,""MTG_GEN_CPR_6M"",""20090331"",""20090331"",""Dts=H"",""cols=1;rows=1"")","=BDH($D69,""MTG_GEN_CPR_12M"",""20090331"",""20090331"",""Dts=H"",""cols=1;rows=1"")","=BDH($D69,""MTG_GEN_CPR_3M"",""20090610"",""20090610"",""Dts=H"",""cols=1;rows=1"")","=BDH($D69,""MTG_GEN_CPR_6M"",""20090610"",""20090610"",""Dts=H"",""cols=1;rows=1"")","=BDH($D69,""MTG_GEN_CPR_12M"",""20090610"",""20090610"",""Dts=H"",""cols=1;rows=1"")"
3128JNBN4,TNTD03146708,pass-through,3128JNBN4 Mtge,"=BDH($D70,""MTG_GEN_CPR_3M"",""20090331"",""20090331"",""Dts=H"",""cols=1;rows=1"")","=BDH($D70,""MTG_GEN_CPR_6M"",""20090331"",""20090331"",""Dts=H"",""cols=1;rows=1"")","=BDH($D70,""MTG_GEN_CPR_12M"",""20090331"",""20090331"",""Dts=H"",""cols=1;rows=1"")","=BDH($D70,""MTG_GEN_CPR_3M"",""20090610"",""20090610"",""Dts=H"",""cols=1;rows=1"")","=BDH($D70,""MTG_GEN_CPR_6M"",""20090610"",""20090610"",""Dts=H"",""cols=1;rows=1"")","=BDH($D70,""MTG_GEN_CPR_12M"",""20090610"",""20090610"",""Dts=H"",""cols=1;rows=1"")"
3128JRPE0,TNTD03229114,pass-through,3128JRPE0 Mtge,"=BDH($D71,""MTG_GEN_CPR_3M"",""20090331"",""20090331"",""Dts=H"",""cols=1;rows=1"")","=BDH($D71,""MTG_GEN_CPR_6M"",""20090331"",""20090331"",""Dts=H"",""cols=1;rows=1"")","=BDH($D71,""MTG_GEN_CPR_12M"",""20090331"",""20090331"",""Dts=H"",""cols=1;rows=1"")","=BDH($D71,""MTG_GEN_CPR_3M"",""20090610"",""20090610"",""Dts=H"",""cols=1;rows=1"")","=BDH($D71,""MTG_GEN_CPR_6M"",""20090610"",""20090610"",""Dts=H"",""cols=1;rows=1"")","=BDH($D71,""MTG_GEN_CPR_12M"",""20090610"",""20090610"",""Dts=H"",""cols=1;rows=1"")"
3128K3ZC4,TNTD03148451,pass-through,3128K3ZC4 Mtge,"=BDH($D72,""MTG_GEN_CPR_3M"",""20090331"",""20090331"",""Dts=H"",""cols=1;rows=1"")","=BDH($D72,""MTG_GEN_CPR_6M"",""20090331"",""20090331"",""Dts=H"",""cols=1;rows=1"")","=BDH($D72,""MTG_GEN_CPR_12M"",""20090331"",""20090331"",""Dts=H"",""cols=1;rows=1"")","=BDH($D72,""MTG_GEN_CPR_3M"",""20090610"",""20090610"",""Dts=H"",""cols=1;rows=1"")","=BDH($D72,""MTG_GEN_CPR_6M"",""20090610"",""20090610"",""Dts=H"",""cols=1;rows=1"")","=BDH($D72,""MTG_GEN_CPR_12M"",""20090610"",""20090610"",""Dts=H"",""cols=1;rows=1"")"
3128K7DW5,TNTD03145979,pass-through,3128K7DW5 Mtge,"=BDH($D73,""MTG_GEN_CPR_3M"",""20090331"",""20090331"",""Dts=H"",""cols=1;rows=1"")","=BDH($D73,""MTG_GEN_CPR_6M"",""20090331"",""20090331"",""Dts=H"",""cols=1;rows=1"")","=BDH($D73,""MTG_GEN_CPR_12M"",""20090331"",""20090331"",""Dts=H"",""cols=1;rows=1"")","=BDH($D73,""MTG_GEN_CPR_3M"",""20090610"",""20090610"",""Dts=H"",""cols=1;rows=1"")","=BDH($D73,""MTG_GEN_CPR_6M"",""20090610"",""20090610"",""Dts=H"",""cols=1;rows=1"")","=BDH($D73,""MTG_GEN_CPR_12M"",""20090610"",""20090610"",""Dts=H"",""cols=1;rows=1"")"
3128KDAY1,TNTD03150014,pass-through,3128KDAY1 Mtge,"=BDH($D74,""MTG_GEN_CPR_3M"",""20090331"",""20090331"",""Dts=H"",""cols=1;rows=1"")","=BDH($D74,""MTG_GEN_CPR_6M"",""20090331"",""20090331"",""Dts=H"",""cols=1;rows=1"")","=BDH($D74,""MTG_GEN_CPR_12M"",""20090331"",""20090331"",""Dts=H"",""cols=1;rows=1"")","=BDH($D74,""MTG_GEN_CPR_3M"",""20090610"",""20090610"",""Dts=H"",""cols=1;rows=1"")","=BDH($D74,""MTG_GEN_CPR_6M"",""20090610"",""20090610"",""Dts=H"",""cols=1;rows=1"")","=BDH($D74,""MTG_GEN_CPR_12M"",""20090610"",""20090610"",""Dts=H"",""cols=1;rows=1"")"
3128KWMW0,TNTD03143471,pass-through,3128KWMW0 Mtge,"=BDH($D75,""MTG_GEN_CPR_3M"",""20090331"",""20090331"",""Dts=H"",""cols=1;rows=1"")","=BDH($D75,""MTG_GEN_CPR_6M"",""20090331"",""20090331"",""Dts=H"",""cols=1;rows=1"")","=BDH($D75,""MTG_GEN_CPR_12M"",""20090331"",""20090331"",""Dts=H"",""cols=1;rows=1"")","=BDH($D75,""MTG_GEN_CPR_3M"",""20090610"",""20090610"",""Dts=H"",""cols=1;rows=1"")","=BDH($D75,""MTG_GEN_CPR_6M"",""20090610"",""20090610"",""Dts=H"",""cols=1;rows=1"")","=BDH($D75,""MTG_GEN_CPR_12M"",""20090610"",""20090610"",""Dts=H"",""cols=1;rows=1"")"
3128L7UY1,TNTD03152946,pass-through,3128L7UY1 Mtge,"=BDH($D76,""MTG_GEN_CPR_3M"",""20090331"",""20090331"",""Dts=H"",""cols=1;rows=1"")","=BDH($D76,""MTG_GEN_CPR_6M"",""20090331"",""20090331"",""Dts=H"",""cols=1;rows=1"")","=BDH($D76,""MTG_GEN_CPR_12M"",""20090331"",""20090331"",""Dts=H"",""cols=1;rows=1"")","=BDH($D76,""MTG_GEN_CPR_3M"",""20090610"",""20090610"",""Dts=H"",""cols=1;rows=1"")","=BDH($D76,""MTG_GEN_CPR_6M"",""20090610"",""20090610"",""Dts=H"",""cols=1;rows=1"")","=BDH($D76,""MTG_GEN_CPR_12M"",""20090610"",""20090610"",""Dts=H"",""cols=1;rows=1"")"
3128L8QS7,TNTD03152951,pass-through,3128L8QS7 Mtge,"=BDH($D77,""MTG_GEN_CPR_3M"",""20090331"",""20090331"",""Dts=H"",""cols=1;rows=1"")","=BDH($D77,""MTG_GEN_CPR_6M"",""20090331"",""20090331"",""Dts=H"",""cols=1;rows=1"")","=BDH($D77,""MTG_GEN_CPR_12M"",""20090331"",""20090331"",""Dts=H"",""cols=1;rows=1"")","=BDH($D77,""MTG_GEN_CPR_3M"",""20090610"",""20090610"",""Dts=H"",""cols=1;rows=1"")","=BDH($D77,""MTG_GEN_CPR_6M"",""20090610"",""20090610"",""Dts=H"",""cols=1;rows=1"")","=BDH($D77,""MTG_GEN_CPR_12M"",""20090610"",""20090610"",""Dts=H"",""cols=1;rows=1"")"
3128LDMN1,TNTD03173779,pass-through,3128LDMN1 Mtge,"=BDH($D78,""MTG_GEN_CPR_3M"",""20090331"",""20090331"",""Dts=H"",""cols=1;rows=1"")","=BDH($D78,""MTG_GEN_CPR_6M"",""20090331"",""20090331"",""Dts=H"",""cols=1;rows=1"")","=BDH($D78,""MTG_GEN_CPR_12M"",""20090331"",""20090331"",""Dts=H"",""cols=1;rows=1"")","=BDH($D78,""MTG_GEN_CPR_3M"",""20090610"",""20090610"",""Dts=H"",""cols=1;rows=1"")","=BDH($D78,""MTG_GEN_CPR_6M"",""20090610"",""20090610"",""Dts=H"",""cols=1;rows=1"")","=BDH($D78,""MTG_GEN_CPR_12M"",""20090610"",""20090610"",""Dts=H"",""cols=1;rows=1"")"
3128LDPL2,TNTD03188379,pass-through,3128LDPL2 Mtge,"=BDH($D79,""MTG_GEN_CPR_3M"",""20090331"",""20090331"",""Dts=H"",""cols=1;rows=1"")","=BDH($D79,""MTG_GEN_CPR_6M"",""20090331"",""20090331"",""Dts=H"",""cols=1;rows=1"")","=BDH($D79,""MTG_GEN_CPR_12M"",""20090331"",""20090331"",""Dts=H"",""cols=1;rows=1"")","=BDH($D79,""MTG_GEN_CPR_3M"",""20090610"",""20090610"",""Dts=H"",""cols=1;rows=1"")","=BDH($D79,""MTG_GEN_CPR_6M"",""20090610"",""20090610"",""Dts=H"",""cols=1;rows=1"")","=BDH($D79,""MTG_GEN_CPR_12M"",""20090610"",""20090610"",""Dts=H"",""cols=1;rows=1"")"
3128LUSW7,TNTD03143314,pass-through,3128LUSW7 Mtge,"=BDH($D80,""MTG_GEN_CPR_3M"",""20090331"",""20090331"",""Dts=H"",""cols=1;rows=1"")","=BDH($D80,""MTG_GEN_CPR_6M"",""20090331"",""20090331"",""Dts=H"",""cols=1;rows=1"")","=BDH($D80,""MTG_GEN_CPR_12M"",""20090331"",""20090331"",""Dts=H"",""cols=1;rows=1"")","=BDH($D80,""MTG_GEN_CPR_3M"",""20090610"",""20090610"",""Dts=H"",""cols=1;rows=1"")","=BDH($D80,""MTG_GEN_CPR_6M"",""20090610"",""20090610"",""Dts=H"",""cols=1;rows=1"")","=BDH($D80,""MTG_GEN_CPR_12M"",""20090610"",""20090610"",""Dts=H"",""cols=1;rows=1"")"
3128LXDE7,TNTD03147334,pass-through,3128LXDE7 Mtge,"=BDH($D81,""MTG_GEN_CPR_3M"",""20090331"",""20090331"",""Dts=H"",""cols=1;rows=1"")","=BDH($D81,""MTG_GEN_CPR_6M"",""20090331"",""20090331"",""Dts=H"",""cols=1;rows=1"")","=BDH($D81,""MTG_GEN_CPR_12M"",""20090331"",""20090331"",""Dts=H"",""cols=1;rows=1"")","=BDH($D81,""MTG_GEN_CPR_3M"",""20090610"",""20090610"",""Dts=H"",""cols=1;rows=1"")","=BDH($D81,""MTG_GEN_CPR_6M"",""20090610"",""20090610"",""Dts=H"",""cols=1;rows=1"")","=BDH($D81,""MTG_GEN_CPR_12M"",""20090610"",""20090610"",""Dts=H"",""cols=1;rows=1"")"
3128M1B81,TNTD03179856,pass-through,3128M1B81 Mtge,"=BDH($D82,""MTG_GEN_CPR_3M"",""20090331"",""20090331"",""Dts=H"",""cols=1;rows=1"")","=BDH($D82,""MTG_GEN_CPR_6M"",""20090331"",""20090331"",""Dts=H"",""cols=1;rows=1"")","=BDH($D82,""MTG_GEN_CPR_12M"",""20090331"",""20090331"",""Dts=H"",""cols=1;rows=1"")","=BDH($D82,""MTG_GEN_CPR_3M"",""20090610"",""20090610"",""Dts=H"",""cols=1;rows=1"")","=BDH($D82,""MTG_GEN_CPR_6M"",""20090610"",""20090610"",""Dts=H"",""cols=1;rows=1"")","=BDH($D82,""MTG_GEN_CPR_12M"",""20090610"",""20090610"",""Dts=H"",""cols=1;rows=1"")"
3128M1L80,TNTD03150106,pass-through,3128M1L80 Mtge,"=BDH($D83,""MTG_GEN_CPR_3M"",""20090331"",""20090331"",""Dts=H"",""cols=1;rows=1"")","=BDH($D83,""MTG_GEN_CPR_6M"",""20090331"",""20090331"",""Dts=H"",""cols=1;rows=1"")","=BDH($D83,""MTG_GEN_CPR_12M"",""20090331"",""20090331"",""Dts=H"",""cols=1;rows=1"")","=BDH($D83,""MTG_GEN_CPR_3M"",""20090610"",""20090610"",""Dts=H"",""cols=1;rows=1"")","=BDH($D83,""MTG_GEN_CPR_6M"",""20090610"",""20090610"",""Dts=H"",""cols=1;rows=1"")","=BDH($D83,""MTG_GEN_CPR_12M"",""20090610"",""20090610"",""Dts=H"",""cols=1;rows=1"")"
3128M4NJ8,TNTD03133905,pass-through,3128M4NJ8 Mtge,"=BDH($D84,""MTG_GEN_CPR_3M"",""20090331"",""20090331"",""Dts=H"",""cols=1;rows=1"")","=BDH($D84,""MTG_GEN_CPR_6M"",""20090331"",""20090331"",""Dts=H"",""cols=1;rows=1"")","=BDH($D84,""MTG_GEN_CPR_12M"",""20090331"",""20090331"",""Dts=H"",""cols=1;rows=1"")","=BDH($D84,""MTG_GEN_CPR_3M"",""20090610"",""20090610"",""Dts=H"",""cols=1;rows=1"")","=BDH($D84,""MTG_GEN_CPR_6M"",""20090610"",""20090610"",""Dts=H"",""cols=1;rows=1"")","=BDH($D84,""MTG_GEN_CPR_12M"",""20090610"",""20090610"",""Dts=H"",""cols=1;rows=1"")"
3128M4VW0,TNTD03149461,pass-through,3128M4VW0 Mtge,"=BDH($D85,""MTG_GEN_CPR_3M"",""20090331"",""20090331"",""Dts=H"",""cols=1;rows=1"")","=BDH($D85,""MTG_GEN_CPR_6M"",""20090331"",""20090331"",""Dts=H"",""cols=1;rows=1"")","=BDH($D85,""MTG_GEN_CPR_12M"",""20090331"",""20090331"",""Dts=H"",""cols=1;rows=1"")","=BDH($D85,""MTG_GEN_CPR_3M"",""20090610"",""20090610"",""Dts=H"",""cols=1;rows=1"")","=BDH($D85,""MTG_GEN_CPR_6M"",""20090610"",""20090610"",""Dts=H"",""cols=1;rows=1"")","=BDH($D85,""MTG_GEN_CPR_12M"",""20090610"",""20090610"",""Dts=H"",""cols=1;rows=1"")"
3128M5ED8,TNTD03151841,pass-through,3128M5ED8 Mtge,"=BDH($D86,""MTG_GEN_CPR_3M"",""20090331"",""20090331"",""Dts=H"",""cols=1;rows=1"")","=BDH($D86,""MTG_GEN_CPR_6M"",""20090331"",""20090331"",""Dts=H"",""cols=1;rows=1"")","=BDH($D86,""MTG_GEN_CPR_12M"",""20090331"",""20090331"",""Dts=H"",""cols=1;rows=1"")","=BDH($D86,""MTG_GEN_CPR_3M"",""20090610"",""20090610"",""Dts=H"",""cols=1;rows=1"")","=BDH($D86,""MTG_GEN_CPR_6M"",""20090610"",""20090610"",""Dts=H"",""cols=1;rows=1"")","=BDH($D86,""MTG_GEN_CPR_12M"",""20090610"",""20090610"",""Dts=H"",""cols=1;rows=1"")"
3128M6AX6,TNTD03188617,pass-through,3128M6AX6 Mtge,"=BDH($D87,""MTG_GEN_CPR_3M"",""20090331"",""20090331"",""Dts=H"",""cols=1;rows=1"")","=BDH($D87,""MTG_GEN_CPR_6M"",""20090331"",""20090331"",""Dts=H"",""cols=1;rows=1"")","=BDH($D87,""MTG_GEN_CPR_12M"",""20090331"",""20090331"",""Dts=H"",""cols=1;rows=1"")","=BDH($D87,""MTG_GEN_CPR_3M"",""20090610"",""20090610"",""Dts=H"",""cols=1;rows=1"")","=BDH($D87,""MTG_GEN_CPR_6M"",""20090610"",""20090610"",""Dts=H"",""cols=1;rows=1"")","=BDH($D87,""MTG_GEN_CPR_12M"",""20090610"",""20090610"",""Dts=H"",""cols=1;rows=1"")"
3128M6LZ9,TNTD03181292,pass-through,3128M6LZ9 Mtge,"=BDH($D88,""MTG_GEN_CPR_3M"",""20090331"",""20090331"",""Dts=H"",""cols=1;rows=1"")","=BDH($D88,""MTG_GEN_CPR_6M"",""20090331"",""20090331"",""Dts=H"",""cols=1;rows=1"")","=BDH($D88,""MTG_GEN_CPR_12M"",""20090331"",""20090331"",""Dts=H"",""cols=1;rows=1"")","=BDH($D88,""MTG_GEN_CPR_3M"",""20090610"",""20090610"",""Dts=H"",""cols=1;rows=1"")","=BDH($D88,""MTG_GEN_CPR_6M"",""20090610"",""20090610"",""Dts=H"",""cols=1;rows=1"")","=BDH($D88,""MTG_GEN_CPR_12M"",""20090610"",""20090610"",""Dts=H"",""cols=1;rows=1"")"
3128M6Q92,TNTD03187513,pass-through,3128M6Q92 Mtge,"=BDH($D89,""MTG_GEN_CPR_3M"",""20090331"",""20090331"",""Dts=H"",""cols=1;rows=1"")","=BDH($D89,""MTG_GEN_CPR_6M"",""20090331"",""20090331"",""Dts=H"",""cols=1;rows=1"")","=BDH($D89,""MTG_GEN_CPR_12M"",""20090331"",""20090331"",""Dts=H"",""cols=1;rows=1"")","=BDH($D89,""MTG_GEN_CPR_3M"",""20090610"",""20090610"",""Dts=H"",""cols=1;rows=1"")","=BDH($D89,""MTG_GEN_CPR_6M"",""20090610"",""20090610"",""Dts=H"",""cols=1;rows=1"")","=BDH($D89,""MTG_GEN_CPR_12M"",""20090610"",""20090610"",""Dts=H"",""cols=1;rows=1"")"
3128M6RS9,TNTD03188816,pass-through,3128M6RS9 Mtge,"=BDH($D90,""MTG_GEN_CPR_3M"",""20090331"",""20090331"",""Dts=H"",""cols=1;rows=1"")","=BDH($D90,""MTG_GEN_CPR_6M"",""20090331"",""20090331"",""Dts=H"",""cols=1;rows=1"")","=BDH($D90,""MTG_GEN_CPR_12M"",""20090331"",""20090331"",""Dts=H"",""cols=1;rows=1"")","=BDH($D90,""MTG_GEN_CPR_3M"",""20090610"",""20090610"",""Dts=H"",""cols=1;rows=1"")","=BDH($D90,""MTG_GEN_CPR_6M"",""20090610"",""20090610"",""Dts=H"",""cols=1;rows=1"")","=BDH($D90,""MTG_GEN_CPR_12M"",""20090610"",""20090610"",""Dts=H"",""cols=1;rows=1"")"
3128M6UU0,TNTD03199481,pass-through,3128M6UU0 Mtge,"=BDH($D91,""MTG_GEN_CPR_3M"",""20090331"",""20090331"",""Dts=H"",""cols=1;rows=1"")","=BDH($D91,""MTG_GEN_CPR_6M"",""20090331"",""20090331"",""Dts=H"",""cols=1;rows=1"")","=BDH($D91,""MTG_GEN_CPR_12M"",""20090331"",""20090331"",""Dts=H"",""cols=1;rows=1"")","=BDH($D91,""MTG_GEN_CPR_3M"",""20090610"",""20090610"",""Dts=H"",""cols=1;rows=1"")","=BDH($D91,""MTG_GEN_CPR_6M"",""20090610"",""20090610"",""Dts=H"",""cols=1;rows=1"")","=BDH($D91,""MTG_GEN_CPR_12M"",""20090610"",""20090610"",""Dts=H"",""cols=1;rows=1"")"
3128MB3A3,TNTD03203093,pass-through,3128MB3A3 Mtge,"=BDH($D92,""MTG_GEN_CPR_3M"",""20090331"",""20090331"",""Dts=H"",""cols=1;rows=1"")","=BDH($D92,""MTG_GEN_CPR_6M"",""20090331"",""20090331"",""Dts=H"",""cols=1;rows=1"")","=BDH($D92,""MTG_GEN_CPR_12M"",""20090331"",""20090331"",""Dts=H"",""cols=1;rows=1"")","=BDH($D92,""MTG_GEN_CPR_3M"",""20090610"",""20090610"",""Dts=H"",""cols=1;rows=1"")","=BDH($D92,""MTG_GEN_CPR_6M"",""20090610"",""20090610"",""Dts=H"",""cols=1;rows=1"")","=BDH($D92,""MTG_GEN_CPR_12M"",""20090610"",""20090610"",""Dts=H"",""cols=1;rows=1"")"
3128MB5P8,TNTD03220497,pass-through,3128MB5P8 Mtge,"=BDH($D93,""MTG_GEN_CPR_3M"",""20090331"",""20090331"",""Dts=H"",""cols=1;rows=1"")","=BDH($D93,""MTG_GEN_CPR_6M"",""20090331"",""20090331"",""Dts=H"",""cols=1;rows=1"")","=BDH($D93,""MTG_GEN_CPR_12M"",""20090331"",""20090331"",""Dts=H"",""cols=1;rows=1"")","=BDH($D93,""MTG_GEN_CPR_3M"",""20090610"",""20090610"",""Dts=H"",""cols=1;rows=1"")","=BDH($D93,""MTG_GEN_CPR_6M"",""20090610"",""20090610"",""Dts=H"",""cols=1;rows=1"")","=BDH($D93,""MTG_GEN_CPR_12M"",""20090610"",""20090610"",""Dts=H"",""cols=1;rows=1"")"
3128MBH26,TNTD03142978,pass-through,3128MBH26 Mtge,"=BDH($D94,""MTG_GEN_CPR_3M"",""20090331"",""20090331"",""Dts=H"",""cols=1;rows=1"")","=BDH($D94,""MTG_GEN_CPR_6M"",""20090331"",""20090331"",""Dts=H"",""cols=1;rows=1"")","=BDH($D94,""MTG_GEN_CPR_12M"",""20090331"",""20090331"",""Dts=H"",""cols=1;rows=1"")","=BDH($D94,""MTG_GEN_CPR_3M"",""20090610"",""20090610"",""Dts=H"",""cols=1;rows=1"")","=BDH($D94,""MTG_GEN_CPR_6M"",""20090610"",""20090610"",""Dts=H"",""cols=1;rows=1"")","=BDH($D94,""MTG_GEN_CPR_12M"",""20090610"",""20090610"",""Dts=H"",""cols=1;rows=1"")"
3128MBJS7,TNTD03142953,pass-through,3128MBJS7 Mtge,"=BDH($D95,""MTG_GEN_CPR_3M"",""20090331"",""20090331"",""Dts=H"",""cols=1;rows=1"")","=BDH($D95,""MTG_GEN_CPR_6M"",""20090331"",""20090331"",""Dts=H"",""cols=1;rows=1"")","=BDH($D95,""MTG_GEN_CPR_12M"",""20090331"",""20090331"",""Dts=H"",""cols=1;rows=1"")","=BDH($D95,""MTG_GEN_CPR_3M"",""20090610"",""20090610"",""Dts=H"",""cols=1;rows=1"")","=BDH($D95,""MTG_GEN_CPR_6M"",""20090610"",""20090610"",""Dts=H"",""cols=1;rows=1"")","=BDH($D95,""MTG_GEN_CPR_12M"",""20090610"",""20090610"",""Dts=H"",""cols=1;rows=1"")"
3128MBZR1,TNTD03183367,pass-through,3128MBZR1 Mtge,"=BDH($D96,""MTG_GEN_CPR_3M"",""20090331"",""20090331"",""Dts=H"",""cols=1;rows=1"")","=BDH($D96,""MTG_GEN_CPR_6M"",""20090331"",""20090331"",""Dts=H"",""cols=1;rows=1"")","=BDH($D96,""MTG_GEN_CPR_12M"",""20090331"",""20090331"",""Dts=H"",""cols=1;rows=1"")","=BDH($D96,""MTG_GEN_CPR_3M"",""20090610"",""20090610"",""Dts=H"",""cols=1;rows=1"")","=BDH($D96,""MTG_GEN_CPR_6M"",""20090610"",""20090610"",""Dts=H"",""cols=1;rows=1"")","=BDH($D96,""MTG_GEN_CPR_12M"",""20090610"",""20090610"",""Dts=H"",""cols=1;rows=1"")"
3128NFL70,TNTD03142980,pass-through,3128NFL70 Mtge,"=BDH($D97,""MTG_GEN_CPR_3M"",""20090331"",""20090331"",""Dts=H"",""cols=1;rows=1"")","=BDH($D97,""MTG_GEN_CPR_6M"",""20090331"",""20090331"",""Dts=H"",""cols=1;rows=1"")","=BDH($D97,""MTG_GEN_CPR_12M"",""20090331"",""20090331"",""Dts=H"",""cols=1;rows=1"")","=BDH($D97,""MTG_GEN_CPR_3M"",""20090610"",""20090610"",""Dts=H"",""cols=1;rows=1"")","=BDH($D97,""MTG_GEN_CPR_6M"",""20090610"",""20090610"",""Dts=H"",""cols=1;rows=1"")","=BDH($D97,""MTG_GEN_CPR_12M"",""20090610"",""20090610"",""Dts=H"",""cols=1;rows=1"")"
3128NGEM3,TNTD03228255,pass-through,3128NGEM3 Mtge,"=BDH($D98,""MTG_GEN_CPR_3M"",""20090331"",""20090331"",""Dts=H"",""cols=1;rows=1"")","=BDH($D98,""MTG_GEN_CPR_6M"",""20090331"",""20090331"",""Dts=H"",""cols=1;rows=1"")","=BDH($D98,""MTG_GEN_CPR_12M"",""20090331"",""20090331"",""Dts=H"",""cols=1;rows=1"")","=BDH($D98,""MTG_GEN_CPR_3M"",""20090610"",""20090610"",""Dts=H"",""cols=1;rows=1"")","=BDH($D98,""MTG_GEN_CPR_6M"",""20090610"",""20090610"",""Dts=H"",""cols=1;rows=1"")","=BDH($D98,""MTG_GEN_CPR_12M"",""20090610"",""20090610"",""Dts=H"",""cols=1;rows=1"")"
3128NGF75,TNTD03137050,pass-through,3128NGF75 Mtge,"=BDH($D99,""MTG_GEN_CPR_3M"",""20090331"",""20090331"",""Dts=H"",""cols=1;rows=1"")","=BDH($D99,""MTG_GEN_CPR_6M"",""20090331"",""20090331"",""Dts=H"",""cols=1;rows=1"")","=BDH($D99,""MTG_GEN_CPR_12M"",""20090331"",""20090331"",""Dts=H"",""cols=1;rows=1"")","=BDH($D99,""MTG_GEN_CPR_3M"",""20090610"",""20090610"",""Dts=H"",""cols=1;rows=1"")","=BDH($D99,""MTG_GEN_CPR_6M"",""20090610"",""20090610"",""Dts=H"",""cols=1;rows=1"")","=BDH($D99,""MTG_GEN_CPR_12M"",""20090610"",""20090610"",""Dts=H"",""cols=1;rows=1"")"
3128NHP98,TNTD03134039,pass-through,3128NHP98 Mtge,"=BDH($D100,""MTG_GEN_CPR_3M"",""20090331"",""20090331"",""Dts=H"",""cols=1;rows=1"")","=BDH($D100,""MTG_GEN_CPR_6M"",""20090331"",""20090331"",""Dts=H"",""cols=1;rows=1"")","=BDH($D100,""MTG_GEN_CPR_12M"",""20090331"",""20090331"",""Dts=H"",""cols=1;rows=1"")","=BDH($D100,""MTG_GEN_CPR_3M"",""20090610"",""20090610"",""Dts=H"",""cols=1;rows=1"")","=BDH($D100,""MTG_GEN_CPR_6M"",""20090610"",""20090610"",""Dts=H"",""cols=1;rows=1"")","=BDH($D100,""MTG_GEN_CPR_12M"",""20090610"",""20090610"",""Dts=H"",""cols=1;rows=1"")"
3128NHUD3,TNTD03129030,pass-through,3128NHUD3 Mtge,"=BDH($D101,""MTG_GEN_CPR_3M"",""20090331"",""20090331"",""Dts=H"",""cols=1;rows=1"")","=BDH($D101,""MTG_GEN_CPR_6M"",""20090331"",""20090331"",""Dts=H"",""cols=1;rows=1"")","=BDH($D101,""MTG_GEN_CPR_12M"",""20090331"",""20090331"",""Dts=H"",""cols=1;rows=1"")","=BDH($D101,""MTG_GEN_CPR_3M"",""20090610"",""20090610"",""Dts=H"",""cols=1;rows=1"")","=BDH($D101,""MTG_GEN_CPR_6M"",""20090610"",""20090610"",""Dts=H"",""cols=1;rows=1"")","=BDH($D101,""MTG_GEN_CPR_12M"",""20090610"",""20090610"",""Dts=H"",""cols=1;rows=1"")"
3128P7LU5,TNTD03226710,pass-through,3128P7LU5 Mtge,"=BDH($D102,""MTG_GEN_CPR_3M"",""20090331"",""20090331"",""Dts=H"",""cols=1;rows=1"")","=BDH($D102,""MTG_GEN_CPR_6M"",""20090331"",""20090331"",""Dts=H"",""cols=1;rows=1"")","=BDH($D102,""MTG_GEN_CPR_12M"",""20090331"",""20090331"",""Dts=H"",""cols=1;rows=1"")","=BDH($D102,""MTG_GEN_CPR_3M"",""20090610"",""20090610"",""Dts=H"",""cols=1;rows=1"")","=BDH($D102,""MTG_GEN_CPR_6M"",""20090610"",""20090610"",""Dts=H"",""cols=1;rows=1"")","=BDH($D102,""MTG_GEN_CPR_12M"",""20090610"",""20090610"",""Dts=H"",""cols=1;rows=1"")"
3128PLP22,TNTD03181877,pass-through,3128PLP22 Mtge,"=BDH($D103,""MTG_GEN_CPR_3M"",""20090331"",""20090331"",""Dts=H"",""cols=1;rows=1"")","=BDH($D103,""MTG_GEN_CPR_6M"",""20090331"",""20090331"",""Dts=H"",""cols=1;rows=1"")","=BDH($D103,""MTG_GEN_CPR_12M"",""20090331"",""20090331"",""Dts=H"",""cols=1;rows=1"")","=BDH($D103,""MTG_GEN_CPR_3M"",""20090610"",""20090610"",""Dts=H"",""cols=1;rows=1"")","=BDH($D103,""MTG_GEN_CPR_6M"",""20090610"",""20090610"",""Dts=H"",""cols=1;rows=1"")","=BDH($D103,""MTG_GEN_CPR_12M"",""20090610"",""20090610"",""Dts=H"",""cols=1;rows=1"")"
3128PPAR4,TNTD03145303,pass-through,3128PPAR4 Mtge,"=BDH($D104,""MTG_GEN_CPR_3M"",""20090331"",""20090331"",""Dts=H"",""cols=1;rows=1"")","=BDH($D104,""MTG_GEN_CPR_6M"",""20090331"",""20090331"",""Dts=H"",""cols=1;rows=1"")","=BDH($D104,""MTG_GEN_CPR_12M"",""20090331"",""20090331"",""Dts=H"",""cols=1;rows=1"")","=BDH($D104,""MTG_GEN_CPR_3M"",""20090610"",""20090610"",""Dts=H"",""cols=1;rows=1"")","=BDH($D104,""MTG_GEN_CPR_6M"",""20090610"",""20090610"",""Dts=H"",""cols=1;rows=1"")","=BDH($D104,""MTG_GEN_CPR_12M"",""20090610"",""20090610"",""Dts=H"",""cols=1;rows=1"")"
3128PPAS2,TNTD03145302,pass-through,3128PPAS2 Mtge,"=BDH($D105,""MTG_GEN_CPR_3M"",""20090331"",""20090331"",""Dts=H"",""cols=1;rows=1"")","=BDH($D105,""MTG_GEN_CPR_6M"",""20090331"",""20090331"",""Dts=H"",""cols=1;rows=1"")","=BDH($D105,""MTG_GEN_CPR_12M"",""20090331"",""20090331"",""Dts=H"",""cols=1;rows=1"")","=BDH($D105,""MTG_GEN_CPR_3M"",""20090610"",""20090610"",""Dts=H"",""cols=1;rows=1"")","=BDH($D105,""MTG_GEN_CPR_6M"",""20090610"",""20090610"",""Dts=H"",""cols=1;rows=1"")","=BDH($D105,""MTG_GEN_CPR_12M"",""20090610"",""20090610"",""Dts=H"",""cols=1;rows=1"")"
3128Q2GG2,TNTD03186552,pass-through,3128Q2GG2 Mtge,"=BDH($D106,""MTG_GEN_CPR_3M"",""20090331"",""20090331"",""Dts=H"",""cols=1;rows=1"")","=BDH($D106,""MTG_GEN_CPR_6M"",""20090331"",""20090331"",""Dts=H"",""cols=1;rows=1"")","=BDH($D106,""MTG_GEN_CPR_12M"",""20090331"",""20090331"",""Dts=H"",""cols=1;rows=1"")","=BDH($D106,""MTG_GEN_CPR_3M"",""20090610"",""20090610"",""Dts=H"",""cols=1;rows=1"")","=BDH($D106,""MTG_GEN_CPR_6M"",""20090610"",""20090610"",""Dts=H"",""cols=1;rows=1"")","=BDH($D106,""MTG_GEN_CPR_12M"",""20090610"",""20090610"",""Dts=H"",""cols=1;rows=1"")"
3128QGMM1,TNTD03133730,pass-through,3128QGMM1 Mtge,"=BDH($D107,""MTG_GEN_CPR_3M"",""20090331"",""20090331"",""Dts=H"",""cols=1;rows=1"")","=BDH($D107,""MTG_GEN_CPR_6M"",""20090331"",""20090331"",""Dts=H"",""cols=1;rows=1"")","=BDH($D107,""MTG_GEN_CPR_12M"",""20090331"",""20090331"",""Dts=H"",""cols=1;rows=1"")","=BDH($D107,""MTG_GEN_CPR_3M"",""20090610"",""20090610"",""Dts=H"",""cols=1;rows=1"")","=BDH($D107,""MTG_GEN_CPR_6M"",""20090610"",""20090610"",""Dts=H"",""cols=1;rows=1"")","=BDH($D107,""MTG_GEN_CPR_12M"",""20090610"",""20090610"",""Dts=H"",""cols=1;rows=1"")"
3128QHVC1,TNTD03136994,pass-through,3128QHVC1 Mtge,"=BDH($D108,""MTG_GEN_CPR_3M"",""20090331"",""20090331"",""Dts=H"",""cols=1;rows=1"")","=BDH($D108,""MTG_GEN_CPR_6M"",""20090331"",""20090331"",""Dts=H"",""cols=1;rows=1"")","=BDH($D108,""MTG_GEN_CPR_12M"",""20090331"",""20090331"",""Dts=H"",""cols=1;rows=1"")","=BDH($D108,""MTG_GEN_CPR_3M"",""20090610"",""20090610"",""Dts=H"",""cols=1;rows=1"")","=BDH($D108,""MTG_GEN_CPR_6M"",""20090610"",""20090610"",""Dts=H"",""cols=1;rows=1"")","=BDH($D108,""MTG_GEN_CPR_12M"",""20090610"",""20090610"",""Dts=H"",""cols=1;rows=1"")"
3128QJ4M5,TNTD03152489,pass-through,3128QJ4M5 Mtge,"=BDH($D109,""MTG_GEN_CPR_3M"",""20090331"",""20090331"",""Dts=H"",""cols=1;rows=1"")","=BDH($D109,""MTG_GEN_CPR_6M"",""20090331"",""20090331"",""Dts=H"",""cols=1;rows=1"")","=BDH($D109,""MTG_GEN_CPR_12M"",""20090331"",""20090331"",""Dts=H"",""cols=1;rows=1"")","=BDH($D109,""MTG_GEN_CPR_3M"",""20090610"",""20090610"",""Dts=H"",""cols=1;rows=1"")","=BDH($D109,""MTG_GEN_CPR_6M"",""20090610"",""20090610"",""Dts=H"",""cols=1;rows=1"")","=BDH($D109,""MTG_GEN_CPR_12M"",""20090610"",""20090610"",""Dts=H"",""cols=1;rows=1"")"
3128QS6G6,TNTD03134117,pass-through,3128QS6G6 Mtge,"=BDH($D110,""MTG_GEN_CPR_3M"",""20090331"",""20090331"",""Dts=H"",""cols=1;rows=1"")","=BDH($D110,""MTG_GEN_CPR_6M"",""20090331"",""20090331"",""Dts=H"",""cols=1;rows=1"")","=BDH($D110,""MTG_GEN_CPR_12M"",""20090331"",""20090331"",""Dts=H"",""cols=1;rows=1"")","=BDH($D110,""MTG_GEN_CPR_3M"",""20090610"",""20090610"",""Dts=H"",""cols=1;rows=1"")","=BDH($D110,""MTG_GEN_CPR_6M"",""20090610"",""20090610"",""Dts=H"",""cols=1;rows=1"")","=BDH($D110,""MTG_GEN_CPR_12M"",""20090610"",""20090610"",""Dts=H"",""cols=1;rows=1"")"
3128QSKM7,TNTD03142688,pass-through,3128QSKM7 Mtge,"=BDH($D111,""MTG_GEN_CPR_3M"",""20090331"",""20090331"",""Dts=H"",""cols=1;rows=1"")","=BDH($D111,""MTG_GEN_CPR_6M"",""20090331"",""20090331"",""Dts=H"",""cols=1;rows=1"")","=BDH($D111,""MTG_GEN_CPR_12M"",""20090331"",""20090331"",""Dts=H"",""cols=1;rows=1"")","=BDH($D111,""MTG_GEN_CPR_3M"",""20090610"",""20090610"",""Dts=H"",""cols=1;rows=1"")","=BDH($D111,""MTG_GEN_CPR_6M"",""20090610"",""20090610"",""Dts=H"",""cols=1;rows=1"")","=BDH($D111,""MTG_GEN_CPR_12M"",""20090610"",""20090610"",""Dts=H"",""cols=1;rows=1"")"
3128QT7C2,TNTD03138488,pass-through,3128QT7C2 Mtge,"=BDH($D112,""MTG_GEN_CPR_3M"",""20090331"",""20090331"",""Dts=H"",""cols=1;rows=1"")","=BDH($D112,""MTG_GEN_CPR_6M"",""20090331"",""20090331"",""Dts=H"",""cols=1;rows=1"")","=BDH($D112,""MTG_GEN_CPR_12M"",""20090331"",""20090331"",""Dts=H"",""cols=1;rows=1"")","=BDH($D112,""MTG_GEN_CPR_3M"",""20090610"",""20090610"",""Dts=H"",""cols=1;rows=1"")","=BDH($D112,""MTG_GEN_CPR_6M"",""20090610"",""20090610"",""Dts=H"",""cols=1;rows=1"")","=BDH($D112,""MTG_GEN_CPR_12M"",""20090610"",""20090610"",""Dts=H"",""cols=1;rows=1"")"
31292G2K1,TNTD03118966,pass-through,31292G2K1 Mtge,"=BDH($D113,""MTG_GEN_CPR_3M"",""20090331"",""20090331"",""Dts=H"",""cols=1;rows=1"")","=BDH($D113,""MTG_GEN_CPR_6M"",""20090331"",""20090331"",""Dts=H"",""cols=1;rows=1"")","=BDH($D113,""MTG_GEN_CPR_12M"",""20090331"",""20090331"",""Dts=H"",""cols=1;rows=1"")","=BDH($D113,""MTG_GEN_CPR_3M"",""20090610"",""20090610"",""Dts=H"",""cols=1;rows=1"")","=BDH($D113,""MTG_GEN_CPR_6M"",""20090610"",""20090610"",""Dts=H"",""cols=1;rows=1"")","=BDH($D113,""MTG_GEN_CPR_12M"",""20090610"",""20090610"",""Dts=H"",""cols=1;rows=1"")"
31292G4V5,TNTD03119780,pass-through,31292G4V5 Mtge,"=BDH($D114,""MTG_GEN_CPR_3M"",""20090331"",""20090331"",""Dts=H"",""cols=1;rows=1"")","=BDH($D114,""MTG_GEN_CPR_6M"",""20090331"",""20090331"",""Dts=H"",""cols=1;rows=1"")","=BDH($D114,""MTG_GEN_CPR_12M"",""20090331"",""20090331"",""Dts=H"",""cols=1;rows=1"")","=BDH($D114,""MTG_GEN_CPR_3M"",""20090610"",""20090610"",""Dts=H"",""cols=1;rows=1"")","=BDH($D114,""MTG_GEN_CPR_6M"",""20090610"",""20090610"",""Dts=H"",""cols=1;rows=1"")","=BDH($D114,""MTG_GEN_CPR_12M"",""20090610"",""20090610"",""Dts=H"",""cols=1;rows=1"")"
31292G6T8,TNTD03120793,pass-through,31292G6T8 Mtge,"=BDH($D115,""MTG_GEN_CPR_3M"",""20090331"",""20090331"",""Dts=H"",""cols=1;rows=1"")","=BDH($D115,""MTG_GEN_CPR_6M"",""20090331"",""20090331"",""Dts=H"",""cols=1;rows=1"")","=BDH($D115,""MTG_GEN_CPR_12M"",""20090331"",""20090331"",""Dts=H"",""cols=1;rows=1"")","=BDH($D115,""MTG_GEN_CPR_3M"",""20090610"",""20090610"",""Dts=H"",""cols=1;rows=1"")","=BDH($D115,""MTG_GEN_CPR_6M"",""20090610"",""20090610"",""Dts=H"",""cols=1;rows=1"")","=BDH($D115,""MTG_GEN_CPR_12M"",""20090610"",""20090610"",""Dts=H"",""cols=1;rows=1"")"
31292GY34,TNTD03117638,pass-through,31292GY34 Mtge,"=BDH($D116,""MTG_GEN_CPR_3M"",""20090331"",""20090331"",""Dts=H"",""cols=1;rows=1"")","=BDH($D116,""MTG_GEN_CPR_6M"",""20090331"",""20090331"",""Dts=H"",""cols=1;rows=1"")","=BDH($D116,""MTG_GEN_CPR_12M"",""20090331"",""20090331"",""Dts=H"",""cols=1;rows=1"")","=BDH($D116,""MTG_GEN_CPR_3M"",""20090610"",""20090610"",""Dts=H"",""cols=1;rows=1"")","=BDH($D116,""MTG_GEN_CPR_6M"",""20090610"",""20090610"",""Dts=H"",""cols=1;rows=1"")","=BDH($D116,""MTG_GEN_CPR_12M"",""20090610"",""20090610"",""Dts=H"",""cols=1;rows=1"")"
31292GYA8,TNTD03115480,pass-through,31292GYA8 Mtge,"=BDH($D117,""MTG_GEN_CPR_3M"",""20090331"",""20090331"",""Dts=H"",""cols=1;rows=1"")","=BDH($D117,""MTG_GEN_CPR_6M"",""20090331"",""20090331"",""Dts=H"",""cols=1;rows=1"")","=BDH($D117,""MTG_GEN_CPR_12M"",""20090331"",""20090331"",""Dts=H"",""cols=1;rows=1"")","=BDH($D117,""MTG_GEN_CPR_3M"",""20090610"",""20090610"",""Dts=H"",""cols=1;rows=1"")","=BDH($D117,""MTG_GEN_CPR_6M"",""20090610"",""20090610"",""Dts=H"",""cols=1;rows=1"")","=BDH($D117,""MTG_GEN_CPR_12M"",""20090610"",""20090610"",""Dts=H"",""cols=1;rows=1"")"
31292HYT5,TNTD03135101,pass-through,31292HYT5 Mtge,"=BDH($D118,""MTG_GEN_CPR_3M"",""20090331"",""20090331"",""Dts=H"",""cols=1;rows=1"")","=BDH($D118,""MTG_GEN_CPR_6M"",""20090331"",""20090331"",""Dts=H"",""cols=1;rows=1"")","=BDH($D118,""MTG_GEN_CPR_12M"",""20090331"",""20090331"",""Dts=H"",""cols=1;rows=1"")","=BDH($D118,""MTG_GEN_CPR_3M"",""20090610"",""20090610"",""Dts=H"",""cols=1;rows=1"")","=BDH($D118,""MTG_GEN_CPR_6M"",""20090610"",""20090610"",""Dts=H"",""cols=1;rows=1"")","=BDH($D118,""MTG_GEN_CPR_12M"",""20090610"",""20090610"",""Dts=H"",""cols=1;rows=1"")"
31292J5A4,TNTD03151061,pass-through,31292J5A4 Mtge,"=BDH($D119,""MTG_GEN_CPR_3M"",""20090331"",""20090331"",""Dts=H"",""cols=1;rows=1"")","=BDH($D119,""MTG_GEN_CPR_6M"",""20090331"",""20090331"",""Dts=H"",""cols=1;rows=1"")","=BDH($D119,""MTG_GEN_CPR_12M"",""20090331"",""20090331"",""Dts=H"",""cols=1;rows=1"")","=BDH($D119,""MTG_GEN_CPR_3M"",""20090610"",""20090610"",""Dts=H"",""cols=1;rows=1"")","=BDH($D119,""MTG_GEN_CPR_6M"",""20090610"",""20090610"",""Dts=H"",""cols=1;rows=1"")","=BDH($D119,""MTG_GEN_CPR_12M"",""20090610"",""20090610"",""Dts=H"",""cols=1;rows=1"")"
31292J5V8,TNTD03151257,pass-through,31292J5V8 Mtge,"=BDH($D120,""MTG_GEN_CPR_3M"",""20090331"",""20090331"",""Dts=H"",""cols=1;rows=1"")","=BDH($D120,""MTG_GEN_CPR_6M"",""20090331"",""20090331"",""Dts=H"",""cols=1;rows=1"")","=BDH($D120,""MTG_GEN_CPR_12M"",""20090331"",""20090331"",""Dts=H"",""cols=1;rows=1"")","=BDH($D120,""MTG_GEN_CPR_3M"",""20090610"",""20090610"",""Dts=H"",""cols=1;rows=1"")","=BDH($D120,""MTG_GEN_CPR_6M"",""20090610"",""20090610"",""Dts=H"",""cols=1;rows=1"")","=BDH($D120,""MTG_GEN_CPR_12M"",""20090610"",""20090610"",""Dts=H"",""cols=1;rows=1"")"
31293FJZ1,TNTD03115479,pass-through,31293FJZ1 Mtge,"=BDH($D121,""MTG_GEN_CPR_3M"",""20090331"",""20090331"",""Dts=H"",""cols=1;rows=1"")","=BDH($D121,""MTG_GEN_CPR_6M"",""20090331"",""20090331"",""Dts=H"",""cols=1;rows=1"")","=BDH($D121,""MTG_GEN_CPR_12M"",""20090331"",""20090331"",""Dts=H"",""cols=1;rows=1"")","=BDH($D121,""MTG_GEN_CPR_3M"",""20090610"",""20090610"",""Dts=H"",""cols=1;rows=1"")","=BDH($D121,""MTG_GEN_CPR_6M"",""20090610"",""20090610"",""Dts=H"",""cols=1;rows=1"")","=BDH($D121,""MTG_GEN_CPR_12M"",""20090610"",""20090610"",""Dts=H"",""cols=1;rows=1"")"
31293TFD4,TNTD03119302,pass-through,31293TFD4 Mtge,"=BDH($D122,""MTG_GEN_CPR_3M"",""20090331"",""20090331"",""Dts=H"",""cols=1;rows=1"")","=BDH($D122,""MTG_GEN_CPR_6M"",""20090331"",""20090331"",""Dts=H"",""cols=1;rows=1"")","=BDH($D122,""MTG_GEN_CPR_12M"",""20090331"",""20090331"",""Dts=H"",""cols=1;rows=1"")","=BDH($D122,""MTG_GEN_CPR_3M"",""20090610"",""20090610"",""Dts=H"",""cols=1;rows=1"")","=BDH($D122,""MTG_GEN_CPR_6M"",""20090610"",""20090610"",""Dts=H"",""cols=1;rows=1"")","=BDH($D122,""MTG_GEN_CPR_12M"",""20090610"",""20090610"",""Dts=H"",""cols=1;rows=1"")"
31293UAS3,TNTD03111536,pass-through,31293UAS3 Mtge,"=BDH($D123,""MTG_GEN_CPR_3M"",""20090331"",""20090331"",""Dts=H"",""cols=1;rows=1"")","=BDH($D123,""MTG_GEN_CPR_6M"",""20090331"",""20090331"",""Dts=H"",""cols=1;rows=1"")","=BDH($D123,""MTG_GEN_CPR_12M"",""20090331"",""20090331"",""Dts=H"",""cols=1;rows=1"")","=BDH($D123,""MTG_GEN_CPR_3M"",""20090610"",""20090610"",""Dts=H"",""cols=1;rows=1"")","=BDH($D123,""MTG_GEN_CPR_6M"",""20090610"",""20090610"",""Dts=H"",""cols=1;rows=1"")","=BDH($D123,""MTG_GEN_CPR_12M"",""20090610"",""20090610"",""Dts=H"",""cols=1;rows=1"")"
31293VCT7,TNTD03119771,pass-through,31293VCT7 Mtge,"=BDH($D124,""MTG_GEN_CPR_3M"",""20090331"",""20090331"",""Dts=H"",""cols=1;rows=1"")","=BDH($D124,""MTG_GEN_CPR_6M"",""20090331"",""20090331"",""Dts=H"",""cols=1;rows=1"")","=BDH($D124,""MTG_GEN_CPR_12M"",""20090331"",""20090331"",""Dts=H"",""cols=1;rows=1"")","=BDH($D124,""MTG_GEN_CPR_3M"",""20090610"",""20090610"",""Dts=H"",""cols=1;rows=1"")","=BDH($D124,""MTG_GEN_CPR_6M"",""20090610"",""20090610"",""Dts=H"",""cols=1;rows=1"")","=BDH($D124,""MTG_GEN_CPR_12M"",""20090610"",""20090610"",""Dts=H"",""cols=1;rows=1"")"
31293WAR1,TNTD03120731,pass-through,31293WAR1 Mtge,"=BDH($D125,""MTG_GEN_CPR_3M"",""20090331"",""20090331"",""Dts=H"",""cols=1;rows=1"")","=BDH($D125,""MTG_GEN_CPR_6M"",""20090331"",""20090331"",""Dts=H"",""cols=1;rows=1"")","=BDH($D125,""MTG_GEN_CPR_12M"",""20090331"",""20090331"",""Dts=H"",""cols=1;rows=1"")","=BDH($D125,""MTG_GEN_CPR_3M"",""20090610"",""20090610"",""Dts=H"",""cols=1;rows=1"")","=BDH($D125,""MTG_GEN_CPR_6M"",""20090610"",""20090610"",""Dts=H"",""cols=1;rows=1"")","=BDH($D125,""MTG_GEN_CPR_12M"",""20090610"",""20090610"",""Dts=H"",""cols=1;rows=1"")"
31294J3N6,TNTD03110492,pass-through,31294J3N6 Mtge,"=BDH($D126,""MTG_GEN_CPR_3M"",""20090331"",""20090331"",""Dts=H"",""cols=1;rows=1"")","=BDH($D126,""MTG_GEN_CPR_6M"",""20090331"",""20090331"",""Dts=H"",""cols=1;rows=1"")","=BDH($D126,""MTG_GEN_CPR_12M"",""20090331"",""20090331"",""Dts=H"",""cols=1;rows=1"")","=BDH($D126,""MTG_GEN_CPR_3M"",""20090610"",""20090610"",""Dts=H"",""cols=1;rows=1"")","=BDH($D126,""MTG_GEN_CPR_6M"",""20090610"",""20090610"",""Dts=H"",""cols=1;rows=1"")","=BDH($D126,""MTG_GEN_CPR_12M"",""20090610"",""20090610"",""Dts=H"",""cols=1;rows=1"")"
31294J5G9,TNTD03121821,pass-through,31294J5G9 Mtge,"=BDH($D127,""MTG_GEN_CPR_3M"",""20090331"",""20090331"",""Dts=H"",""cols=1;rows=1"")","=BDH($D127,""MTG_GEN_CPR_6M"",""20090331"",""20090331"",""Dts=H"",""cols=1;rows=1"")","=BDH($D127,""MTG_GEN_CPR_12M"",""20090331"",""20090331"",""Dts=H"",""cols=1;rows=1"")","=BDH($D127,""MTG_GEN_CPR_3M"",""20090610"",""20090610"",""Dts=H"",""cols=1;rows=1"")","=BDH($D127,""MTG_GEN_CPR_6M"",""20090610"",""20090610"",""Dts=H"",""cols=1;rows=1"")","=BDH($D127,""MTG_GEN_CPR_12M"",""20090610"",""20090610"",""Dts=H"",""cols=1;rows=1"")"
31294JYR3,TNTD03119336,pass-through,31294JYR3 Mtge,"=BDH($D128,""MTG_GEN_CPR_3M"",""20090331"",""20090331"",""Dts=H"",""cols=1;rows=1"")","=BDH($D128,""MTG_GEN_CPR_6M"",""20090331"",""20090331"",""Dts=H"",""cols=1;rows=1"")","=BDH($D128,""MTG_GEN_CPR_12M"",""20090331"",""20090331"",""Dts=H"",""cols=1;rows=1"")","=BDH($D128,""MTG_GEN_CPR_3M"",""20090610"",""20090610"",""Dts=H"",""cols=1;rows=1"")","=BDH($D128,""MTG_GEN_CPR_6M"",""20090610"",""20090610"",""Dts=H"",""cols=1;rows=1"")","=BDH($D128,""MTG_GEN_CPR_12M"",""20090610"",""20090610"",""Dts=H"",""cols=1;rows=1"")"
31294JYS1,TNTD03105480,pass-through,31294JYS1 Mtge,"=BDH($D129,""MTG_GEN_CPR_3M"",""20090331"",""20090331"",""Dts=H"",""cols=1;rows=1"")","=BDH($D129,""MTG_GEN_CPR_6M"",""20090331"",""20090331"",""Dts=H"",""cols=1;rows=1"")","=BDH($D129,""MTG_GEN_CPR_12M"",""20090331"",""20090331"",""Dts=H"",""cols=1;rows=1"")","=BDH($D129,""MTG_GEN_CPR_3M"",""20090610"",""20090610"",""Dts=H"",""cols=1;rows=1"")","=BDH($D129,""MTG_GEN_CPR_6M"",""20090610"",""20090610"",""Dts=H"",""cols=1;rows=1"")","=BDH($D129,""MTG_GEN_CPR_12M"",""20090610"",""20090610"",""Dts=H"",""cols=1;rows=1"")"
31294KJS5,TNTD03114540,pass-through,31294KJS5 Mtge,"=BDH($D130,""MTG_GEN_CPR_3M"",""20090331"",""20090331"",""Dts=H"",""cols=1;rows=1"")","=BDH($D130,""MTG_GEN_CPR_6M"",""20090331"",""20090331"",""Dts=H"",""cols=1;rows=1"")","=BDH($D130,""MTG_GEN_CPR_12M"",""20090331"",""20090331"",""Dts=H"",""cols=1;rows=1"")","=BDH($D130,""MTG_GEN_CPR_3M"",""20090610"",""20090610"",""Dts=H"",""cols=1;rows=1"")","=BDH($D130,""MTG_GEN_CPR_6M"",""20090610"",""20090610"",""Dts=H"",""cols=1;rows=1"")","=BDH($D130,""MTG_GEN_CPR_12M"",""20090610"",""20090610"",""Dts=H"",""cols=1;rows=1"")"
31294KLK9,TNTD03129828,pass-through,31294KLK9 Mtge,"=BDH($D131,""MTG_GEN_CPR_3M"",""20090331"",""20090331"",""Dts=H"",""cols=1;rows=1"")","=BDH($D131,""MTG_GEN_CPR_6M"",""20090331"",""20090331"",""Dts=H"",""cols=1;rows=1"")","=BDH($D131,""MTG_GEN_CPR_12M"",""20090331"",""20090331"",""Dts=H"",""cols=1;rows=1"")","=BDH($D131,""MTG_GEN_CPR_3M"",""20090610"",""20090610"",""Dts=H"",""cols=1;rows=1"")","=BDH($D131,""MTG_GEN_CPR_6M"",""20090610"",""20090610"",""Dts=H"",""cols=1;rows=1"")","=BDH($D131,""MTG_GEN_CPR_12M"",""20090610"",""20090610"",""Dts=H"",""cols=1;rows=1"")"
31294KM51,TNTD03130419,pass-through,31294KM51 Mtge,"=BDH($D132,""MTG_GEN_CPR_3M"",""20090331"",""20090331"",""Dts=H"",""cols=1;rows=1"")","=BDH($D132,""MTG_GEN_CPR_6M"",""20090331"",""20090331"",""Dts=H"",""cols=1;rows=1"")","=BDH($D132,""MTG_GEN_CPR_12M"",""20090331"",""20090331"",""Dts=H"",""cols=1;rows=1"")","=BDH($D132,""MTG_GEN_CPR_3M"",""20090610"",""20090610"",""Dts=H"",""cols=1;rows=1"")","=BDH($D132,""MTG_GEN_CPR_6M"",""20090610"",""20090610"",""Dts=H"",""cols=1;rows=1"")","=BDH($D132,""MTG_GEN_CPR_12M"",""20090610"",""20090610"",""Dts=H"",""cols=1;rows=1"")"
31294KRY3,TNTD03131684,pass-through,31294KRY3 Mtge,"=BDH($D133,""MTG_GEN_CPR_3M"",""20090331"",""20090331"",""Dts=H"",""cols=1;rows=1"")","=BDH($D133,""MTG_GEN_CPR_6M"",""20090331"",""20090331"",""Dts=H"",""cols=1;rows=1"")","=BDH($D133,""MTG_GEN_CPR_12M"",""20090331"",""20090331"",""Dts=H"",""cols=1;rows=1"")","=BDH($D133,""MTG_GEN_CPR_3M"",""20090610"",""20090610"",""Dts=H"",""cols=1;rows=1"")","=BDH($D133,""MTG_GEN_CPR_6M"",""20090610"",""20090610"",""Dts=H"",""cols=1;rows=1"")","=BDH($D133,""MTG_GEN_CPR_12M"",""20090610"",""20090610"",""Dts=H"",""cols=1;rows=1"")"
31294KSM8,TNTD03134698,pass-through,31294KSM8 Mtge,"=BDH($D134,""MTG_GEN_CPR_3M"",""20090331"",""20090331"",""Dts=H"",""cols=1;rows=1"")","=BDH($D134,""MTG_GEN_CPR_6M"",""20090331"",""20090331"",""Dts=H"",""cols=1;rows=1"")","=BDH($D134,""MTG_GEN_CPR_12M"",""20090331"",""20090331"",""Dts=H"",""cols=1;rows=1"")","=BDH($D134,""MTG_GEN_CPR_3M"",""20090610"",""20090610"",""Dts=H"",""cols=1;rows=1"")","=BDH($D134,""MTG_GEN_CPR_6M"",""20090610"",""20090610"",""Dts=H"",""cols=1;rows=1"")","=BDH($D134,""MTG_GEN_CPR_12M"",""20090610"",""20090610"",""Dts=H"",""cols=1;rows=1"")"
31294KZL2,TNTD03139798,pass-through,31294KZL2 Mtge,"=BDH($D135,""MTG_GEN_CPR_3M"",""20090331"",""20090331"",""Dts=H"",""cols=1;rows=1"")","=BDH($D135,""MTG_GEN_CPR_6M"",""20090331"",""20090331"",""Dts=H"",""cols=1;rows=1"")","=BDH($D135,""MTG_GEN_CPR_12M"",""20090331"",""20090331"",""Dts=H"",""cols=1;rows=1"")","=BDH($D135,""MTG_GEN_CPR_3M"",""20090610"",""20090610"",""Dts=H"",""cols=1;rows=1"")","=BDH($D135,""MTG_GEN_CPR_6M"",""20090610"",""20090610"",""Dts=H"",""cols=1;rows=1"")","=BDH($D135,""MTG_GEN_CPR_12M"",""20090610"",""20090610"",""Dts=H"",""cols=1;rows=1"")"
31295NZX9,TNTD03151809,pass-through,31295NZX9 Mtge,"=BDH($D136,""MTG_GEN_CPR_3M"",""20090331"",""20090331"",""Dts=H"",""cols=1;rows=1"")","=BDH($D136,""MTG_GEN_CPR_6M"",""20090331"",""20090331"",""Dts=H"",""cols=1;rows=1"")","=BDH($D136,""MTG_GEN_CPR_12M"",""20090331"",""20090331"",""Dts=H"",""cols=1;rows=1"")","=BDH($D136,""MTG_GEN_CPR_3M"",""20090610"",""20090610"",""Dts=H"",""cols=1;rows=1"")","=BDH($D136,""MTG_GEN_CPR_6M"",""20090610"",""20090610"",""Dts=H"",""cols=1;rows=1"")","=BDH($D136,""MTG_GEN_CPR_12M"",""20090610"",""20090610"",""Dts=H"",""cols=1;rows=1"")"
312962EA7,TNTD03140176,pass-through,312962EA7 Mtge,"=BDH($D137,""MTG_GEN_CPR_3M"",""20090331"",""20090331"",""Dts=H"",""cols=1;rows=1"")","=BDH($D137,""MTG_GEN_CPR_6M"",""20090331"",""20090331"",""Dts=H"",""cols=1;rows=1"")","=BDH($D137,""MTG_GEN_CPR_12M"",""20090331"",""20090331"",""Dts=H"",""cols=1;rows=1"")","=BDH($D137,""MTG_GEN_CPR_3M"",""20090610"",""20090610"",""Dts=H"",""cols=1;rows=1"")","=BDH($D137,""MTG_GEN_CPR_6M"",""20090610"",""20090610"",""Dts=H"",""cols=1;rows=1"")","=BDH($D137,""MTG_GEN_CPR_12M"",""20090610"",""20090610"",""Dts=H"",""cols=1;rows=1"")"
312962KF9,TNTD03135931,pass-through,312962KF9 Mtge,"=BDH($D138,""MTG_GEN_CPR_3M"",""20090331"",""20090331"",""Dts=H"",""cols=1;rows=1"")","=BDH($D138,""MTG_GEN_CPR_6M"",""20090331"",""20090331"",""Dts=H"",""cols=1;rows=1"")","=BDH($D138,""MTG_GEN_CPR_12M"",""20090331"",""20090331"",""Dts=H"",""cols=1;rows=1"")","=BDH($D138,""MTG_GEN_CPR_3M"",""20090610"",""20090610"",""Dts=H"",""cols=1;rows=1"")","=BDH($D138,""MTG_GEN_CPR_6M"",""20090610"",""20090610"",""Dts=H"",""cols=1;rows=1"")","=BDH($D138,""MTG_GEN_CPR_12M"",""20090610"",""20090610"",""Dts=H"",""cols=1;rows=1"")"
312965L87,TNTD03138006,pass-through,312965L87 Mtge,"=BDH($D139,""MTG_GEN_CPR_3M"",""20090331"",""20090331"",""Dts=H"",""cols=1;rows=1"")","=BDH($D139,""MTG_GEN_CPR_6M"",""20090331"",""20090331"",""Dts=H"",""cols=1;rows=1"")","=BDH($D139,""MTG_GEN_CPR_12M"",""20090331"",""20090331"",""Dts=H"",""cols=1;rows=1"")","=BDH($D139,""MTG_GEN_CPR_3M"",""20090610"",""20090610"",""Dts=H"",""cols=1;rows=1"")","=BDH($D139,""MTG_GEN_CPR_6M"",""20090610"",""20090610"",""Dts=H"",""cols=1;rows=1"")","=BDH($D139,""MTG_GEN_CPR_12M"",""20090610"",""20090610"",""Dts=H"",""cols=1;rows=1"")"
312967HF2,TNTD03135143,pass-through,312967HF2 Mtge,"=BDH($D140,""MTG_GEN_CPR_3M"",""20090331"",""20090331"",""Dts=H"",""cols=1;rows=1"")","=BDH($D140,""MTG_GEN_CPR_6M"",""20090331"",""20090331"",""Dts=H"",""cols=1;rows=1"")","=BDH($D140,""MTG_GEN_CPR_12M"",""20090331"",""20090331"",""Dts=H"",""cols=1;rows=1"")","=BDH($D140,""MTG_GEN_CPR_3M"",""20090610"",""20090610"",""Dts=H"",""cols=1;rows=1"")","=BDH($D140,""MTG_GEN_CPR_6M"",""20090610"",""20090610"",""Dts=H"",""cols=1;rows=1"")","=BDH($D140,""MTG_GEN_CPR_12M"",""20090610"",""20090610"",""Dts=H"",""cols=1;rows=1"")"
312967ME9,TNTD03141972,pass-through,312967ME9 Mtge,"=BDH($D141,""MTG_GEN_CPR_3M"",""20090331"",""20090331"",""Dts=H"",""cols=1;rows=1"")","=BDH($D141,""MTG_GEN_CPR_6M"",""20090331"",""20090331"",""Dts=H"",""cols=1;rows=1"")","=BDH($D141,""MTG_GEN_CPR_12M"",""20090331"",""20090331"",""Dts=H"",""cols=1;rows=1"")","=BDH($D141,""MTG_GEN_CPR_3M"",""20090610"",""20090610"",""Dts=H"",""cols=1;rows=1"")","=BDH($D141,""MTG_GEN_CPR_6M"",""20090610"",""20090610"",""Dts=H"",""cols=1;rows=1"")","=BDH($D141,""MTG_GEN_CPR_12M"",""20090610"",""20090610"",""Dts=H"",""cols=1;rows=1"")"
312967XJ6,TNTD03145802,pass-through,312967XJ6 Mtge,"=BDH($D142,""MTG_GEN_CPR_3M"",""20090331"",""20090331"",""Dts=H"",""cols=1;rows=1"")","=BDH($D142,""MTG_GEN_CPR_6M"",""20090331"",""20090331"",""Dts=H"",""cols=1;rows=1"")","=BDH($D142,""MTG_GEN_CPR_12M"",""20090331"",""20090331"",""Dts=H"",""cols=1;rows=1"")","=BDH($D142,""MTG_GEN_CPR_3M"",""20090610"",""20090610"",""Dts=H"",""cols=1;rows=1"")","=BDH($D142,""MTG_GEN_CPR_6M"",""20090610"",""20090610"",""Dts=H"",""cols=1;rows=1"")","=BDH($D142,""MTG_GEN_CPR_12M"",""20090610"",""20090610"",""Dts=H"",""cols=1;rows=1"")"
31296MC64,TNTD03135131,pass-through,31296MC64 Mtge,"=BDH($D143,""MTG_GEN_CPR_3M"",""20090331"",""20090331"",""Dts=H"",""cols=1;rows=1"")","=BDH($D143,""MTG_GEN_CPR_6M"",""20090331"",""20090331"",""Dts=H"",""cols=1;rows=1"")","=BDH($D143,""MTG_GEN_CPR_12M"",""20090331"",""20090331"",""Dts=H"",""cols=1;rows=1"")","=BDH($D143,""MTG_GEN_CPR_3M"",""20090610"",""20090610"",""Dts=H"",""cols=1;rows=1"")","=BDH($D143,""MTG_GEN_CPR_6M"",""20090610"",""20090610"",""Dts=H"",""cols=1;rows=1"")","=BDH($D143,""MTG_GEN_CPR_12M"",""20090610"",""20090610"",""Dts=H"",""cols=1;rows=1"")"
31296NA23,TNTD03135626,pass-through,31296NA23 Mtge,"=BDH($D144,""MTG_GEN_CPR_3M"",""20090331"",""20090331"",""Dts=H"",""cols=1;rows=1"")","=BDH($D144,""MTG_GEN_CPR_6M"",""20090331"",""20090331"",""Dts=H"",""cols=1;rows=1"")","=BDH($D144,""MTG_GEN_CPR_12M"",""20090331"",""20090331"",""Dts=H"",""cols=1;rows=1"")","=BDH($D144,""MTG_GEN_CPR_3M"",""20090610"",""20090610"",""Dts=H"",""cols=1;rows=1"")","=BDH($D144,""MTG_GEN_CPR_6M"",""20090610"",""20090610"",""Dts=H"",""cols=1;rows=1"")","=BDH($D144,""MTG_GEN_CPR_12M"",""20090610"",""20090610"",""Dts=H"",""cols=1;rows=1"")"
31296RSK5,TNTD03132948,pass-through,31296RSK5 Mtge,"=BDH($D145,""MTG_GEN_CPR_3M"",""20090331"",""20090331"",""Dts=H"",""cols=1;rows=1"")","=BDH($D145,""MTG_GEN_CPR_6M"",""20090331"",""20090331"",""Dts=H"",""cols=1;rows=1"")","=BDH($D145,""MTG_GEN_CPR_12M"",""20090331"",""20090331"",""Dts=H"",""cols=1;rows=1"")","=BDH($D145,""MTG_GEN_CPR_3M"",""20090610"",""20090610"",""Dts=H"",""cols=1;rows=1"")","=BDH($D145,""MTG_GEN_CPR_6M"",""20090610"",""20090610"",""Dts=H"",""cols=1;rows=1"")","=BDH($D145,""MTG_GEN_CPR_12M"",""20090610"",""20090610"",""Dts=H"",""cols=1;rows=1"")"
31296SLS3,TNTD03132937,pass-through,31296SLS3 Mtge,"=BDH($D146,""MTG_GEN_CPR_3M"",""20090331"",""20090331"",""Dts=H"",""cols=1;rows=1"")","=BDH($D146,""MTG_GEN_CPR_6M"",""20090331"",""20090331"",""Dts=H"",""cols=1;rows=1"")","=BDH($D146,""MTG_GEN_CPR_12M"",""20090331"",""20090331"",""Dts=H"",""cols=1;rows=1"")","=BDH($D146,""MTG_GEN_CPR_3M"",""20090610"",""20090610"",""Dts=H"",""cols=1;rows=1"")","=BDH($D146,""MTG_GEN_CPR_6M"",""20090610"",""20090610"",""Dts=H"",""cols=1;rows=1"")","=BDH($D146,""MTG_GEN_CPR_12M"",""20090610"",""20090610"",""Dts=H"",""cols=1;rows=1"")"
31297CKH2,TNTD03116216,pass-through,31297CKH2 Mtge,"=BDH($D147,""MTG_GEN_CPR_3M"",""20090331"",""20090331"",""Dts=H"",""cols=1;rows=1"")","=BDH($D147,""MTG_GEN_CPR_6M"",""20090331"",""20090331"",""Dts=H"",""cols=1;rows=1"")","=BDH($D147,""MTG_GEN_CPR_12M"",""20090331"",""20090331"",""Dts=H"",""cols=1;rows=1"")","=BDH($D147,""MTG_GEN_CPR_3M"",""20090610"",""20090610"",""Dts=H"",""cols=1;rows=1"")","=BDH($D147,""MTG_GEN_CPR_6M"",""20090610"",""20090610"",""Dts=H"",""cols=1;rows=1"")","=BDH($D147,""MTG_GEN_CPR_12M"",""20090610"",""20090610"",""Dts=H"",""cols=1;rows=1"")"
31297GXZ9,TNTD03145464,pass-through,31297GXZ9 Mtge,"=BDH($D148,""MTG_GEN_CPR_3M"",""20090331"",""20090331"",""Dts=H"",""cols=1;rows=1"")","=BDH($D148,""MTG_GEN_CPR_6M"",""20090331"",""20090331"",""Dts=H"",""cols=1;rows=1"")","=BDH($D148,""MTG_GEN_CPR_12M"",""20090331"",""20090331"",""Dts=H"",""cols=1;rows=1"")","=BDH($D148,""MTG_GEN_CPR_3M"",""20090610"",""20090610"",""Dts=H"",""cols=1;rows=1"")","=BDH($D148,""MTG_GEN_CPR_6M"",""20090610"",""20090610"",""Dts=H"",""cols=1;rows=1"")","=BDH($D148,""MTG_GEN_CPR_12M"",""20090610"",""20090610"",""Dts=H"",""cols=1;rows=1"")"
31297VFX1,TNTD03149457,pass-through,31297VFX1 Mtge,"=BDH($D149,""MTG_GEN_CPR_3M"",""20090331"",""20090331"",""Dts=H"",""cols=1;rows=1"")","=BDH($D149,""MTG_GEN_CPR_6M"",""20090331"",""20090331"",""Dts=H"",""cols=1;rows=1"")","=BDH($D149,""MTG_GEN_CPR_12M"",""20090331"",""20090331"",""Dts=H"",""cols=1;rows=1"")","=BDH($D149,""MTG_GEN_CPR_3M"",""20090610"",""20090610"",""Dts=H"",""cols=1;rows=1"")","=BDH($D149,""MTG_GEN_CPR_6M"",""20090610"",""20090610"",""Dts=H"",""cols=1;rows=1"")","=BDH($D149,""MTG_GEN_CPR_12M"",""20090610"",""20090610"",""Dts=H"",""cols=1;rows=1"")"
31297VKP2,TNTD03149456,pass-through,31297VKP2 Mtge,"=BDH($D150,""MTG_GEN_CPR_3M"",""20090331"",""20090331"",""Dts=H"",""cols=1;rows=1"")","=BDH($D150,""MTG_GEN_CPR_6M"",""20090331"",""20090331"",""Dts=H"",""cols=1;rows=1"")","=BDH($D150,""MTG_GEN_CPR_12M"",""20090331"",""20090331"",""Dts=H"",""cols=1;rows=1"")","=BDH($D150,""MTG_GEN_CPR_3M"",""20090610"",""20090610"",""Dts=H"",""cols=1;rows=1"")","=BDH($D150,""MTG_GEN_CPR_6M"",""20090610"",""20090610"",""Dts=H"",""cols=1;rows=1"")","=BDH($D150,""MTG_GEN_CPR_12M"",""20090610"",""20090610"",""Dts=H"",""cols=1;rows=1"")"
31297VQA9,TNTD03147120,pass-through,31297VQA9 Mtge,"=BDH($D151,""MTG_GEN_CPR_3M"",""20090331"",""20090331"",""Dts=H"",""cols=1;rows=1"")","=BDH($D151,""MTG_GEN_CPR_6M"",""20090331"",""20090331"",""Dts=H"",""cols=1;rows=1"")","=BDH($D151,""MTG_GEN_CPR_12M"",""20090331"",""20090331"",""Dts=H"",""cols=1;rows=1"")","=BDH($D151,""MTG_GEN_CPR_3M"",""20090610"",""20090610"",""Dts=H"",""cols=1;rows=1"")","=BDH($D151,""MTG_GEN_CPR_6M"",""20090610"",""20090610"",""Dts=H"",""cols=1;rows=1"")","=BDH($D151,""MTG_GEN_CPR_12M"",""20090610"",""20090610"",""Dts=H"",""cols=1;rows=1"")"
31298EZD0,TNTD03135675,pass-through,31298EZD0 Mtge,"=BDH($D152,""MTG_GEN_CPR_3M"",""20090331"",""20090331"",""Dts=H"",""cols=1;rows=1"")","=BDH($D152,""MTG_GEN_CPR_6M"",""20090331"",""20090331"",""Dts=H"",""cols=1;rows=1"")","=BDH($D152,""MTG_GEN_CPR_12M"",""20090331"",""20090331"",""Dts=H"",""cols=1;rows=1"")","=BDH($D152,""MTG_GEN_CPR_3M"",""20090610"",""20090610"",""Dts=H"",""cols=1;rows=1"")","=BDH($D152,""MTG_GEN_CPR_6M"",""20090610"",""20090610"",""Dts=H"",""cols=1;rows=1"")","=BDH($D152,""MTG_GEN_CPR_12M"",""20090610"",""20090610"",""Dts=H"",""cols=1;rows=1"")"
31298SM84,TNTD03117662,pass-through,31298SM84 Mtge,"=BDH($D153,""MTG_GEN_CPR_3M"",""20090331"",""20090331"",""Dts=H"",""cols=1;rows=1"")","=BDH($D153,""MTG_GEN_CPR_6M"",""20090331"",""20090331"",""Dts=H"",""cols=1;rows=1"")","=BDH($D153,""MTG_GEN_CPR_12M"",""20090331"",""20090331"",""Dts=H"",""cols=1;rows=1"")","=BDH($D153,""MTG_GEN_CPR_3M"",""20090610"",""20090610"",""Dts=H"",""cols=1;rows=1"")","=BDH($D153,""MTG_GEN_CPR_6M"",""20090610"",""20090610"",""Dts=H"",""cols=1;rows=1"")","=BDH($D153,""MTG_GEN_CPR_12M"",""20090610"",""20090610"",""Dts=H"",""cols=1;rows=1"")"
31335H4K6,TNTD03138120,pass-through,31335H4K6 Mtge,"=BDH($D154,""MTG_GEN_CPR_3M"",""20090331"",""20090331"",""Dts=H"",""cols=1;rows=1"")","=BDH($D154,""MTG_GEN_CPR_6M"",""20090331"",""20090331"",""Dts=H"",""cols=1;rows=1"")","=BDH($D154,""MTG_GEN_CPR_12M"",""20090331"",""20090331"",""Dts=H"",""cols=1;rows=1"")","=BDH($D154,""MTG_GEN_CPR_3M"",""20090610"",""20090610"",""Dts=H"",""cols=1;rows=1"")","=BDH($D154,""MTG_GEN_CPR_6M"",""20090610"",""20090610"",""Dts=H"",""cols=1;rows=1"")","=BDH($D154,""MTG_GEN_CPR_12M"",""20090610"",""20090610"",""Dts=H"",""cols=1;rows=1"")"
31335HUZ4,TNTD03130667,pass-through,31335HUZ4 Mtge,"=BDH($D155,""MTG_GEN_CPR_3M"",""20090331"",""20090331"",""Dts=H"",""cols=1;rows=1"")","=BDH($D155,""MTG_GEN_CPR_6M"",""20090331"",""20090331"",""Dts=H"",""cols=1;rows=1"")","=BDH($D155,""MTG_GEN_CPR_12M"",""20090331"",""20090331"",""Dts=H"",""cols=1;rows=1"")","=BDH($D155,""MTG_GEN_CPR_3M"",""20090610"",""20090610"",""Dts=H"",""cols=1;rows=1"")","=BDH($D155,""MTG_GEN_CPR_6M"",""20090610"",""20090610"",""Dts=H"",""cols=1;rows=1"")","=BDH($D155,""MTG_GEN_CPR_12M"",""20090610"",""20090610"",""Dts=H"",""cols=1;rows=1"")"
3133XD5F4,TNTD04629367,pass-through,3133XD5F4 Mtge,"=BDH($D156,""MTG_GEN_CPR_3M"",""20090331"",""20090331"",""Dts=H"",""cols=1;rows=1"")","=BDH($D156,""MTG_GEN_CPR_6M"",""20090331"",""20090331"",""Dts=H"",""cols=1;rows=1"")","=BDH($D156,""MTG_GEN_CPR_12M"",""20090331"",""20090331"",""Dts=H"",""cols=1;rows=1"")","=BDH($D156,""MTG_GEN_CPR_3M"",""20090610"",""20090610"",""Dts=H"",""cols=1;rows=1"")","=BDH($D156,""MTG_GEN_CPR_6M"",""20090610"",""20090610"",""Dts=H"",""cols=1;rows=1"")","=BDH($D156,""MTG_GEN_CPR_12M"",""20090610"",""20090610"",""Dts=H"",""cols=1;rows=1"")"
31349SF40,TNTD03147910,pass-through,31349SF40 Mtge,"=BDH($D157,""MTG_GEN_CPR_3M"",""20090331"",""20090331"",""Dts=H"",""cols=1;rows=1"")","=BDH($D157,""MTG_GEN_CPR_6M"",""20090331"",""20090331"",""Dts=H"",""cols=1;rows=1"")","=BDH($D157,""MTG_GEN_CPR_12M"",""20090331"",""20090331"",""Dts=H"",""cols=1;rows=1"")","=BDH($D157,""MTG_GEN_CPR_3M"",""20090610"",""20090610"",""Dts=H"",""cols=1;rows=1"")","=BDH($D157,""MTG_GEN_CPR_6M"",""20090610"",""20090610"",""Dts=H"",""cols=1;rows=1"")","=BDH($D157,""MTG_GEN_CPR_12M"",""20090610"",""20090610"",""Dts=H"",""cols=1;rows=1"")"
31349UFK9,TNTD03229181,pass-through,31349UFK9 Mtge,"=BDH($D158,""MTG_GEN_CPR_3M"",""20090331"",""20090331"",""Dts=H"",""cols=1;rows=1"")","=BDH($D158,""MTG_GEN_CPR_6M"",""20090331"",""20090331"",""Dts=H"",""cols=1;rows=1"")","=BDH($D158,""MTG_GEN_CPR_12M"",""20090331"",""20090331"",""Dts=H"",""cols=1;rows=1"")","=BDH($D158,""MTG_GEN_CPR_3M"",""20090610"",""20090610"",""Dts=H"",""cols=1;rows=1"")","=BDH($D158,""MTG_GEN_CPR_6M"",""20090610"",""20090610"",""Dts=H"",""cols=1;rows=1"")","=BDH($D158,""MTG_GEN_CPR_12M"",""20090610"",""20090610"",""Dts=H"",""cols=1;rows=1"")"
31368HM26,TNTD03412489,pass-through,31368HM26 Mtge,"=BDH($D159,""MTG_GEN_CPR_3M"",""20090331"",""20090331"",""Dts=H"",""cols=1;rows=1"")","=BDH($D159,""MTG_GEN_CPR_6M"",""20090331"",""20090331"",""Dts=H"",""cols=1;rows=1"")","=BDH($D159,""MTG_GEN_CPR_12M"",""20090331"",""20090331"",""Dts=H"",""cols=1;rows=1"")","=BDH($D159,""MTG_GEN_CPR_3M"",""20090610"",""20090610"",""Dts=H"",""cols=1;rows=1"")","=BDH($D159,""MTG_GEN_CPR_6M"",""20090610"",""20090610"",""Dts=H"",""cols=1;rows=1"")","=BDH($D159,""MTG_GEN_CPR_12M"",""20090610"",""20090610"",""Dts=H"",""cols=1;rows=1"")"
31368HMA8,TNTD03380732,pass-through,31368HMA8 Mtge,"=BDH($D160,""MTG_GEN_CPR_3M"",""20090331"",""20090331"",""Dts=H"",""cols=1;rows=1"")","=BDH($D160,""MTG_GEN_CPR_6M"",""20090331"",""20090331"",""Dts=H"",""cols=1;rows=1"")","=BDH($D160,""MTG_GEN_CPR_12M"",""20090331"",""20090331"",""Dts=H"",""cols=1;rows=1"")","=BDH($D160,""MTG_GEN_CPR_3M"",""20090610"",""20090610"",""Dts=H"",""cols=1;rows=1"")","=BDH($D160,""MTG_GEN_CPR_6M"",""20090610"",""20090610"",""Dts=H"",""cols=1;rows=1"")","=BDH($D160,""MTG_GEN_CPR_12M"",""20090610"",""20090610"",""Dts=H"",""cols=1;rows=1"")"
31368HME0,TNTD03391496,pass-through,31368HME0 Mtge,"=BDH($D161,""MTG_GEN_CPR_3M"",""20090331"",""20090331"",""Dts=H"",""cols=1;rows=1"")","=BDH($D161,""MTG_GEN_CPR_6M"",""20090331"",""20090331"",""Dts=H"",""cols=1;rows=1"")","=BDH($D161,""MTG_GEN_CPR_12M"",""20090331"",""20090331"",""Dts=H"",""cols=1;rows=1"")","=BDH($D161,""MTG_GEN_CPR_3M"",""20090610"",""20090610"",""Dts=H"",""cols=1;rows=1"")","=BDH($D161,""MTG_GEN_CPR_6M"",""20090610"",""20090610"",""Dts=H"",""cols=1;rows=1"")","=BDH($D161,""MTG_GEN_CPR_12M"",""20090610"",""20090610"",""Dts=H"",""cols=1;rows=1"")"
31368HMH3,TNTD03397176,pass-through,31368HMH3 Mtge,"=BDH($D162,""MTG_GEN_CPR_3M"",""20090331"",""20090331"",""Dts=H"",""cols=1;rows=1"")","=BDH($D162,""MTG_GEN_CPR_6M"",""20090331"",""20090331"",""Dts=H"",""cols=1;rows=1"")","=BDH($D162,""MTG_GEN_CPR_12M"",""20090331"",""20090331"",""Dts=H"",""cols=1;rows=1"")","=BDH($D162,""MTG_GEN_CPR_3M"",""20090610"",""20090610"",""Dts=H"",""cols=1;rows=1"")","=BDH($D162,""MTG_GEN_CPR_6M"",""20090610"",""20090610"",""Dts=H"",""cols=1;rows=1"")","=BDH($D162,""MTG_GEN_CPR_12M"",""20090610"",""20090610"",""Dts=H"",""cols=1;rows=1"")"
31371HLX4,TNTD03326875,pass-through,31371HLX4 Mtge,"=BDH($D163,""MTG_GEN_CPR_3M"",""20090331"",""20090331"",""Dts=H"",""cols=1;rows=1"")","=BDH($D163,""MTG_GEN_CPR_6M"",""20090331"",""20090331"",""Dts=H"",""cols=1;rows=1"")","=BDH($D163,""MTG_GEN_CPR_12M"",""20090331"",""20090331"",""Dts=H"",""cols=1;rows=1"")","=BDH($D163,""MTG_GEN_CPR_3M"",""20090610"",""20090610"",""Dts=H"",""cols=1;rows=1"")","=BDH($D163,""MTG_GEN_CPR_6M"",""20090610"",""20090610"",""Dts=H"",""cols=1;rows=1"")","=BDH($D163,""MTG_GEN_CPR_12M"",""20090610"",""20090610"",""Dts=H"",""cols=1;rows=1"")"
31371HNJ3,TNTD03327694,pass-through,31371HNJ3 Mtge,"=BDH($D164,""MTG_GEN_CPR_3M"",""20090331"",""20090331"",""Dts=H"",""cols=1;rows=1"")","=BDH($D164,""MTG_GEN_CPR_6M"",""20090331"",""20090331"",""Dts=H"",""cols=1;rows=1"")","=BDH($D164,""MTG_GEN_CPR_12M"",""20090331"",""20090331"",""Dts=H"",""cols=1;rows=1"")","=BDH($D164,""MTG_GEN_CPR_3M"",""20090610"",""20090610"",""Dts=H"",""cols=1;rows=1"")","=BDH($D164,""MTG_GEN_CPR_6M"",""20090610"",""20090610"",""Dts=H"",""cols=1;rows=1"")","=BDH($D164,""MTG_GEN_CPR_12M"",""20090610"",""20090610"",""Dts=H"",""cols=1;rows=1"")"
31371HQS0,TNTD03327677,pass-through,31371HQS0 Mtge,"=BDH($D165,""MTG_GEN_CPR_3M"",""20090331"",""20090331"",""Dts=H"",""cols=1;rows=1"")","=BDH($D165,""MTG_GEN_CPR_6M"",""20090331"",""20090331"",""Dts=H"",""cols=1;rows=1"")","=BDH($D165,""MTG_GEN_CPR_12M"",""20090331"",""20090331"",""Dts=H"",""cols=1;rows=1"")","=BDH($D165,""MTG_GEN_CPR_3M"",""20090610"",""20090610"",""Dts=H"",""cols=1;rows=1"")","=BDH($D165,""MTG_GEN_CPR_6M"",""20090610"",""20090610"",""Dts=H"",""cols=1;rows=1"")","=BDH($D165,""MTG_GEN_CPR_12M"",""20090610"",""20090610"",""Dts=H"",""cols=1;rows=1"")"
31371HQY7,TNTD03327591,pass-through,31371HQY7 Mtge,"=BDH($D166,""MTG_GEN_CPR_3M"",""20090331"",""20090331"",""Dts=H"",""cols=1;rows=1"")","=BDH($D166,""MTG_GEN_CPR_6M"",""20090331"",""20090331"",""Dts=H"",""cols=1;rows=1"")","=BDH($D166,""MTG_GEN_CPR_12M"",""20090331"",""20090331"",""Dts=H"",""cols=1;rows=1"")","=BDH($D166,""MTG_GEN_CPR_3M"",""20090610"",""20090610"",""Dts=H"",""cols=1;rows=1"")","=BDH($D166,""MTG_GEN_CPR_6M"",""20090610"",""20090610"",""Dts=H"",""cols=1;rows=1"")","=BDH($D166,""MTG_GEN_CPR_12M"",""20090610"",""20090610"",""Dts=H"",""cols=1;rows=1"")"
31371K3A7,TNTD03361191,pass-through,31371K3A7 Mtge,"=BDH($D167,""MTG_GEN_CPR_3M"",""20090331"",""20090331"",""Dts=H"",""cols=1;rows=1"")","=BDH($D167,""MTG_GEN_CPR_6M"",""20090331"",""20090331"",""Dts=H"",""cols=1;rows=1"")","=BDH($D167,""MTG_GEN_CPR_12M"",""20090331"",""20090331"",""Dts=H"",""cols=1;rows=1"")","=BDH($D167,""MTG_GEN_CPR_3M"",""20090610"",""20090610"",""Dts=H"",""cols=1;rows=1"")","=BDH($D167,""MTG_GEN_CPR_6M"",""20090610"",""20090610"",""Dts=H"",""cols=1;rows=1"")","=BDH($D167,""MTG_GEN_CPR_12M"",""20090610"",""20090610"",""Dts=H"",""cols=1;rows=1"")"
31371K5T4,TNTD03362758,pass-through,31371K5T4 Mtge,"=BDH($D168,""MTG_GEN_CPR_3M"",""20090331"",""20090331"",""Dts=H"",""cols=1;rows=1"")","=BDH($D168,""MTG_GEN_CPR_6M"",""20090331"",""20090331"",""Dts=H"",""cols=1;rows=1"")","=BDH($D168,""MTG_GEN_CPR_12M"",""20090331"",""20090331"",""Dts=H"",""cols=1;rows=1"")","=BDH($D168,""MTG_GEN_CPR_3M"",""20090610"",""20090610"",""Dts=H"",""cols=1;rows=1"")","=BDH($D168,""MTG_GEN_CPR_6M"",""20090610"",""20090610"",""Dts=H"",""cols=1;rows=1"")","=BDH($D168,""MTG_GEN_CPR_12M"",""20090610"",""20090610"",""Dts=H"",""cols=1;rows=1"")"
31371K6K2,TNTD03362436,pass-through,31371K6K2 Mtge,"=BDH($D169,""MTG_GEN_CPR_3M"",""20090331"",""20090331"",""Dts=H"",""cols=1;rows=1"")","=BDH($D169,""MTG_GEN_CPR_6M"",""20090331"",""20090331"",""Dts=H"",""cols=1;rows=1"")","=BDH($D169,""MTG_GEN_CPR_12M"",""20090331"",""20090331"",""Dts=H"",""cols=1;rows=1"")","=BDH($D169,""MTG_GEN_CPR_3M"",""20090610"",""20090610"",""Dts=H"",""cols=1;rows=1"")","=BDH($D169,""MTG_GEN_CPR_6M"",""20090610"",""20090610"",""Dts=H"",""cols=1;rows=1"")","=BDH($D169,""MTG_GEN_CPR_12M"",""20090610"",""20090610"",""Dts=H"",""cols=1;rows=1"")"
31371KDF5,TNTD03362291,pass-through,31371KDF5 Mtge,"=BDH($D170,""MTG_GEN_CPR_3M"",""20090331"",""20090331"",""Dts=H"",""cols=1;rows=1"")","=BDH($D170,""MTG_GEN_CPR_6M"",""20090331"",""20090331"",""Dts=H"",""cols=1;rows=1"")","=BDH($D170,""MTG_GEN_CPR_12M"",""20090331"",""20090331"",""Dts=H"",""cols=1;rows=1"")","=BDH($D170,""MTG_GEN_CPR_3M"",""20090610"",""20090610"",""Dts=H"",""cols=1;rows=1"")","=BDH($D170,""MTG_GEN_CPR_6M"",""20090610"",""20090610"",""Dts=H"",""cols=1;rows=1"")","=BDH($D170,""MTG_GEN_CPR_12M"",""20090610"",""20090610"",""Dts=H"",""cols=1;rows=1"")"
31371KGN5,TNTD03362284,pass-through,31371KGN5 Mtge,"=BDH($D171,""MTG_GEN_CPR_3M"",""20090331"",""20090331"",""Dts=H"",""cols=1;rows=1"")","=BDH($D171,""MTG_GEN_CPR_6M"",""20090331"",""20090331"",""Dts=H"",""cols=1;rows=1"")","=BDH($D171,""MTG_GEN_CPR_12M"",""20090331"",""20090331"",""Dts=H"",""cols=1;rows=1"")","=BDH($D171,""MTG_GEN_CPR_3M"",""20090610"",""20090610"",""Dts=H"",""cols=1;rows=1"")","=BDH($D171,""MTG_GEN_CPR_6M"",""20090610"",""20090610"",""Dts=H"",""cols=1;rows=1"")","=BDH($D171,""MTG_GEN_CPR_12M"",""20090610"",""20090610"",""Dts=H"",""cols=1;rows=1"")"
31371KNW7,TNTD03360048,pass-through,31371KNW7 Mtge,"=BDH($D172,""MTG_GEN_CPR_3M"",""20090331"",""20090331"",""Dts=H"",""cols=1;rows=1"")","=BDH($D172,""MTG_GEN_CPR_6M"",""20090331"",""20090331"",""Dts=H"",""cols=1;rows=1"")","=BDH($D172,""MTG_GEN_CPR_12M"",""20090331"",""20090331"",""Dts=H"",""cols=1;rows=1"")","=BDH($D172,""MTG_GEN_CPR_3M"",""20090610"",""20090610"",""Dts=H"",""cols=1;rows=1"")","=BDH($D172,""MTG_GEN_CPR_6M"",""20090610"",""20090610"",""Dts=H"",""cols=1;rows=1"")","=BDH($D172,""MTG_GEN_CPR_12M"",""20090610"",""20090610"",""Dts=H"",""cols=1;rows=1"")"
31371KWH0,TNTD03358126,pass-through,31371KWH0 Mtge,"=BDH($D173,""MTG_GEN_CPR_3M"",""20090331"",""20090331"",""Dts=H"",""cols=1;rows=1"")","=BDH($D173,""MTG_GEN_CPR_6M"",""20090331"",""20090331"",""Dts=H"",""cols=1;rows=1"")","=BDH($D173,""MTG_GEN_CPR_12M"",""20090331"",""20090331"",""Dts=H"",""cols=1;rows=1"")","=BDH($D173,""MTG_GEN_CPR_3M"",""20090610"",""20090610"",""Dts=H"",""cols=1;rows=1"")","=BDH($D173,""MTG_GEN_CPR_6M"",""20090610"",""20090610"",""Dts=H"",""cols=1;rows=1"")","=BDH($D173,""MTG_GEN_CPR_12M"",""20090610"",""20090610"",""Dts=H"",""cols=1;rows=1"")"
31371LBD0,TNTD03362836,pass-through,31371LBD0 Mtge,"=BDH($D174,""MTG_GEN_CPR_3M"",""20090331"",""20090331"",""Dts=H"",""cols=1;rows=1"")","=BDH($D174,""MTG_GEN_CPR_6M"",""20090331"",""20090331"",""Dts=H"",""cols=1;rows=1"")","=BDH($D174,""MTG_GEN_CPR_12M"",""20090331"",""20090331"",""Dts=H"",""cols=1;rows=1"")","=BDH($D174,""MTG_GEN_CPR_3M"",""20090610"",""20090610"",""Dts=H"",""cols=1;rows=1"")","=BDH($D174,""MTG_GEN_CPR_6M"",""20090610"",""20090610"",""Dts=H"",""cols=1;rows=1"")","=BDH($D174,""MTG_GEN_CPR_12M"",""20090610"",""20090610"",""Dts=H"",""cols=1;rows=1"")"
31371LDY2,TNTD03364540,pass-through,31371LDY2 Mtge,"=BDH($D175,""MTG_GEN_CPR_3M"",""20090331"",""20090331"",""Dts=H"",""cols=1;rows=1"")","=BDH($D175,""MTG_GEN_CPR_6M"",""20090331"",""20090331"",""Dts=H"",""cols=1;rows=1"")","=BDH($D175,""MTG_GEN_CPR_12M"",""20090331"",""20090331"",""Dts=H"",""cols=1;rows=1"")","=BDH($D175,""MTG_GEN_CPR_3M"",""20090610"",""20090610"",""Dts=H"",""cols=1;rows=1"")","=BDH($D175,""MTG_GEN_CPR_6M"",""20090610"",""20090610"",""Dts=H"",""cols=1;rows=1"")","=BDH($D175,""MTG_GEN_CPR_12M"",""20090610"",""20090610"",""Dts=H"",""cols=1;rows=1"")"
31371LQW2,TNTD03381823,pass-through,31371LQW2 Mtge,"=BDH($D176,""MTG_GEN_CPR_3M"",""20090331"",""20090331"",""Dts=H"",""cols=1;rows=1"")","=BDH($D176,""MTG_GEN_CPR_6M"",""20090331"",""20090331"",""Dts=H"",""cols=1;rows=1"")","=BDH($D176,""MTG_GEN_CPR_12M"",""20090331"",""20090331"",""Dts=H"",""cols=1;rows=1"")","=BDH($D176,""MTG_GEN_CPR_3M"",""20090610"",""20090610"",""Dts=H"",""cols=1;rows=1"")","=BDH($D176,""MTG_GEN_CPR_6M"",""20090610"",""20090610"",""Dts=H"",""cols=1;rows=1"")","=BDH($D176,""MTG_GEN_CPR_12M"",""20090610"",""20090610"",""Dts=H"",""cols=1;rows=1"")"
31371MB97,TNTD03408033,pass-through,31371MB97 Mtge,"=BDH($D177,""MTG_GEN_CPR_3M"",""20090331"",""20090331"",""Dts=H"",""cols=1;rows=1"")","=BDH($D177,""MTG_GEN_CPR_6M"",""20090331"",""20090331"",""Dts=H"",""cols=1;rows=1"")","=BDH($D177,""MTG_GEN_CPR_12M"",""20090331"",""20090331"",""Dts=H"",""cols=1;rows=1"")","=BDH($D177,""MTG_GEN_CPR_3M"",""20090610"",""20090610"",""Dts=H"",""cols=1;rows=1"")","=BDH($D177,""MTG_GEN_CPR_6M"",""20090610"",""20090610"",""Dts=H"",""cols=1;rows=1"")","=BDH($D177,""MTG_GEN_CPR_12M"",""20090610"",""20090610"",""Dts=H"",""cols=1;rows=1"")"
31371MLN5,TNTD03402469,pass-through,31371MLN5 Mtge,"=BDH($D178,""MTG_GEN_CPR_3M"",""20090331"",""20090331"",""Dts=H"",""cols=1;rows=1"")","=BDH($D178,""MTG_GEN_CPR_6M"",""20090331"",""20090331"",""Dts=H"",""cols=1;rows=1"")","=BDH($D178,""MTG_GEN_CPR_12M"",""20090331"",""20090331"",""Dts=H"",""cols=1;rows=1"")","=BDH($D178,""MTG_GEN_CPR_3M"",""20090610"",""20090610"",""Dts=H"",""cols=1;rows=1"")","=BDH($D178,""MTG_GEN_CPR_6M"",""20090610"",""20090610"",""Dts=H"",""cols=1;rows=1"")","=BDH($D178,""MTG_GEN_CPR_12M"",""20090610"",""20090610"",""Dts=H"",""cols=1;rows=1"")"
31371MWJ2,TNTD03408561,pass-through,31371MWJ2 Mtge,"=BDH($D179,""MTG_GEN_CPR_3M"",""20090331"",""20090331"",""Dts=H"",""cols=1;rows=1"")","=BDH($D179,""MTG_GEN_CPR_6M"",""20090331"",""20090331"",""Dts=H"",""cols=1;rows=1"")","=BDH($D179,""MTG_GEN_CPR_12M"",""20090331"",""20090331"",""Dts=H"",""cols=1;rows=1"")","=BDH($D179,""MTG_GEN_CPR_3M"",""20090610"",""20090610"",""Dts=H"",""cols=1;rows=1"")","=BDH($D179,""MTG_GEN_CPR_6M"",""20090610"",""20090610"",""Dts=H"",""cols=1;rows=1"")","=BDH($D179,""MTG_GEN_CPR_12M"",""20090610"",""20090610"",""Dts=H"",""cols=1;rows=1"")"
31371NGU3,TNTD03375135,pass-through,31371NGU3 Mtge,"=BDH($D180,""MTG_GEN_CPR_3M"",""20090331"",""20090331"",""Dts=H"",""cols=1;rows=1"")","=BDH($D180,""MTG_GEN_CPR_6M"",""20090331"",""20090331"",""Dts=H"",""cols=1;rows=1"")","=BDH($D180,""MTG_GEN_CPR_12M"",""20090331"",""20090331"",""Dts=H"",""cols=1;rows=1"")","=BDH($D180,""MTG_GEN_CPR_3M"",""20090610"",""20090610"",""Dts=H"",""cols=1;rows=1"")","=BDH($D180,""MTG_GEN_CPR_6M"",""20090610"",""20090610"",""Dts=H"",""cols=1;rows=1"")","=BDH($D180,""MTG_GEN_CPR_12M"",""20090610"",""20090610"",""Dts=H"",""cols=1;rows=1"")"
31371NJD8,TNTD03380547,pass-through,31371NJD8 Mtge,"=BDH($D181,""MTG_GEN_CPR_3M"",""20090331"",""20090331"",""Dts=H"",""cols=1;rows=1"")","=BDH($D181,""MTG_GEN_CPR_6M"",""20090331"",""20090331"",""Dts=H"",""cols=1;rows=1"")","=BDH($D181,""MTG_GEN_CPR_12M"",""20090331"",""20090331"",""Dts=H"",""cols=1;rows=1"")","=BDH($D181,""MTG_GEN_CPR_3M"",""20090610"",""20090610"",""Dts=H"",""cols=1;rows=1"")","=BDH($D181,""MTG_GEN_CPR_6M"",""20090610"",""20090610"",""Dts=H"",""cols=1;rows=1"")","=BDH($D181,""MTG_GEN_CPR_12M"",""20090610"",""20090610"",""Dts=H"",""cols=1;rows=1"")"
31374F2P3,TNTD03319530,pass-through,31374F2P3 Mtge,"=BDH($D182,""MTG_GEN_CPR_3M"",""20090331"",""20090331"",""Dts=H"",""cols=1;rows=1"")","=BDH($D182,""MTG_GEN_CPR_6M"",""20090331"",""20090331"",""Dts=H"",""cols=1;rows=1"")","=BDH($D182,""MTG_GEN_CPR_12M"",""20090331"",""20090331"",""Dts=H"",""cols=1;rows=1"")","=BDH($D182,""MTG_GEN_CPR_3M"",""20090610"",""20090610"",""Dts=H"",""cols=1;rows=1"")","=BDH($D182,""MTG_GEN_CPR_6M"",""20090610"",""20090610"",""Dts=H"",""cols=1;rows=1"")","=BDH($D182,""MTG_GEN_CPR_12M"",""20090610"",""20090610"",""Dts=H"",""cols=1;rows=1"")"
31374GLZ8,TNTD03316770,pass-through,31374GLZ8 Mtge,"=BDH($D183,""MTG_GEN_CPR_3M"",""20090331"",""20090331"",""Dts=H"",""cols=1;rows=1"")","=BDH($D183,""MTG_GEN_CPR_6M"",""20090331"",""20090331"",""Dts=H"",""cols=1;rows=1"")","=BDH($D183,""MTG_GEN_CPR_12M"",""20090331"",""20090331"",""Dts=H"",""cols=1;rows=1"")","=BDH($D183,""MTG_GEN_CPR_3M"",""20090610"",""20090610"",""Dts=H"",""cols=1;rows=1"")","=BDH($D183,""MTG_GEN_CPR_6M"",""20090610"",""20090610"",""Dts=H"",""cols=1;rows=1"")","=BDH($D183,""MTG_GEN_CPR_12M"",""20090610"",""20090610"",""Dts=H"",""cols=1;rows=1"")"
31374GNK9,TNTD03320587,pass-through,31374GNK9 Mtge,"=BDH($D184,""MTG_GEN_CPR_3M"",""20090331"",""20090331"",""Dts=H"",""cols=1;rows=1"")","=BDH($D184,""MTG_GEN_CPR_6M"",""20090331"",""20090331"",""Dts=H"",""cols=1;rows=1"")","=BDH($D184,""MTG_GEN_CPR_12M"",""20090331"",""20090331"",""Dts=H"",""cols=1;rows=1"")","=BDH($D184,""MTG_GEN_CPR_3M"",""20090610"",""20090610"",""Dts=H"",""cols=1;rows=1"")","=BDH($D184,""MTG_GEN_CPR_6M"",""20090610"",""20090610"",""Dts=H"",""cols=1;rows=1"")","=BDH($D184,""MTG_GEN_CPR_12M"",""20090610"",""20090610"",""Dts=H"",""cols=1;rows=1"")"
31376J2J7,TNTD03331318,pass-through,31376J2J7 Mtge,"=BDH($D185,""MTG_GEN_CPR_3M"",""20090331"",""20090331"",""Dts=H"",""cols=1;rows=1"")","=BDH($D185,""MTG_GEN_CPR_6M"",""20090331"",""20090331"",""Dts=H"",""cols=1;rows=1"")","=BDH($D185,""MTG_GEN_CPR_12M"",""20090331"",""20090331"",""Dts=H"",""cols=1;rows=1"")","=BDH($D185,""MTG_GEN_CPR_3M"",""20090610"",""20090610"",""Dts=H"",""cols=1;rows=1"")","=BDH($D185,""MTG_GEN_CPR_6M"",""20090610"",""20090610"",""Dts=H"",""cols=1;rows=1"")","=BDH($D185,""MTG_GEN_CPR_12M"",""20090610"",""20090610"",""Dts=H"",""cols=1;rows=1"")"
31376J2W8,TNTD03363300,pass-through,31376J2W8 Mtge,"=BDH($D186,""MTG_GEN_CPR_3M"",""20090331"",""20090331"",""Dts=H"",""cols=1;rows=1"")","=BDH($D186,""MTG_GEN_CPR_6M"",""20090331"",""20090331"",""Dts=H"",""cols=1;rows=1"")","=BDH($D186,""MTG_GEN_CPR_12M"",""20090331"",""20090331"",""Dts=H"",""cols=1;rows=1"")","=BDH($D186,""MTG_GEN_CPR_3M"",""20090610"",""20090610"",""Dts=H"",""cols=1;rows=1"")","=BDH($D186,""MTG_GEN_CPR_6M"",""20090610"",""20090610"",""Dts=H"",""cols=1;rows=1"")","=BDH($D186,""MTG_GEN_CPR_12M"",""20090610"",""20090610"",""Dts=H"",""cols=1;rows=1"")"
31377KKG9,TNTD03321729,pass-through,31377KKG9 Mtge,"=BDH($D187,""MTG_GEN_CPR_3M"",""20090331"",""20090331"",""Dts=H"",""cols=1;rows=1"")","=BDH($D187,""MTG_GEN_CPR_6M"",""20090331"",""20090331"",""Dts=H"",""cols=1;rows=1"")","=BDH($D187,""MTG_GEN_CPR_12M"",""20090331"",""20090331"",""Dts=H"",""cols=1;rows=1"")","=BDH($D187,""MTG_GEN_CPR_3M"",""20090610"",""20090610"",""Dts=H"",""cols=1;rows=1"")","=BDH($D187,""MTG_GEN_CPR_6M"",""20090610"",""20090610"",""Dts=H"",""cols=1;rows=1"")","=BDH($D187,""MTG_GEN_CPR_12M"",""20090610"",""20090610"",""Dts=H"",""cols=1;rows=1"")"
31379C5N7,TNTD03323397,pass-through,31379C5N7 Mtge,"=BDH($D188,""MTG_GEN_CPR_3M"",""20090331"",""20090331"",""Dts=H"",""cols=1;rows=1"")","=BDH($D188,""MTG_GEN_CPR_6M"",""20090331"",""20090331"",""Dts=H"",""cols=1;rows=1"")","=BDH($D188,""MTG_GEN_CPR_12M"",""20090331"",""20090331"",""Dts=H"",""cols=1;rows=1"")","=BDH($D188,""MTG_GEN_CPR_3M"",""20090610"",""20090610"",""Dts=H"",""cols=1;rows=1"")","=BDH($D188,""MTG_GEN_CPR_6M"",""20090610"",""20090610"",""Dts=H"",""cols=1;rows=1"")","=BDH($D188,""MTG_GEN_CPR_12M"",""20090610"",""20090610"",""Dts=H"",""cols=1;rows=1"")"
31379Q6J4,TNTD03321719,pass-through,31379Q6J4 Mtge,"=BDH($D189,""MTG_GEN_CPR_3M"",""20090331"",""20090331"",""Dts=H"",""cols=1;rows=1"")","=BDH($D189,""MTG_GEN_CPR_6M"",""20090331"",""20090331"",""Dts=H"",""cols=1;rows=1"")","=BDH($D189,""MTG_GEN_CPR_12M"",""20090331"",""20090331"",""Dts=H"",""cols=1;rows=1"")","=BDH($D189,""MTG_GEN_CPR_3M"",""20090610"",""20090610"",""Dts=H"",""cols=1;rows=1"")","=BDH($D189,""MTG_GEN_CPR_6M"",""20090610"",""20090610"",""Dts=H"",""cols=1;rows=1"")","=BDH($D189,""MTG_GEN_CPR_12M"",""20090610"",""20090610"",""Dts=H"",""cols=1;rows=1"")"
31379QA67,TNTD03371469,pass-through,31379QA67 Mtge,"=BDH($D190,""MTG_GEN_CPR_3M"",""20090331"",""20090331"",""Dts=H"",""cols=1;rows=1"")","=BDH($D190,""MTG_GEN_CPR_6M"",""20090331"",""20090331"",""Dts=H"",""cols=1;rows=1"")","=BDH($D190,""MTG_GEN_CPR_12M"",""20090331"",""20090331"",""Dts=H"",""cols=1;rows=1"")","=BDH($D190,""MTG_GEN_CPR_3M"",""20090610"",""20090610"",""Dts=H"",""cols=1;rows=1"")","=BDH($D190,""MTG_GEN_CPR_6M"",""20090610"",""20090610"",""Dts=H"",""cols=1;rows=1"")","=BDH($D190,""MTG_GEN_CPR_12M"",""20090610"",""20090610"",""Dts=H"",""cols=1;rows=1"")"
31380GNU9,TNTD03337782,pass-through,31380GNU9 Mtge,"=BDH($D191,""MTG_GEN_CPR_3M"",""20090331"",""20090331"",""Dts=H"",""cols=1;rows=1"")","=BDH($D191,""MTG_GEN_CPR_6M"",""20090331"",""20090331"",""Dts=H"",""cols=1;rows=1"")","=BDH($D191,""MTG_GEN_CPR_12M"",""20090331"",""20090331"",""Dts=H"",""cols=1;rows=1"")","=BDH($D191,""MTG_GEN_CPR_3M"",""20090610"",""20090610"",""Dts=H"",""cols=1;rows=1"")","=BDH($D191,""MTG_GEN_CPR_6M"",""20090610"",""20090610"",""Dts=H"",""cols=1;rows=1"")","=BDH($D191,""MTG_GEN_CPR_12M"",""20090610"",""20090610"",""Dts=H"",""cols=1;rows=1"")"
31380RMS1,TNTD03325675,pass-through,31380RMS1 Mtge,"=BDH($D192,""MTG_GEN_CPR_3M"",""20090331"",""20090331"",""Dts=H"",""cols=1;rows=1"")","=BDH($D192,""MTG_GEN_CPR_6M"",""20090331"",""20090331"",""Dts=H"",""cols=1;rows=1"")","=BDH($D192,""MTG_GEN_CPR_12M"",""20090331"",""20090331"",""Dts=H"",""cols=1;rows=1"")","=BDH($D192,""MTG_GEN_CPR_3M"",""20090610"",""20090610"",""Dts=H"",""cols=1;rows=1"")","=BDH($D192,""MTG_GEN_CPR_6M"",""20090610"",""20090610"",""Dts=H"",""cols=1;rows=1"")","=BDH($D192,""MTG_GEN_CPR_12M"",""20090610"",""20090610"",""Dts=H"",""cols=1;rows=1"")"
31380V6X9,TNTD03325676,pass-through,31380V6X9 Mtge,"=BDH($D193,""MTG_GEN_CPR_3M"",""20090331"",""20090331"",""Dts=H"",""cols=1;rows=1"")","=BDH($D193,""MTG_GEN_CPR_6M"",""20090331"",""20090331"",""Dts=H"",""cols=1;rows=1"")","=BDH($D193,""MTG_GEN_CPR_12M"",""20090331"",""20090331"",""Dts=H"",""cols=1;rows=1"")","=BDH($D193,""MTG_GEN_CPR_3M"",""20090610"",""20090610"",""Dts=H"",""cols=1;rows=1"")","=BDH($D193,""MTG_GEN_CPR_6M"",""20090610"",""20090610"",""Dts=H"",""cols=1;rows=1"")","=BDH($D193,""MTG_GEN_CPR_12M"",""20090610"",""20090610"",""Dts=H"",""cols=1;rows=1"")"
31381JRV6,TNTD03415444,pass-through,31381JRV6 Mtge,"=BDH($D194,""MTG_GEN_CPR_3M"",""20090331"",""20090331"",""Dts=H"",""cols=1;rows=1"")","=BDH($D194,""MTG_GEN_CPR_6M"",""20090331"",""20090331"",""Dts=H"",""cols=1;rows=1"")","=BDH($D194,""MTG_GEN_CPR_12M"",""20090331"",""20090331"",""Dts=H"",""cols=1;rows=1"")","=BDH($D194,""MTG_GEN_CPR_3M"",""20090610"",""20090610"",""Dts=H"",""cols=1;rows=1"")","=BDH($D194,""MTG_GEN_CPR_6M"",""20090610"",""20090610"",""Dts=H"",""cols=1;rows=1"")","=BDH($D194,""MTG_GEN_CPR_12M"",""20090610"",""20090610"",""Dts=H"",""cols=1;rows=1"")"
31382DQ98,TNTD03335441,pass-through,31382DQ98 Mtge,"=BDH($D195,""MTG_GEN_CPR_3M"",""20090331"",""20090331"",""Dts=H"",""cols=1;rows=1"")","=BDH($D195,""MTG_GEN_CPR_6M"",""20090331"",""20090331"",""Dts=H"",""cols=1;rows=1"")","=BDH($D195,""MTG_GEN_CPR_12M"",""20090331"",""20090331"",""Dts=H"",""cols=1;rows=1"")","=BDH($D195,""MTG_GEN_CPR_3M"",""20090610"",""20090610"",""Dts=H"",""cols=1;rows=1"")","=BDH($D195,""MTG_GEN_CPR_6M"",""20090610"",""20090610"",""Dts=H"",""cols=1;rows=1"")","=BDH($D195,""MTG_GEN_CPR_12M"",""20090610"",""20090610"",""Dts=H"",""cols=1;rows=1"")"
31382HBK0,TNTD03335439,pass-through,31382HBK0 Mtge,"=BDH($D196,""MTG_GEN_CPR_3M"",""20090331"",""20090331"",""Dts=H"",""cols=1;rows=1"")","=BDH($D196,""MTG_GEN_CPR_6M"",""20090331"",""20090331"",""Dts=H"",""cols=1;rows=1"")","=BDH($D196,""MTG_GEN_CPR_12M"",""20090331"",""20090331"",""Dts=H"",""cols=1;rows=1"")","=BDH($D196,""MTG_GEN_CPR_3M"",""20090610"",""20090610"",""Dts=H"",""cols=1;rows=1"")","=BDH($D196,""MTG_GEN_CPR_6M"",""20090610"",""20090610"",""Dts=H"",""cols=1;rows=1"")","=BDH($D196,""MTG_GEN_CPR_12M"",""20090610"",""20090610"",""Dts=H"",""cols=1;rows=1"")"
31382KQ43,TNTD03335440,pass-through,31382KQ43 Mtge,"=BDH($D197,""MTG_GEN_CPR_3M"",""20090331"",""20090331"",""Dts=H"",""cols=1;rows=1"")","=BDH($D197,""MTG_GEN_CPR_6M"",""20090331"",""20090331"",""Dts=H"",""cols=1;rows=1"")","=BDH($D197,""MTG_GEN_CPR_12M"",""20090331"",""20090331"",""Dts=H"",""cols=1;rows=1"")","=BDH($D197,""MTG_GEN_CPR_3M"",""20090610"",""20090610"",""Dts=H"",""cols=1;rows=1"")","=BDH($D197,""MTG_GEN_CPR_6M"",""20090610"",""20090610"",""Dts=H"",""cols=1;rows=1"")","=BDH($D197,""MTG_GEN_CPR_12M"",""20090610"",""20090610"",""Dts=H"",""cols=1;rows=1"")"
31382KR26,TNTD03335437,pass-through,31382KR26 Mtge,"=BDH($D198,""MTG_GEN_CPR_3M"",""20090331"",""20090331"",""Dts=H"",""cols=1;rows=1"")","=BDH($D198,""MTG_GEN_CPR_6M"",""20090331"",""20090331"",""Dts=H"",""cols=1;rows=1"")","=BDH($D198,""MTG_GEN_CPR_12M"",""20090331"",""20090331"",""Dts=H"",""cols=1;rows=1"")","=BDH($D198,""MTG_GEN_CPR_3M"",""20090610"",""20090610"",""Dts=H"",""cols=1;rows=1"")","=BDH($D198,""MTG_GEN_CPR_6M"",""20090610"",""20090610"",""Dts=H"",""cols=1;rows=1"")","=BDH($D198,""MTG_GEN_CPR_12M"",""20090610"",""20090610"",""Dts=H"",""cols=1;rows=1"")"
31382LKE5,TNTD03325678,pass-through,31382LKE5 Mtge,"=BDH($D199,""MTG_GEN_CPR_3M"",""20090331"",""20090331"",""Dts=H"",""cols=1;rows=1"")","=BDH($D199,""MTG_GEN_CPR_6M"",""20090331"",""20090331"",""Dts=H"",""cols=1;rows=1"")","=BDH($D199,""MTG_GEN_CPR_12M"",""20090331"",""20090331"",""Dts=H"",""cols=1;rows=1"")","=BDH($D199,""MTG_GEN_CPR_3M"",""20090610"",""20090610"",""Dts=H"",""cols=1;rows=1"")","=BDH($D199,""MTG_GEN_CPR_6M"",""20090610"",""20090610"",""Dts=H"",""cols=1;rows=1"")","=BDH($D199,""MTG_GEN_CPR_12M"",""20090610"",""20090610"",""Dts=H"",""cols=1;rows=1"")"
31382NES7,TNTD03335431,pass-through,31382NES7 Mtge,"=BDH($D200,""MTG_GEN_CPR_3M"",""20090331"",""20090331"",""Dts=H"",""cols=1;rows=1"")","=BDH($D200,""MTG_GEN_CPR_6M"",""20090331"",""20090331"",""Dts=H"",""cols=1;rows=1"")","=BDH($D200,""MTG_GEN_CPR_12M"",""20090331"",""20090331"",""Dts=H"",""cols=1;rows=1"")","=BDH($D200,""MTG_GEN_CPR_3M"",""20090610"",""20090610"",""Dts=H"",""cols=1;rows=1"")","=BDH($D200,""MTG_GEN_CPR_6M"",""20090610"",""20090610"",""Dts=H"",""cols=1;rows=1"")","=BDH($D200,""MTG_GEN_CPR_12M"",""20090610"",""20090610"",""Dts=H"",""cols=1;rows=1"")"
31382PPC5,TNTD03335429,pass-through,31382PPC5 Mtge,"=BDH($D201,""MTG_GEN_CPR_3M"",""20090331"",""20090331"",""Dts=H"",""cols=1;rows=1"")","=BDH($D201,""MTG_GEN_CPR_6M"",""20090331"",""20090331"",""Dts=H"",""cols=1;rows=1"")","=BDH($D201,""MTG_GEN_CPR_12M"",""20090331"",""20090331"",""Dts=H"",""cols=1;rows=1"")","=BDH($D201,""MTG_GEN_CPR_3M"",""20090610"",""20090610"",""Dts=H"",""cols=1;rows=1"")","=BDH($D201,""MTG_GEN_CPR_6M"",""20090610"",""20090610"",""Dts=H"",""cols=1;rows=1"")","=BDH($D201,""MTG_GEN_CPR_12M"",""20090610"",""20090610"",""Dts=H"",""cols=1;rows=1"")"
31382RRH8,TNTD03326460,pass-through,31382RRH8 Mtge,"=BDH($D202,""MTG_GEN_CPR_3M"",""20090331"",""20090331"",""Dts=H"",""cols=1;rows=1"")","=BDH($D202,""MTG_GEN_CPR_6M"",""20090331"",""20090331"",""Dts=H"",""cols=1;rows=1"")","=BDH($D202,""MTG_GEN_CPR_12M"",""20090331"",""20090331"",""Dts=H"",""cols=1;rows=1"")","=BDH($D202,""MTG_GEN_CPR_3M"",""20090610"",""20090610"",""Dts=H"",""cols=1;rows=1"")","=BDH($D202,""MTG_GEN_CPR_6M"",""20090610"",""20090610"",""Dts=H"",""cols=1;rows=1"")","=BDH($D202,""MTG_GEN_CPR_12M"",""20090610"",""20090610"",""Dts=H"",""cols=1;rows=1"")"
31382TTG4,TNTD03335422,pass-through,31382TTG4 Mtge,"=BDH($D203,""MTG_GEN_CPR_3M"",""20090331"",""20090331"",""Dts=H"",""cols=1;rows=1"")","=BDH($D203,""MTG_GEN_CPR_6M"",""20090331"",""20090331"",""Dts=H"",""cols=1;rows=1"")","=BDH($D203,""MTG_GEN_CPR_12M"",""20090331"",""20090331"",""Dts=H"",""cols=1;rows=1"")","=BDH($D203,""MTG_GEN_CPR_3M"",""20090610"",""20090610"",""Dts=H"",""cols=1;rows=1"")","=BDH($D203,""MTG_GEN_CPR_6M"",""20090610"",""20090610"",""Dts=H"",""cols=1;rows=1"")","=BDH($D203,""MTG_GEN_CPR_12M"",""20090610"",""20090610"",""Dts=H"",""cols=1;rows=1"")"
31382TUC1,TNTD03335421,pass-through,31382TUC1 Mtge,"=BDH($D204,""MTG_GEN_CPR_3M"",""20090331"",""20090331"",""Dts=H"",""cols=1;rows=1"")","=BDH($D204,""MTG_GEN_CPR_6M"",""20090331"",""20090331"",""Dts=H"",""cols=1;rows=1"")","=BDH($D204,""MTG_GEN_CPR_12M"",""20090331"",""20090331"",""Dts=H"",""cols=1;rows=1"")","=BDH($D204,""MTG_GEN_CPR_3M"",""20090610"",""20090610"",""Dts=H"",""cols=1;rows=1"")","=BDH($D204,""MTG_GEN_CPR_6M"",""20090610"",""20090610"",""Dts=H"",""cols=1;rows=1"")","=BDH($D204,""MTG_GEN_CPR_12M"",""20090610"",""20090610"",""Dts=H"",""cols=1;rows=1"")"
31382VHM9,TNTD03335415,pass-through,31382VHM9 Mtge,"=BDH($D205,""MTG_GEN_CPR_3M"",""20090331"",""20090331"",""Dts=H"",""cols=1;rows=1"")","=BDH($D205,""MTG_GEN_CPR_6M"",""20090331"",""20090331"",""Dts=H"",""cols=1;rows=1"")","=BDH($D205,""MTG_GEN_CPR_12M"",""20090331"",""20090331"",""Dts=H"",""cols=1;rows=1"")","=BDH($D205,""MTG_GEN_CPR_3M"",""20090610"",""20090610"",""Dts=H"",""cols=1;rows=1"")","=BDH($D205,""MTG_GEN_CPR_6M"",""20090610"",""20090610"",""Dts=H"",""cols=1;rows=1"")","=BDH($D205,""MTG_GEN_CPR_12M"",""20090610"",""20090610"",""Dts=H"",""cols=1;rows=1"")"
31382XQE3,TNTD03331182,pass-through,31382XQE3 Mtge,"=BDH($D206,""MTG_GEN_CPR_3M"",""20090331"",""20090331"",""Dts=H"",""cols=1;rows=1"")","=BDH($D206,""MTG_GEN_CPR_6M"",""20090331"",""20090331"",""Dts=H"",""cols=1;rows=1"")","=BDH($D206,""MTG_GEN_CPR_12M"",""20090331"",""20090331"",""Dts=H"",""cols=1;rows=1"")","=BDH($D206,""MTG_GEN_CPR_3M"",""20090610"",""20090610"",""Dts=H"",""cols=1;rows=1"")","=BDH($D206,""MTG_GEN_CPR_6M"",""20090610"",""20090610"",""Dts=H"",""cols=1;rows=1"")","=BDH($D206,""MTG_GEN_CPR_12M"",""20090610"",""20090610"",""Dts=H"",""cols=1;rows=1"")"
31382YJK5,TNTD03308518,pass-through,31382YJK5 Mtge,"=BDH($D207,""MTG_GEN_CPR_3M"",""20090331"",""20090331"",""Dts=H"",""cols=1;rows=1"")","=BDH($D207,""MTG_GEN_CPR_6M"",""20090331"",""20090331"",""Dts=H"",""cols=1;rows=1"")","=BDH($D207,""MTG_GEN_CPR_12M"",""20090331"",""20090331"",""Dts=H"",""cols=1;rows=1"")","=BDH($D207,""MTG_GEN_CPR_3M"",""20090610"",""20090610"",""Dts=H"",""cols=1;rows=1"")","=BDH($D207,""MTG_GEN_CPR_6M"",""20090610"",""20090610"",""Dts=H"",""cols=1;rows=1"")","=BDH($D207,""MTG_GEN_CPR_12M"",""20090610"",""20090610"",""Dts=H"",""cols=1;rows=1"")"
31384V6K3,TNTD03367213,pass-through,31384V6K3 Mtge,"=BDH($D208,""MTG_GEN_CPR_3M"",""20090331"",""20090331"",""Dts=H"",""cols=1;rows=1"")","=BDH($D208,""MTG_GEN_CPR_6M"",""20090331"",""20090331"",""Dts=H"",""cols=1;rows=1"")","=BDH($D208,""MTG_GEN_CPR_12M"",""20090331"",""20090331"",""Dts=H"",""cols=1;rows=1"")","=BDH($D208,""MTG_GEN_CPR_3M"",""20090610"",""20090610"",""Dts=H"",""cols=1;rows=1"")","=BDH($D208,""MTG_GEN_CPR_6M"",""20090610"",""20090610"",""Dts=H"",""cols=1;rows=1"")","=BDH($D208,""MTG_GEN_CPR_12M"",""20090610"",""20090610"",""Dts=H"",""cols=1;rows=1"")"
31384VQR6,TNTD03344839,pass-through,31384VQR6 Mtge,"=BDH($D209,""MTG_GEN_CPR_3M"",""20090331"",""20090331"",""Dts=H"",""cols=1;rows=1"")","=BDH($D209,""MTG_GEN_CPR_6M"",""20090331"",""20090331"",""Dts=H"",""cols=1;rows=1"")","=BDH($D209,""MTG_GEN_CPR_12M"",""20090331"",""20090331"",""Dts=H"",""cols=1;rows=1"")","=BDH($D209,""MTG_GEN_CPR_3M"",""20090610"",""20090610"",""Dts=H"",""cols=1;rows=1"")","=BDH($D209,""MTG_GEN_CPR_6M"",""20090610"",""20090610"",""Dts=H"",""cols=1;rows=1"")","=BDH($D209,""MTG_GEN_CPR_12M"",""20090610"",""20090610"",""Dts=H"",""cols=1;rows=1"")"
31384VR53,TNTD03332426,pass-through,31384VR53 Mtge,"=BDH($D210,""MTG_GEN_CPR_3M"",""20090331"",""20090331"",""Dts=H"",""cols=1;rows=1"")","=BDH($D210,""MTG_GEN_CPR_6M"",""20090331"",""20090331"",""Dts=H"",""cols=1;rows=1"")","=BDH($D210,""MTG_GEN_CPR_12M"",""20090331"",""20090331"",""Dts=H"",""cols=1;rows=1"")","=BDH($D210,""MTG_GEN_CPR_3M"",""20090610"",""20090610"",""Dts=H"",""cols=1;rows=1"")","=BDH($D210,""MTG_GEN_CPR_6M"",""20090610"",""20090610"",""Dts=H"",""cols=1;rows=1"")","=BDH($D210,""MTG_GEN_CPR_12M"",""20090610"",""20090610"",""Dts=H"",""cols=1;rows=1"")"
31384VRC8,TNTD03320579,pass-through,31384VRC8 Mtge,"=BDH($D211,""MTG_GEN_CPR_3M"",""20090331"",""20090331"",""Dts=H"",""cols=1;rows=1"")","=BDH($D211,""MTG_GEN_CPR_6M"",""20090331"",""20090331"",""Dts=H"",""cols=1;rows=1"")","=BDH($D211,""MTG_GEN_CPR_12M"",""20090331"",""20090331"",""Dts=H"",""cols=1;rows=1"")","=BDH($D211,""MTG_GEN_CPR_3M"",""20090610"",""20090610"",""Dts=H"",""cols=1;rows=1"")","=BDH($D211,""MTG_GEN_CPR_6M"",""20090610"",""20090610"",""Dts=H"",""cols=1;rows=1"")","=BDH($D211,""MTG_GEN_CPR_12M"",""20090610"",""20090610"",""Dts=H"",""cols=1;rows=1"")"
31385CEC3,TNTD03330583,pass-through,31385CEC3 Mtge,"=BDH($D212,""MTG_GEN_CPR_3M"",""20090331"",""20090331"",""Dts=H"",""cols=1;rows=1"")","=BDH($D212,""MTG_GEN_CPR_6M"",""20090331"",""20090331"",""Dts=H"",""cols=1;rows=1"")","=BDH($D212,""MTG_GEN_CPR_12M"",""20090331"",""20090331"",""Dts=H"",""cols=1;rows=1"")","=BDH($D212,""MTG_GEN_CPR_3M"",""20090610"",""20090610"",""Dts=H"",""cols=1;rows=1"")","=BDH($D212,""MTG_GEN_CPR_6M"",""20090610"",""20090610"",""Dts=H"",""cols=1;rows=1"")","=BDH($D212,""MTG_GEN_CPR_12M"",""20090610"",""20090610"",""Dts=H"",""cols=1;rows=1"")"
31385CHF3,TNTD03336149,pass-through,31385CHF3 Mtge,"=BDH($D213,""MTG_GEN_CPR_3M"",""20090331"",""20090331"",""Dts=H"",""cols=1;rows=1"")","=BDH($D213,""MTG_GEN_CPR_6M"",""20090331"",""20090331"",""Dts=H"",""cols=1;rows=1"")","=BDH($D213,""MTG_GEN_CPR_12M"",""20090331"",""20090331"",""Dts=H"",""cols=1;rows=1"")","=BDH($D213,""MTG_GEN_CPR_3M"",""20090610"",""20090610"",""Dts=H"",""cols=1;rows=1"")","=BDH($D213,""MTG_GEN_CPR_6M"",""20090610"",""20090610"",""Dts=H"",""cols=1;rows=1"")","=BDH($D213,""MTG_GEN_CPR_12M"",""20090610"",""20090610"",""Dts=H"",""cols=1;rows=1"")"
31385JD39,TNTD03354131,pass-through,31385JD39 Mtge,"=BDH($D214,""MTG_GEN_CPR_3M"",""20090331"",""20090331"",""Dts=H"",""cols=1;rows=1"")","=BDH($D214,""MTG_GEN_CPR_6M"",""20090331"",""20090331"",""Dts=H"",""cols=1;rows=1"")","=BDH($D214,""MTG_GEN_CPR_12M"",""20090331"",""20090331"",""Dts=H"",""cols=1;rows=1"")","=BDH($D214,""MTG_GEN_CPR_3M"",""20090610"",""20090610"",""Dts=H"",""cols=1;rows=1"")","=BDH($D214,""MTG_GEN_CPR_6M"",""20090610"",""20090610"",""Dts=H"",""cols=1;rows=1"")","=BDH($D214,""MTG_GEN_CPR_12M"",""20090610"",""20090610"",""Dts=H"",""cols=1;rows=1"")"
31385JJF6,TNTD03332867,pass-through,31385JJF6 Mtge,"=BDH($D215,""MTG_GEN_CPR_3M"",""20090331"",""20090331"",""Dts=H"",""cols=1;rows=1"")","=BDH($D215,""MTG_GEN_CPR_6M"",""20090331"",""20090331"",""Dts=H"",""cols=1;rows=1"")","=BDH($D215,""MTG_GEN_CPR_12M"",""20090331"",""20090331"",""Dts=H"",""cols=1;rows=1"")","=BDH($D215,""MTG_GEN_CPR_3M"",""20090610"",""20090610"",""Dts=H"",""cols=1;rows=1"")","=BDH($D215,""MTG_GEN_CPR_6M"",""20090610"",""20090610"",""Dts=H"",""cols=1;rows=1"")","=BDH($D215,""MTG_GEN_CPR_12M"",""20090610"",""20090610"",""Dts=H"",""cols=1;rows=1"")"
31385W6V6,TNTD03316479,pass-through,31385W6V6 Mtge,"=BDH($D216,""MTG_GEN_CPR_3M"",""20090331"",""20090331"",""Dts=H"",""cols=1;rows=1"")","=BDH($D216,""MTG_GEN_CPR_6M"",""20090331"",""20090331"",""Dts=H"",""cols=1;rows=1"")","=BDH($D216,""MTG_GEN_CPR_12M"",""20090331"",""20090331"",""Dts=H"",""cols=1;rows=1"")","=BDH($D216,""MTG_GEN_CPR_3M"",""20090610"",""20090610"",""Dts=H"",""cols=1;rows=1"")","=BDH($D216,""MTG_GEN_CPR_6M"",""20090610"",""20090610"",""Dts=H"",""cols=1;rows=1"")","=BDH($D216,""MTG_GEN_CPR_12M"",""20090610"",""20090610"",""Dts=H"",""cols=1;rows=1"")"
31385W7B9,TNTD03383839,pass-through,31385W7B9 Mtge,"=BDH($D217,""MTG_GEN_CPR_3M"",""20090331"",""20090331"",""Dts=H"",""cols=1;rows=1"")","=BDH($D217,""MTG_GEN_CPR_6M"",""20090331"",""20090331"",""Dts=H"",""cols=1;rows=1"")","=BDH($D217,""MTG_GEN_CPR_12M"",""20090331"",""20090331"",""Dts=H"",""cols=1;rows=1"")","=BDH($D217,""MTG_GEN_CPR_3M"",""20090610"",""20090610"",""Dts=H"",""cols=1;rows=1"")","=BDH($D217,""MTG_GEN_CPR_6M"",""20090610"",""20090610"",""Dts=H"",""cols=1;rows=1"")","=BDH($D217,""MTG_GEN_CPR_12M"",""20090610"",""20090610"",""Dts=H"",""cols=1;rows=1"")"
31385WYC7,TNTD03360003,pass-through,31385WYC7 Mtge,"=BDH($D218,""MTG_GEN_CPR_3M"",""20090331"",""20090331"",""Dts=H"",""cols=1;rows=1"")","=BDH($D218,""MTG_GEN_CPR_6M"",""20090331"",""20090331"",""Dts=H"",""cols=1;rows=1"")","=BDH($D218,""MTG_GEN_CPR_12M"",""20090331"",""20090331"",""Dts=H"",""cols=1;rows=1"")","=BDH($D218,""MTG_GEN_CPR_3M"",""20090610"",""20090610"",""Dts=H"",""cols=1;rows=1"")","=BDH($D218,""MTG_GEN_CPR_6M"",""20090610"",""20090610"",""Dts=H"",""cols=1;rows=1"")","=BDH($D218,""MTG_GEN_CPR_12M"",""20090610"",""20090610"",""Dts=H"",""cols=1;rows=1"")"
31385WZX0,TNTD03408737,pass-through,31385WZX0 Mtge,"=BDH($D219,""MTG_GEN_CPR_3M"",""20090331"",""20090331"",""Dts=H"",""cols=1;rows=1"")","=BDH($D219,""MTG_GEN_CPR_6M"",""20090331"",""20090331"",""Dts=H"",""cols=1;rows=1"")","=BDH($D219,""MTG_GEN_CPR_12M"",""20090331"",""20090331"",""Dts=H"",""cols=1;rows=1"")","=BDH($D219,""MTG_GEN_CPR_3M"",""20090610"",""20090610"",""Dts=H"",""cols=1;rows=1"")","=BDH($D219,""MTG_GEN_CPR_6M"",""20090610"",""20090610"",""Dts=H"",""cols=1;rows=1"")","=BDH($D219,""MTG_GEN_CPR_12M"",""20090610"",""20090610"",""Dts=H"",""cols=1;rows=1"")"
31385XDL8,TNTD03384796,pass-through,31385XDL8 Mtge,"=BDH($D220,""MTG_GEN_CPR_3M"",""20090331"",""20090331"",""Dts=H"",""cols=1;rows=1"")","=BDH($D220,""MTG_GEN_CPR_6M"",""20090331"",""20090331"",""Dts=H"",""cols=1;rows=1"")","=BDH($D220,""MTG_GEN_CPR_12M"",""20090331"",""20090331"",""Dts=H"",""cols=1;rows=1"")","=BDH($D220,""MTG_GEN_CPR_3M"",""20090610"",""20090610"",""Dts=H"",""cols=1;rows=1"")","=BDH($D220,""MTG_GEN_CPR_6M"",""20090610"",""20090610"",""Dts=H"",""cols=1;rows=1"")","=BDH($D220,""MTG_GEN_CPR_12M"",""20090610"",""20090610"",""Dts=H"",""cols=1;rows=1"")"
31385XEC7,TNTD03363993,pass-through,31385XEC7 Mtge,"=BDH($D221,""MTG_GEN_CPR_3M"",""20090331"",""20090331"",""Dts=H"",""cols=1;rows=1"")","=BDH($D221,""MTG_GEN_CPR_6M"",""20090331"",""20090331"",""Dts=H"",""cols=1;rows=1"")","=BDH($D221,""MTG_GEN_CPR_12M"",""20090331"",""20090331"",""Dts=H"",""cols=1;rows=1"")","=BDH($D221,""MTG_GEN_CPR_3M"",""20090610"",""20090610"",""Dts=H"",""cols=1;rows=1"")","=BDH($D221,""MTG_GEN_CPR_6M"",""20090610"",""20090610"",""Dts=H"",""cols=1;rows=1"")","=BDH($D221,""MTG_GEN_CPR_12M"",""20090610"",""20090610"",""Dts=H"",""cols=1;rows=1"")"
31385XFF9,TNTD03409106,pass-through,31385XFF9 Mtge,"=BDH($D222,""MTG_GEN_CPR_3M"",""20090331"",""20090331"",""Dts=H"",""cols=1;rows=1"")","=BDH($D222,""MTG_GEN_CPR_6M"",""20090331"",""20090331"",""Dts=H"",""cols=1;rows=1"")","=BDH($D222,""MTG_GEN_CPR_12M"",""20090331"",""20090331"",""Dts=H"",""cols=1;rows=1"")","=BDH($D222,""MTG_GEN_CPR_3M"",""20090610"",""20090610"",""Dts=H"",""cols=1;rows=1"")","=BDH($D222,""MTG_GEN_CPR_6M"",""20090610"",""20090610"",""Dts=H"",""cols=1;rows=1"")","=BDH($D222,""MTG_GEN_CPR_12M"",""20090610"",""20090610"",""Dts=H"",""cols=1;rows=1"")"
31385XKK2,TNTD03379495,pass-through,31385XKK2 Mtge,"=BDH($D223,""MTG_GEN_CPR_3M"",""20090331"",""20090331"",""Dts=H"",""cols=1;rows=1"")","=BDH($D223,""MTG_GEN_CPR_6M"",""20090331"",""20090331"",""Dts=H"",""cols=1;rows=1"")","=BDH($D223,""MTG_GEN_CPR_12M"",""20090331"",""20090331"",""Dts=H"",""cols=1;rows=1"")","=BDH($D223,""MTG_GEN_CPR_3M"",""20090610"",""20090610"",""Dts=H"",""cols=1;rows=1"")","=BDH($D223,""MTG_GEN_CPR_6M"",""20090610"",""20090610"",""Dts=H"",""cols=1;rows=1"")","=BDH($D223,""MTG_GEN_CPR_12M"",""20090610"",""20090610"",""Dts=H"",""cols=1;rows=1"")"
31385XLM7,TNTD03384289,pass-through,31385XLM7 Mtge,"=BDH($D224,""MTG_GEN_CPR_3M"",""20090331"",""20090331"",""Dts=H"",""cols=1;rows=1"")","=BDH($D224,""MTG_GEN_CPR_6M"",""20090331"",""20090331"",""Dts=H"",""cols=1;rows=1"")","=BDH($D224,""MTG_GEN_CPR_12M"",""20090331"",""20090331"",""Dts=H"",""cols=1;rows=1"")","=BDH($D224,""MTG_GEN_CPR_3M"",""20090610"",""20090610"",""Dts=H"",""cols=1;rows=1"")","=BDH($D224,""MTG_GEN_CPR_6M"",""20090610"",""20090610"",""Dts=H"",""cols=1;rows=1"")","=BDH($D224,""MTG_GEN_CPR_12M"",""20090610"",""20090610"",""Dts=H"",""cols=1;rows=1"")"
31385XLV7,TNTD03369742,pass-through,31385XLV7 Mtge,"=BDH($D225,""MTG_GEN_CPR_3M"",""20090331"",""20090331"",""Dts=H"",""cols=1;rows=1"")","=BDH($D225,""MTG_GEN_CPR_6M"",""20090331"",""20090331"",""Dts=H"",""cols=1;rows=1"")","=BDH($D225,""MTG_GEN_CPR_12M"",""20090331"",""20090331"",""Dts=H"",""cols=1;rows=1"")","=BDH($D225,""MTG_GEN_CPR_3M"",""20090610"",""20090610"",""Dts=H"",""cols=1;rows=1"")","=BDH($D225,""MTG_GEN_CPR_6M"",""20090610"",""20090610"",""Dts=H"",""cols=1;rows=1"")","=BDH($D225,""MTG_GEN_CPR_12M"",""20090610"",""20090610"",""Dts=H"",""cols=1;rows=1"")"
31385XNG8,TNTD03369486,pass-through,31385XNG8 Mtge,"=BDH($D226,""MTG_GEN_CPR_3M"",""20090331"",""20090331"",""Dts=H"",""cols=1;rows=1"")","=BDH($D226,""MTG_GEN_CPR_6M"",""20090331"",""20090331"",""Dts=H"",""cols=1;rows=1"")","=BDH($D226,""MTG_GEN_CPR_12M"",""20090331"",""20090331"",""Dts=H"",""cols=1;rows=1"")","=BDH($D226,""MTG_GEN_CPR_3M"",""20090610"",""20090610"",""Dts=H"",""cols=1;rows=1"")","=BDH($D226,""MTG_GEN_CPR_6M"",""20090610"",""20090610"",""Dts=H"",""cols=1;rows=1"")","=BDH($D226,""MTG_GEN_CPR_12M"",""20090610"",""20090610"",""Dts=H"",""cols=1;rows=1"")"
31386Y5M2,TNTD03403252,pass-through,31386Y5M2 Mtge,"=BDH($D227,""MTG_GEN_CPR_3M"",""20090331"",""20090331"",""Dts=H"",""cols=1;rows=1"")","=BDH($D227,""MTG_GEN_CPR_6M"",""20090331"",""20090331"",""Dts=H"",""cols=1;rows=1"")","=BDH($D227,""MTG_GEN_CPR_12M"",""20090331"",""20090331"",""Dts=H"",""cols=1;rows=1"")","=BDH($D227,""MTG_GEN_CPR_3M"",""20090610"",""20090610"",""Dts=H"",""cols=1;rows=1"")","=BDH($D227,""MTG_GEN_CPR_6M"",""20090610"",""20090610"",""Dts=H"",""cols=1;rows=1"")","=BDH($D227,""MTG_GEN_CPR_12M"",""20090610"",""20090610"",""Dts=H"",""cols=1;rows=1"")"
31388PCR0,TNTD03330460,pass-through,31388PCR0 Mtge,"=BDH($D228,""MTG_GEN_CPR_3M"",""20090331"",""20090331"",""Dts=H"",""cols=1;rows=1"")","=BDH($D228,""MTG_GEN_CPR_6M"",""20090331"",""20090331"",""Dts=H"",""cols=1;rows=1"")","=BDH($D228,""MTG_GEN_CPR_12M"",""20090331"",""20090331"",""Dts=H"",""cols=1;rows=1"")","=BDH($D228,""MTG_GEN_CPR_3M"",""20090610"",""20090610"",""Dts=H"",""cols=1;rows=1"")","=BDH($D228,""MTG_GEN_CPR_6M"",""20090610"",""20090610"",""Dts=H"",""cols=1;rows=1"")","=BDH($D228,""MTG_GEN_CPR_12M"",""20090610"",""20090610"",""Dts=H"",""cols=1;rows=1"")"
31388TC68,TNTD03347997,pass-through,31388TC68 Mtge,"=BDH($D229,""MTG_GEN_CPR_3M"",""20090331"",""20090331"",""Dts=H"",""cols=1;rows=1"")","=BDH($D229,""MTG_GEN_CPR_6M"",""20090331"",""20090331"",""Dts=H"",""cols=1;rows=1"")","=BDH($D229,""MTG_GEN_CPR_12M"",""20090331"",""20090331"",""Dts=H"",""cols=1;rows=1"")","=BDH($D229,""MTG_GEN_CPR_3M"",""20090610"",""20090610"",""Dts=H"",""cols=1;rows=1"")","=BDH($D229,""MTG_GEN_CPR_6M"",""20090610"",""20090610"",""Dts=H"",""cols=1;rows=1"")","=BDH($D229,""MTG_GEN_CPR_12M"",""20090610"",""20090610"",""Dts=H"",""cols=1;rows=1"")"
31389HN79,TNTD03349070,pass-through,31389HN79 Mtge,"=BDH($D230,""MTG_GEN_CPR_3M"",""20090331"",""20090331"",""Dts=H"",""cols=1;rows=1"")","=BDH($D230,""MTG_GEN_CPR_6M"",""20090331"",""20090331"",""Dts=H"",""cols=1;rows=1"")","=BDH($D230,""MTG_GEN_CPR_12M"",""20090331"",""20090331"",""Dts=H"",""cols=1;rows=1"")","=BDH($D230,""MTG_GEN_CPR_3M"",""20090610"",""20090610"",""Dts=H"",""cols=1;rows=1"")","=BDH($D230,""MTG_GEN_CPR_6M"",""20090610"",""20090610"",""Dts=H"",""cols=1;rows=1"")","=BDH($D230,""MTG_GEN_CPR_12M"",""20090610"",""20090610"",""Dts=H"",""cols=1;rows=1"")"
31390EJB9,TNTD03354395,pass-through,31390EJB9 Mtge,"=BDH($D231,""MTG_GEN_CPR_3M"",""20090331"",""20090331"",""Dts=H"",""cols=1;rows=1"")","=BDH($D231,""MTG_GEN_CPR_6M"",""20090331"",""20090331"",""Dts=H"",""cols=1;rows=1"")","=BDH($D231,""MTG_GEN_CPR_12M"",""20090331"",""20090331"",""Dts=H"",""cols=1;rows=1"")","=BDH($D231,""MTG_GEN_CPR_3M"",""20090610"",""20090610"",""Dts=H"",""cols=1;rows=1"")","=BDH($D231,""MTG_GEN_CPR_6M"",""20090610"",""20090610"",""Dts=H"",""cols=1;rows=1"")","=BDH($D231,""MTG_GEN_CPR_12M"",""20090610"",""20090610"",""Dts=H"",""cols=1;rows=1"")"
31390JTB7,TNTD03308788,pass-through,31390JTB7 Mtge,"=BDH($D232,""MTG_GEN_CPR_3M"",""20090331"",""20090331"",""Dts=H"",""cols=1;rows=1"")","=BDH($D232,""MTG_GEN_CPR_6M"",""20090331"",""20090331"",""Dts=H"",""cols=1;rows=1"")","=BDH($D232,""MTG_GEN_CPR_12M"",""20090331"",""20090331"",""Dts=H"",""cols=1;rows=1"")","=BDH($D232,""MTG_GEN_CPR_3M"",""20090610"",""20090610"",""Dts=H"",""cols=1;rows=1"")","=BDH($D232,""MTG_GEN_CPR_6M"",""20090610"",""20090610"",""Dts=H"",""cols=1;rows=1"")","=BDH($D232,""MTG_GEN_CPR_12M"",""20090610"",""20090610"",""Dts=H"",""cols=1;rows=1"")"
31390P7C5,TNTD03365803,pass-through,31390P7C5 Mtge,"=BDH($D233,""MTG_GEN_CPR_3M"",""20090331"",""20090331"",""Dts=H"",""cols=1;rows=1"")","=BDH($D233,""MTG_GEN_CPR_6M"",""20090331"",""20090331"",""Dts=H"",""cols=1;rows=1"")","=BDH($D233,""MTG_GEN_CPR_12M"",""20090331"",""20090331"",""Dts=H"",""cols=1;rows=1"")","=BDH($D233,""MTG_GEN_CPR_3M"",""20090610"",""20090610"",""Dts=H"",""cols=1;rows=1"")","=BDH($D233,""MTG_GEN_CPR_6M"",""20090610"",""20090610"",""Dts=H"",""cols=1;rows=1"")","=BDH($D233,""MTG_GEN_CPR_12M"",""20090610"",""20090610"",""Dts=H"",""cols=1;rows=1"")"
31390QTD7,TNTD03362775,pass-through,31390QTD7 Mtge,"=BDH($D234,""MTG_GEN_CPR_3M"",""20090331"",""20090331"",""Dts=H"",""cols=1;rows=1"")","=BDH($D234,""MTG_GEN_CPR_6M"",""20090331"",""20090331"",""Dts=H"",""cols=1;rows=1"")","=BDH($D234,""MTG_GEN_CPR_12M"",""20090331"",""20090331"",""Dts=H"",""cols=1;rows=1"")","=BDH($D234,""MTG_GEN_CPR_3M"",""20090610"",""20090610"",""Dts=H"",""cols=1;rows=1"")","=BDH($D234,""MTG_GEN_CPR_6M"",""20090610"",""20090610"",""Dts=H"",""cols=1;rows=1"")","=BDH($D234,""MTG_GEN_CPR_12M"",""20090610"",""20090610"",""Dts=H"",""cols=1;rows=1"")"
31390SJ85,TNTD03381516,pass-through,31390SJ85 Mtge,"=BDH($D235,""MTG_GEN_CPR_3M"",""20090331"",""20090331"",""Dts=H"",""cols=1;rows=1"")","=BDH($D235,""MTG_GEN_CPR_6M"",""20090331"",""20090331"",""Dts=H"",""cols=1;rows=1"")","=BDH($D235,""MTG_GEN_CPR_12M"",""20090331"",""20090331"",""Dts=H"",""cols=1;rows=1"")","=BDH($D235,""MTG_GEN_CPR_3M"",""20090610"",""20090610"",""Dts=H"",""cols=1;rows=1"")","=BDH($D235,""MTG_GEN_CPR_6M"",""20090610"",""20090610"",""Dts=H"",""cols=1;rows=1"")","=BDH($D235,""MTG_GEN_CPR_12M"",""20090610"",""20090610"",""Dts=H"",""cols=1;rows=1"")"
31391HFQ2,TNTD03362215,pass-through,31391HFQ2 Mtge,"=BDH($D236,""MTG_GEN_CPR_3M"",""20090331"",""20090331"",""Dts=H"",""cols=1;rows=1"")","=BDH($D236,""MTG_GEN_CPR_6M"",""20090331"",""20090331"",""Dts=H"",""cols=1;rows=1"")","=BDH($D236,""MTG_GEN_CPR_12M"",""20090331"",""20090331"",""Dts=H"",""cols=1;rows=1"")","=BDH($D236,""MTG_GEN_CPR_3M"",""20090610"",""20090610"",""Dts=H"",""cols=1;rows=1"")","=BDH($D236,""MTG_GEN_CPR_6M"",""20090610"",""20090610"",""Dts=H"",""cols=1;rows=1"")","=BDH($D236,""MTG_GEN_CPR_12M"",""20090610"",""20090610"",""Dts=H"",""cols=1;rows=1"")"
31391KAL1,TNTD03360782,pass-through,31391KAL1 Mtge,"=BDH($D237,""MTG_GEN_CPR_3M"",""20090331"",""20090331"",""Dts=H"",""cols=1;rows=1"")","=BDH($D237,""MTG_GEN_CPR_6M"",""20090331"",""20090331"",""Dts=H"",""cols=1;rows=1"")","=BDH($D237,""MTG_GEN_CPR_12M"",""20090331"",""20090331"",""Dts=H"",""cols=1;rows=1"")","=BDH($D237,""MTG_GEN_CPR_3M"",""20090610"",""20090610"",""Dts=H"",""cols=1;rows=1"")","=BDH($D237,""MTG_GEN_CPR_6M"",""20090610"",""20090610"",""Dts=H"",""cols=1;rows=1"")","=BDH($D237,""MTG_GEN_CPR_12M"",""20090610"",""20090610"",""Dts=H"",""cols=1;rows=1"")"
31391N7M7,TNTD03361990,pass-through,31391N7M7 Mtge,"=BDH($D238,""MTG_GEN_CPR_3M"",""20090331"",""20090331"",""Dts=H"",""cols=1;rows=1"")","=BDH($D238,""MTG_GEN_CPR_6M"",""20090331"",""20090331"",""Dts=H"",""cols=1;rows=1"")","=BDH($D238,""MTG_GEN_CPR_12M"",""20090331"",""20090331"",""Dts=H"",""cols=1;rows=1"")","=BDH($D238,""MTG_GEN_CPR_3M"",""20090610"",""20090610"",""Dts=H"",""cols=1;rows=1"")","=BDH($D238,""MTG_GEN_CPR_6M"",""20090610"",""20090610"",""Dts=H"",""cols=1;rows=1"")","=BDH($D238,""MTG_GEN_CPR_12M"",""20090610"",""20090610"",""Dts=H"",""cols=1;rows=1"")"
31391PUV6,TNTD03392573,pass-through,31391PUV6 Mtge,"=BDH($D239,""MTG_GEN_CPR_3M"",""20090331"",""20090331"",""Dts=H"",""cols=1;rows=1"")","=BDH($D239,""MTG_GEN_CPR_6M"",""20090331"",""20090331"",""Dts=H"",""cols=1;rows=1"")","=BDH($D239,""MTG_GEN_CPR_12M"",""20090331"",""20090331"",""Dts=H"",""cols=1;rows=1"")","=BDH($D239,""MTG_GEN_CPR_3M"",""20090610"",""20090610"",""Dts=H"",""cols=1;rows=1"")","=BDH($D239,""MTG_GEN_CPR_6M"",""20090610"",""20090610"",""Dts=H"",""cols=1;rows=1"")","=BDH($D239,""MTG_GEN_CPR_12M"",""20090610"",""20090610"",""Dts=H"",""cols=1;rows=1"")"
31391QTJ3,TNTD03358513,pass-through,31391QTJ3 Mtge,"=BDH($D240,""MTG_GEN_CPR_3M"",""20090331"",""20090331"",""Dts=H"",""cols=1;rows=1"")","=BDH($D240,""MTG_GEN_CPR_6M"",""20090331"",""20090331"",""Dts=H"",""cols=1;rows=1"")","=BDH($D240,""MTG_GEN_CPR_12M"",""20090331"",""20090331"",""Dts=H"",""cols=1;rows=1"")","=BDH($D240,""MTG_GEN_CPR_3M"",""20090610"",""20090610"",""Dts=H"",""cols=1;rows=1"")","=BDH($D240,""MTG_GEN_CPR_6M"",""20090610"",""20090610"",""Dts=H"",""cols=1;rows=1"")","=BDH($D240,""MTG_GEN_CPR_12M"",""20090610"",""20090610"",""Dts=H"",""cols=1;rows=1"")"
31391REW8,TNTD03316702,pass-through,31391REW8 Mtge,"=BDH($D241,""MTG_GEN_CPR_3M"",""20090331"",""20090331"",""Dts=H"",""cols=1;rows=1"")","=BDH($D241,""MTG_GEN_CPR_6M"",""20090331"",""20090331"",""Dts=H"",""cols=1;rows=1"")","=BDH($D241,""MTG_GEN_CPR_12M"",""20090331"",""20090331"",""Dts=H"",""cols=1;rows=1"")","=BDH($D241,""MTG_GEN_CPR_3M"",""20090610"",""20090610"",""Dts=H"",""cols=1;rows=1"")","=BDH($D241,""MTG_GEN_CPR_6M"",""20090610"",""20090610"",""Dts=H"",""cols=1;rows=1"")","=BDH($D241,""MTG_GEN_CPR_12M"",""20090610"",""20090610"",""Dts=H"",""cols=1;rows=1"")"
31391W6L0,TNTD03322276,pass-through,31391W6L0 Mtge,"=BDH($D242,""MTG_GEN_CPR_3M"",""20090331"",""20090331"",""Dts=H"",""cols=1;rows=1"")","=BDH($D242,""MTG_GEN_CPR_6M"",""20090331"",""20090331"",""Dts=H"",""cols=1;rows=1"")","=BDH($D242,""MTG_GEN_CPR_12M"",""20090331"",""20090331"",""Dts=H"",""cols=1;rows=1"")","=BDH($D242,""MTG_GEN_CPR_3M"",""20090610"",""20090610"",""Dts=H"",""cols=1;rows=1"")","=BDH($D242,""MTG_GEN_CPR_6M"",""20090610"",""20090610"",""Dts=H"",""cols=1;rows=1"")","=BDH($D242,""MTG_GEN_CPR_12M"",""20090610"",""20090610"",""Dts=H"",""cols=1;rows=1"")"
31391YTH0,TNTD03359807,pass-through,31391YTH0 Mtge,"=BDH($D243,""MTG_GEN_CPR_3M"",""20090331"",""20090331"",""Dts=H"",""cols=1;rows=1"")","=BDH($D243,""MTG_GEN_CPR_6M"",""20090331"",""20090331"",""Dts=H"",""cols=1;rows=1"")","=BDH($D243,""MTG_GEN_CPR_12M"",""20090331"",""20090331"",""Dts=H"",""cols=1;rows=1"")","=BDH($D243,""MTG_GEN_CPR_3M"",""20090610"",""20090610"",""Dts=H"",""cols=1;rows=1"")","=BDH($D243,""MTG_GEN_CPR_6M"",""20090610"",""20090610"",""Dts=H"",""cols=1;rows=1"")","=BDH($D243,""MTG_GEN_CPR_12M"",""20090610"",""20090610"",""Dts=H"",""cols=1;rows=1"")"
31400AMX3,TNTD03359920,pass-through,31400AMX3 Mtge,"=BDH($D244,""MTG_GEN_CPR_3M"",""20090331"",""20090331"",""Dts=H"",""cols=1;rows=1"")","=BDH($D244,""MTG_GEN_CPR_6M"",""20090331"",""20090331"",""Dts=H"",""cols=1;rows=1"")","=BDH($D244,""MTG_GEN_CPR_12M"",""20090331"",""20090331"",""Dts=H"",""cols=1;rows=1"")","=BDH($D244,""MTG_GEN_CPR_3M"",""20090610"",""20090610"",""Dts=H"",""cols=1;rows=1"")","=BDH($D244,""MTG_GEN_CPR_6M"",""20090610"",""20090610"",""Dts=H"",""cols=1;rows=1"")","=BDH($D244,""MTG_GEN_CPR_12M"",""20090610"",""20090610"",""Dts=H"",""cols=1;rows=1"")"
31400JA25,TNTD03336006,pass-through,31400JA25 Mtge,"=BDH($D245,""MTG_GEN_CPR_3M"",""20090331"",""20090331"",""Dts=H"",""cols=1;rows=1"")","=BDH($D245,""MTG_GEN_CPR_6M"",""20090331"",""20090331"",""Dts=H"",""cols=1;rows=1"")","=BDH($D245,""MTG_GEN_CPR_12M"",""20090331"",""20090331"",""Dts=H"",""cols=1;rows=1"")","=BDH($D245,""MTG_GEN_CPR_3M"",""20090610"",""20090610"",""Dts=H"",""cols=1;rows=1"")","=BDH($D245,""MTG_GEN_CPR_6M"",""20090610"",""20090610"",""Dts=H"",""cols=1;rows=1"")","=BDH($D245,""MTG_GEN_CPR_12M"",""20090610"",""20090610"",""Dts=H"",""cols=1;rows=1"")"
31400JBY4,TNTD03336053,pass-through,31400JBY4 Mtge,"=BDH($D246,""MTG_GEN_CPR_3M"",""20090331"",""20090331"",""Dts=H"",""cols=1;rows=1"")","=BDH($D246,""MTG_GEN_CPR_6M"",""20090331"",""20090331"",""Dts=H"",""cols=1;rows=1"")","=BDH($D246,""MTG_GEN_CPR_12M"",""20090331"",""20090331"",""Dts=H"",""cols=1;rows=1"")","=BDH($D246,""MTG_GEN_CPR_3M"",""20090610"",""20090610"",""Dts=H"",""cols=1;rows=1"")","=BDH($D246,""MTG_GEN_CPR_6M"",""20090610"",""20090610"",""Dts=H"",""cols=1;rows=1"")","=BDH($D246,""MTG_GEN_CPR_12M"",""20090610"",""20090610"",""Dts=H"",""cols=1;rows=1"")"
31400KQ66,TNTD03333831,pass-through,31400KQ66 Mtge,"=BDH($D247,""MTG_GEN_CPR_3M"",""20090331"",""20090331"",""Dts=H"",""cols=1;rows=1"")","=BDH($D247,""MTG_GEN_CPR_6M"",""20090331"",""20090331"",""Dts=H"",""cols=1;rows=1"")","=BDH($D247,""MTG_GEN_CPR_12M"",""20090331"",""20090331"",""Dts=H"",""cols=1;rows=1"")","=BDH($D247,""MTG_GEN_CPR_3M"",""20090610"",""20090610"",""Dts=H"",""cols=1;rows=1"")","=BDH($D247,""MTG_GEN_CPR_6M"",""20090610"",""20090610"",""Dts=H"",""cols=1;rows=1"")","=BDH($D247,""MTG_GEN_CPR_12M"",""20090610"",""20090610"",""Dts=H"",""cols=1;rows=1"")"
31400QVB6,TNTD03371468,pass-through,31400QVB6 Mtge,"=BDH($D248,""MTG_GEN_CPR_3M"",""20090331"",""20090331"",""Dts=H"",""cols=1;rows=1"")","=BDH($D248,""MTG_GEN_CPR_6M"",""20090331"",""20090331"",""Dts=H"",""cols=1;rows=1"")","=BDH($D248,""MTG_GEN_CPR_12M"",""20090331"",""20090331"",""Dts=H"",""cols=1;rows=1"")","=BDH($D248,""MTG_GEN_CPR_3M"",""20090610"",""20090610"",""Dts=H"",""cols=1;rows=1"")","=BDH($D248,""MTG_GEN_CPR_6M"",""20090610"",""20090610"",""Dts=H"",""cols=1;rows=1"")","=BDH($D248,""MTG_GEN_CPR_12M"",""20090610"",""20090610"",""Dts=H"",""cols=1;rows=1"")"
31400RNS6,TNTD03402471,pass-through,31400RNS6 Mtge,"=BDH($D249,""MTG_GEN_CPR_3M"",""20090331"",""20090331"",""Dts=H"",""cols=1;rows=1"")","=BDH($D249,""MTG_GEN_CPR_6M"",""20090331"",""20090331"",""Dts=H"",""cols=1;rows=1"")","=BDH($D249,""MTG_GEN_CPR_12M"",""20090331"",""20090331"",""Dts=H"",""cols=1;rows=1"")","=BDH($D249,""MTG_GEN_CPR_3M"",""20090610"",""20090610"",""Dts=H"",""cols=1;rows=1"")","=BDH($D249,""MTG_GEN_CPR_6M"",""20090610"",""20090610"",""Dts=H"",""cols=1;rows=1"")","=BDH($D249,""MTG_GEN_CPR_12M"",""20090610"",""20090610"",""Dts=H"",""cols=1;rows=1"")"
31400RV24,TNTD03333620,pass-through,31400RV24 Mtge,"=BDH($D250,""MTG_GEN_CPR_3M"",""20090331"",""20090331"",""Dts=H"",""cols=1;rows=1"")","=BDH($D250,""MTG_GEN_CPR_6M"",""20090331"",""20090331"",""Dts=H"",""cols=1;rows=1"")","=BDH($D250,""MTG_GEN_CPR_12M"",""20090331"",""20090331"",""Dts=H"",""cols=1;rows=1"")","=BDH($D250,""MTG_GEN_CPR_3M"",""20090610"",""20090610"",""Dts=H"",""cols=1;rows=1"")","=BDH($D250,""MTG_GEN_CPR_6M"",""20090610"",""20090610"",""Dts=H"",""cols=1;rows=1"")","=BDH($D250,""MTG_GEN_CPR_12M"",""20090610"",""20090610"",""Dts=H"",""cols=1;rows=1"")"
31400RXM8,TNTD03336055,pass-through,31400RXM8 Mtge,"=BDH($D251,""MTG_GEN_CPR_3M"",""20090331"",""20090331"",""Dts=H"",""cols=1;rows=1"")","=BDH($D251,""MTG_GEN_CPR_6M"",""20090331"",""20090331"",""Dts=H"",""cols=1;rows=1"")","=BDH($D251,""MTG_GEN_CPR_12M"",""20090331"",""20090331"",""Dts=H"",""cols=1;rows=1"")","=BDH($D251,""MTG_GEN_CPR_3M"",""20090610"",""20090610"",""Dts=H"",""cols=1;rows=1"")","=BDH($D251,""MTG_GEN_CPR_6M"",""20090610"",""20090610"",""Dts=H"",""cols=1;rows=1"")","=BDH($D251,""MTG_GEN_CPR_12M"",""20090610"",""20090610"",""Dts=H"",""cols=1;rows=1"")"
31401A3J4,TNTD03397107,pass-through,31401A3J4 Mtge,"=BDH($D252,""MTG_GEN_CPR_3M"",""20090331"",""20090331"",""Dts=H"",""cols=1;rows=1"")","=BDH($D252,""MTG_GEN_CPR_6M"",""20090331"",""20090331"",""Dts=H"",""cols=1;rows=1"")","=BDH($D252,""MTG_GEN_CPR_12M"",""20090331"",""20090331"",""Dts=H"",""cols=1;rows=1"")","=BDH($D252,""MTG_GEN_CPR_3M"",""20090610"",""20090610"",""Dts=H"",""cols=1;rows=1"")","=BDH($D252,""MTG_GEN_CPR_6M"",""20090610"",""20090610"",""Dts=H"",""cols=1;rows=1"")","=BDH($D252,""MTG_GEN_CPR_12M"",""20090610"",""20090610"",""Dts=H"",""cols=1;rows=1"")"
31401GLF9,TNTD03370869,pass-through,31401GLF9 Mtge,"=BDH($D253,""MTG_GEN_CPR_3M"",""20090331"",""20090331"",""Dts=H"",""cols=1;rows=1"")","=BDH($D253,""MTG_GEN_CPR_6M"",""20090331"",""20090331"",""Dts=H"",""cols=1;rows=1"")","=BDH($D253,""MTG_GEN_CPR_12M"",""20090331"",""20090331"",""Dts=H"",""cols=1;rows=1"")","=BDH($D253,""MTG_GEN_CPR_3M"",""20090610"",""20090610"",""Dts=H"",""cols=1;rows=1"")","=BDH($D253,""MTG_GEN_CPR_6M"",""20090610"",""20090610"",""Dts=H"",""cols=1;rows=1"")","=BDH($D253,""MTG_GEN_CPR_12M"",""20090610"",""20090610"",""Dts=H"",""cols=1;rows=1"")"
31401JTD0,TNTD03386265,pass-through,31401JTD0 Mtge,"=BDH($D254,""MTG_GEN_CPR_3M"",""20090331"",""20090331"",""Dts=H"",""cols=1;rows=1"")","=BDH($D254,""MTG_GEN_CPR_6M"",""20090331"",""20090331"",""Dts=H"",""cols=1;rows=1"")","=BDH($D254,""MTG_GEN_CPR_12M"",""20090331"",""20090331"",""Dts=H"",""cols=1;rows=1"")","=BDH($D254,""MTG_GEN_CPR_3M"",""20090610"",""20090610"",""Dts=H"",""cols=1;rows=1"")","=BDH($D254,""MTG_GEN_CPR_6M"",""20090610"",""20090610"",""Dts=H"",""cols=1;rows=1"")","=BDH($D254,""MTG_GEN_CPR_12M"",""20090610"",""20090610"",""Dts=H"",""cols=1;rows=1"")"
31401JUA4,TNTD03378165,pass-through,31401JUA4 Mtge,"=BDH($D255,""MTG_GEN_CPR_3M"",""20090331"",""20090331"",""Dts=H"",""cols=1;rows=1"")","=BDH($D255,""MTG_GEN_CPR_6M"",""20090331"",""20090331"",""Dts=H"",""cols=1;rows=1"")","=BDH($D255,""MTG_GEN_CPR_12M"",""20090331"",""20090331"",""Dts=H"",""cols=1;rows=1"")","=BDH($D255,""MTG_GEN_CPR_3M"",""20090610"",""20090610"",""Dts=H"",""cols=1;rows=1"")","=BDH($D255,""MTG_GEN_CPR_6M"",""20090610"",""20090610"",""Dts=H"",""cols=1;rows=1"")","=BDH($D255,""MTG_GEN_CPR_12M"",""20090610"",""20090610"",""Dts=H"",""cols=1;rows=1"")"
31401KCF0,TNTD03396199,pass-through,31401KCF0 Mtge,"=BDH($D256,""MTG_GEN_CPR_3M"",""20090331"",""20090331"",""Dts=H"",""cols=1;rows=1"")","=BDH($D256,""MTG_GEN_CPR_6M"",""20090331"",""20090331"",""Dts=H"",""cols=1;rows=1"")","=BDH($D256,""MTG_GEN_CPR_12M"",""20090331"",""20090331"",""Dts=H"",""cols=1;rows=1"")","=BDH($D256,""MTG_GEN_CPR_3M"",""20090610"",""20090610"",""Dts=H"",""cols=1;rows=1"")","=BDH($D256,""MTG_GEN_CPR_6M"",""20090610"",""20090610"",""Dts=H"",""cols=1;rows=1"")","=BDH($D256,""MTG_GEN_CPR_12M"",""20090610"",""20090610"",""Dts=H"",""cols=1;rows=1"")"
31401KR49,TNTD03362520,pass-through,31401KR49 Mtge,"=BDH($D257,""MTG_GEN_CPR_3M"",""20090331"",""20090331"",""Dts=H"",""cols=1;rows=1"")","=BDH($D257,""MTG_GEN_CPR_6M"",""20090331"",""20090331"",""Dts=H"",""cols=1;rows=1"")","=BDH($D257,""MTG_GEN_CPR_12M"",""20090331"",""20090331"",""Dts=H"",""cols=1;rows=1"")","=BDH($D257,""MTG_GEN_CPR_3M"",""20090610"",""20090610"",""Dts=H"",""cols=1;rows=1"")","=BDH($D257,""MTG_GEN_CPR_6M"",""20090610"",""20090610"",""Dts=H"",""cols=1;rows=1"")","=BDH($D257,""MTG_GEN_CPR_12M"",""20090610"",""20090610"",""Dts=H"",""cols=1;rows=1"")"
31401MDP3,TNTD03364373,pass-through,31401MDP3 Mtge,"=BDH($D258,""MTG_GEN_CPR_3M"",""20090331"",""20090331"",""Dts=H"",""cols=1;rows=1"")","=BDH($D258,""MTG_GEN_CPR_6M"",""20090331"",""20090331"",""Dts=H"",""cols=1;rows=1"")","=BDH($D258,""MTG_GEN_CPR_12M"",""20090331"",""20090331"",""Dts=H"",""cols=1;rows=1"")","=BDH($D258,""MTG_GEN_CPR_3M"",""20090610"",""20090610"",""Dts=H"",""cols=1;rows=1"")","=BDH($D258,""MTG_GEN_CPR_6M"",""20090610"",""20090610"",""Dts=H"",""cols=1;rows=1"")","=BDH($D258,""MTG_GEN_CPR_12M"",""20090610"",""20090610"",""Dts=H"",""cols=1;rows=1"")"
31401WKE8,TNTD03368427,pass-through,31401WKE8 Mtge,"=BDH($D259,""MTG_GEN_CPR_3M"",""20090331"",""20090331"",""Dts=H"",""cols=1;rows=1"")","=BDH($D259,""MTG_GEN_CPR_6M"",""20090331"",""20090331"",""Dts=H"",""cols=1;rows=1"")","=BDH($D259,""MTG_GEN_CPR_12M"",""20090331"",""20090331"",""Dts=H"",""cols=1;rows=1"")","=BDH($D259,""MTG_GEN_CPR_3M"",""20090610"",""20090610"",""Dts=H"",""cols=1;rows=1"")","=BDH($D259,""MTG_GEN_CPR_6M"",""20090610"",""20090610"",""Dts=H"",""cols=1;rows=1"")","=BDH($D259,""MTG_GEN_CPR_12M"",""20090610"",""20090610"",""Dts=H"",""cols=1;rows=1"")"
31401XSY4,TNTD03390064,pass-through,31401XSY4 Mtge,"=BDH($D260,""MTG_GEN_CPR_3M"",""20090331"",""20090331"",""Dts=H"",""cols=1;rows=1"")","=BDH($D260,""MTG_GEN_CPR_6M"",""20090331"",""20090331"",""Dts=H"",""cols=1;rows=1"")","=BDH($D260,""MTG_GEN_CPR_12M"",""20090331"",""20090331"",""Dts=H"",""cols=1;rows=1"")","=BDH($D260,""MTG_GEN_CPR_3M"",""20090610"",""20090610"",""Dts=H"",""cols=1;rows=1"")","=BDH($D260,""MTG_GEN_CPR_6M"",""20090610"",""20090610"",""Dts=H"",""cols=1;rows=1"")","=BDH($D260,""MTG_GEN_CPR_12M"",""20090610"",""20090610"",""Dts=H"",""cols=1;rows=1"")"
31401XU96,TNTD03384886,pass-through,31401XU96 Mtge,"=BDH($D261,""MTG_GEN_CPR_3M"",""20090331"",""20090331"",""Dts=H"",""cols=1;rows=1"")","=BDH($D261,""MTG_GEN_CPR_6M"",""20090331"",""20090331"",""Dts=H"",""cols=1;rows=1"")","=BDH($D261,""MTG_GEN_CPR_12M"",""20090331"",""20090331"",""Dts=H"",""cols=1;rows=1"")","=BDH($D261,""MTG_GEN_CPR_3M"",""20090610"",""20090610"",""Dts=H"",""cols=1;rows=1"")","=BDH($D261,""MTG_GEN_CPR_6M"",""20090610"",""20090610"",""Dts=H"",""cols=1;rows=1"")","=BDH($D261,""MTG_GEN_CPR_12M"",""20090610"",""20090610"",""Dts=H"",""cols=1;rows=1"")"
31402BGQ1,TNTD03433613,pass-through,31402BGQ1 Mtge,"=BDH($D262,""MTG_GEN_CPR_3M"",""20090331"",""20090331"",""Dts=H"",""cols=1;rows=1"")","=BDH($D262,""MTG_GEN_CPR_6M"",""20090331"",""20090331"",""Dts=H"",""cols=1;rows=1"")","=BDH($D262,""MTG_GEN_CPR_12M"",""20090331"",""20090331"",""Dts=H"",""cols=1;rows=1"")","=BDH($D262,""MTG_GEN_CPR_3M"",""20090610"",""20090610"",""Dts=H"",""cols=1;rows=1"")","=BDH($D262,""MTG_GEN_CPR_6M"",""20090610"",""20090610"",""Dts=H"",""cols=1;rows=1"")","=BDH($D262,""MTG_GEN_CPR_12M"",""20090610"",""20090610"",""Dts=H"",""cols=1;rows=1"")"
31402C5E8,TNTD03384648,pass-through,31402C5E8 Mtge,"=BDH($D263,""MTG_GEN_CPR_3M"",""20090331"",""20090331"",""Dts=H"",""cols=1;rows=1"")","=BDH($D263,""MTG_GEN_CPR_6M"",""20090331"",""20090331"",""Dts=H"",""cols=1;rows=1"")","=BDH($D263,""MTG_GEN_CPR_12M"",""20090331"",""20090331"",""Dts=H"",""cols=1;rows=1"")","=BDH($D263,""MTG_GEN_CPR_3M"",""20090610"",""20090610"",""Dts=H"",""cols=1;rows=1"")","=BDH($D263,""MTG_GEN_CPR_6M"",""20090610"",""20090610"",""Dts=H"",""cols=1;rows=1"")","=BDH($D263,""MTG_GEN_CPR_12M"",""20090610"",""20090610"",""Dts=H"",""cols=1;rows=1"")"
31402CPL0,TNTD03364606,pass-through,31402CPL0 Mtge,"=BDH($D264,""MTG_GEN_CPR_3M"",""20090331"",""20090331"",""Dts=H"",""cols=1;rows=1"")","=BDH($D264,""MTG_GEN_CPR_6M"",""20090331"",""20090331"",""Dts=H"",""cols=1;rows=1"")","=BDH($D264,""MTG_GEN_CPR_12M"",""20090331"",""20090331"",""Dts=H"",""cols=1;rows=1"")","=BDH($D264,""MTG_GEN_CPR_3M"",""20090610"",""20090610"",""Dts=H"",""cols=1;rows=1"")","=BDH($D264,""MTG_GEN_CPR_6M"",""20090610"",""20090610"",""Dts=H"",""cols=1;rows=1"")","=BDH($D264,""MTG_GEN_CPR_12M"",""20090610"",""20090610"",""Dts=H"",""cols=1;rows=1"")"
31402CQZ8,TNTD03365237,pass-through,31402CQZ8 Mtge,"=BDH($D265,""MTG_GEN_CPR_3M"",""20090331"",""20090331"",""Dts=H"",""cols=1;rows=1"")","=BDH($D265,""MTG_GEN_CPR_6M"",""20090331"",""20090331"",""Dts=H"",""cols=1;rows=1"")","=BDH($D265,""MTG_GEN_CPR_12M"",""20090331"",""20090331"",""Dts=H"",""cols=1;rows=1"")","=BDH($D265,""MTG_GEN_CPR_3M"",""20090610"",""20090610"",""Dts=H"",""cols=1;rows=1"")","=BDH($D265,""MTG_GEN_CPR_6M"",""20090610"",""20090610"",""Dts=H"",""cols=1;rows=1"")","=BDH($D265,""MTG_GEN_CPR_12M"",""20090610"",""20090610"",""Dts=H"",""cols=1;rows=1"")"
31402CTT9,TNTD03380845,pass-through,31402CTT9 Mtge,"=BDH($D266,""MTG_GEN_CPR_3M"",""20090331"",""20090331"",""Dts=H"",""cols=1;rows=1"")","=BDH($D266,""MTG_GEN_CPR_6M"",""20090331"",""20090331"",""Dts=H"",""cols=1;rows=1"")","=BDH($D266,""MTG_GEN_CPR_12M"",""20090331"",""20090331"",""Dts=H"",""cols=1;rows=1"")","=BDH($D266,""MTG_GEN_CPR_3M"",""20090610"",""20090610"",""Dts=H"",""cols=1;rows=1"")","=BDH($D266,""MTG_GEN_CPR_6M"",""20090610"",""20090610"",""Dts=H"",""cols=1;rows=1"")","=BDH($D266,""MTG_GEN_CPR_12M"",""20090610"",""20090610"",""Dts=H"",""cols=1;rows=1"")"
31402CZR6,TNTD03415332,pass-through,31402CZR6 Mtge,"=BDH($D267,""MTG_GEN_CPR_3M"",""20090331"",""20090331"",""Dts=H"",""cols=1;rows=1"")","=BDH($D267,""MTG_GEN_CPR_6M"",""20090331"",""20090331"",""Dts=H"",""cols=1;rows=1"")","=BDH($D267,""MTG_GEN_CPR_12M"",""20090331"",""20090331"",""Dts=H"",""cols=1;rows=1"")","=BDH($D267,""MTG_GEN_CPR_3M"",""20090610"",""20090610"",""Dts=H"",""cols=1;rows=1"")","=BDH($D267,""MTG_GEN_CPR_6M"",""20090610"",""20090610"",""Dts=H"",""cols=1;rows=1"")","=BDH($D267,""MTG_GEN_CPR_12M"",""20090610"",""20090610"",""Dts=H"",""cols=1;rows=1"")"
31402D7K0,TNTD03364445,pass-through,31402D7K0 Mtge,"=BDH($D268,""MTG_GEN_CPR_3M"",""20090331"",""20090331"",""Dts=H"",""cols=1;rows=1"")","=BDH($D268,""MTG_GEN_CPR_6M"",""20090331"",""20090331"",""Dts=H"",""cols=1;rows=1"")","=BDH($D268,""MTG_GEN_CPR_12M"",""20090331"",""20090331"",""Dts=H"",""cols=1;rows=1"")","=BDH($D268,""MTG_GEN_CPR_3M"",""20090610"",""20090610"",""Dts=H"",""cols=1;rows=1"")","=BDH($D268,""MTG_GEN_CPR_6M"",""20090610"",""20090610"",""Dts=H"",""cols=1;rows=1"")","=BDH($D268,""MTG_GEN_CPR_12M"",""20090610"",""20090610"",""Dts=H"",""cols=1;rows=1"")"
31402DDK3,TNTD03382816,pass-through,31402DDK3 Mtge,"=BDH($D269,""MTG_GEN_CPR_3M"",""20090331"",""20090331"",""Dts=H"",""cols=1;rows=1"")","=BDH($D269,""MTG_GEN_CPR_6M"",""20090331"",""20090331"",""Dts=H"",""cols=1;rows=1"")","=BDH($D269,""MTG_GEN_CPR_12M"",""20090331"",""20090331"",""Dts=H"",""cols=1;rows=1"")","=BDH($D269,""MTG_GEN_CPR_3M"",""20090610"",""20090610"",""Dts=H"",""cols=1;rows=1"")","=BDH($D269,""MTG_GEN_CPR_6M"",""20090610"",""20090610"",""Dts=H"",""cols=1;rows=1"")","=BDH($D269,""MTG_GEN_CPR_12M"",""20090610"",""20090610"",""Dts=H"",""cols=1;rows=1"")"
31402DP79,TNTD03387630,pass-through,31402DP79 Mtge,"=BDH($D270,""MTG_GEN_CPR_3M"",""20090331"",""20090331"",""Dts=H"",""cols=1;rows=1"")","=BDH($D270,""MTG_GEN_CPR_6M"",""20090331"",""20090331"",""Dts=H"",""cols=1;rows=1"")","=BDH($D270,""MTG_GEN_CPR_12M"",""20090331"",""20090331"",""Dts=H"",""cols=1;rows=1"")","=BDH($D270,""MTG_GEN_CPR_3M"",""20090610"",""20090610"",""Dts=H"",""cols=1;rows=1"")","=BDH($D270,""MTG_GEN_CPR_6M"",""20090610"",""20090610"",""Dts=H"",""cols=1;rows=1"")","=BDH($D270,""MTG_GEN_CPR_12M"",""20090610"",""20090610"",""Dts=H"",""cols=1;rows=1"")"
31402FFF7,TNTD03377177,pass-through,31402FFF7 Mtge,"=BDH($D271,""MTG_GEN_CPR_3M"",""20090331"",""20090331"",""Dts=H"",""cols=1;rows=1"")","=BDH($D271,""MTG_GEN_CPR_6M"",""20090331"",""20090331"",""Dts=H"",""cols=1;rows=1"")","=BDH($D271,""MTG_GEN_CPR_12M"",""20090331"",""20090331"",""Dts=H"",""cols=1;rows=1"")","=BDH($D271,""MTG_GEN_CPR_3M"",""20090610"",""20090610"",""Dts=H"",""cols=1;rows=1"")","=BDH($D271,""MTG_GEN_CPR_6M"",""20090610"",""20090610"",""Dts=H"",""cols=1;rows=1"")","=BDH($D271,""MTG_GEN_CPR_12M"",""20090610"",""20090610"",""Dts=H"",""cols=1;rows=1"")"
31402NY77,TNTD03390228,pass-through,31402NY77 Mtge,"=BDH($D272,""MTG_GEN_CPR_3M"",""20090331"",""20090331"",""Dts=H"",""cols=1;rows=1"")","=BDH($D272,""MTG_GEN_CPR_6M"",""20090331"",""20090331"",""Dts=H"",""cols=1;rows=1"")","=BDH($D272,""MTG_GEN_CPR_12M"",""20090331"",""20090331"",""Dts=H"",""cols=1;rows=1"")","=BDH($D272,""MTG_GEN_CPR_3M"",""20090610"",""20090610"",""Dts=H"",""cols=1;rows=1"")","=BDH($D272,""MTG_GEN_CPR_6M"",""20090610"",""20090610"",""Dts=H"",""cols=1;rows=1"")","=BDH($D272,""MTG_GEN_CPR_12M"",""20090610"",""20090610"",""Dts=H"",""cols=1;rows=1"")"
31402Q2X8,TNTD03392343,pass-through,31402Q2X8 Mtge,"=BDH($D273,""MTG_GEN_CPR_3M"",""20090331"",""20090331"",""Dts=H"",""cols=1;rows=1"")","=BDH($D273,""MTG_GEN_CPR_6M"",""20090331"",""20090331"",""Dts=H"",""cols=1;rows=1"")","=BDH($D273,""MTG_GEN_CPR_12M"",""20090331"",""20090331"",""Dts=H"",""cols=1;rows=1"")","=BDH($D273,""MTG_GEN_CPR_3M"",""20090610"",""20090610"",""Dts=H"",""cols=1;rows=1"")","=BDH($D273,""MTG_GEN_CPR_6M"",""20090610"",""20090610"",""Dts=H"",""cols=1;rows=1"")","=BDH($D273,""MTG_GEN_CPR_12M"",""20090610"",""20090610"",""Dts=H"",""cols=1;rows=1"")"
31402Q4R9,TNTD03413910,pass-through,31402Q4R9 Mtge,"=BDH($D274,""MTG_GEN_CPR_3M"",""20090331"",""20090331"",""Dts=H"",""cols=1;rows=1"")","=BDH($D274,""MTG_GEN_CPR_6M"",""20090331"",""20090331"",""Dts=H"",""cols=1;rows=1"")","=BDH($D274,""MTG_GEN_CPR_12M"",""20090331"",""20090331"",""Dts=H"",""cols=1;rows=1"")","=BDH($D274,""MTG_GEN_CPR_3M"",""20090610"",""20090610"",""Dts=H"",""cols=1;rows=1"")","=BDH($D274,""MTG_GEN_CPR_6M"",""20090610"",""20090610"",""Dts=H"",""cols=1;rows=1"")","=BDH($D274,""MTG_GEN_CPR_12M"",""20090610"",""20090610"",""Dts=H"",""cols=1;rows=1"")"
31402QHS3,TNTD03371998,pass-through,31402QHS3 Mtge,"=BDH($D275,""MTG_GEN_CPR_3M"",""20090331"",""20090331"",""Dts=H"",""cols=1;rows=1"")","=BDH($D275,""MTG_GEN_CPR_6M"",""20090331"",""20090331"",""Dts=H"",""cols=1;rows=1"")","=BDH($D275,""MTG_GEN_CPR_12M"",""20090331"",""20090331"",""Dts=H"",""cols=1;rows=1"")","=BDH($D275,""MTG_GEN_CPR_3M"",""20090610"",""20090610"",""Dts=H"",""cols=1;rows=1"")","=BDH($D275,""MTG_GEN_CPR_6M"",""20090610"",""20090610"",""Dts=H"",""cols=1;rows=1"")","=BDH($D275,""MTG_GEN_CPR_12M"",""20090610"",""20090610"",""Dts=H"",""cols=1;rows=1"")"
31402QSL6,TNTD03395930,pass-through,31402QSL6 Mtge,"=BDH($D276,""MTG_GEN_CPR_3M"",""20090331"",""20090331"",""Dts=H"",""cols=1;rows=1"")","=BDH($D276,""MTG_GEN_CPR_6M"",""20090331"",""20090331"",""Dts=H"",""cols=1;rows=1"")","=BDH($D276,""MTG_GEN_CPR_12M"",""20090331"",""20090331"",""Dts=H"",""cols=1;rows=1"")","=BDH($D276,""MTG_GEN_CPR_3M"",""20090610"",""20090610"",""Dts=H"",""cols=1;rows=1"")","=BDH($D276,""MTG_GEN_CPR_6M"",""20090610"",""20090610"",""Dts=H"",""cols=1;rows=1"")","=BDH($D276,""MTG_GEN_CPR_12M"",""20090610"",""20090610"",""Dts=H"",""cols=1;rows=1"")"
31402QWA5,TNTD03388791,pass-through,31402QWA5 Mtge,"=BDH($D277,""MTG_GEN_CPR_3M"",""20090331"",""20090331"",""Dts=H"",""cols=1;rows=1"")","=BDH($D277,""MTG_GEN_CPR_6M"",""20090331"",""20090331"",""Dts=H"",""cols=1;rows=1"")","=BDH($D277,""MTG_GEN_CPR_12M"",""20090331"",""20090331"",""Dts=H"",""cols=1;rows=1"")","=BDH($D277,""MTG_GEN_CPR_3M"",""20090610"",""20090610"",""Dts=H"",""cols=1;rows=1"")","=BDH($D277,""MTG_GEN_CPR_6M"",""20090610"",""20090610"",""Dts=H"",""cols=1;rows=1"")","=BDH($D277,""MTG_GEN_CPR_12M"",""20090610"",""20090610"",""Dts=H"",""cols=1;rows=1"")"
31402QYZ8,TNTD03390200,pass-through,31402QYZ8 Mtge,"=BDH($D278,""MTG_GEN_CPR_3M"",""20090331"",""20090331"",""Dts=H"",""cols=1;rows=1"")","=BDH($D278,""MTG_GEN_CPR_6M"",""20090331"",""20090331"",""Dts=H"",""cols=1;rows=1"")","=BDH($D278,""MTG_GEN_CPR_12M"",""20090331"",""20090331"",""Dts=H"",""cols=1;rows=1"")","=BDH($D278,""MTG_GEN_CPR_3M"",""20090610"",""20090610"",""Dts=H"",""cols=1;rows=1"")","=BDH($D278,""MTG_GEN_CPR_6M"",""20090610"",""20090610"",""Dts=H"",""cols=1;rows=1"")","=BDH($D278,""MTG_GEN_CPR_12M"",""20090610"",""20090610"",""Dts=H"",""cols=1;rows=1"")"
31402RBX6,TNTD03392370,pass-through,31402RBX6 Mtge,"=BDH($D279,""MTG_GEN_CPR_3M"",""20090331"",""20090331"",""Dts=H"",""cols=1;rows=1"")","=BDH($D279,""MTG_GEN_CPR_6M"",""20090331"",""20090331"",""Dts=H"",""cols=1;rows=1"")","=BDH($D279,""MTG_GEN_CPR_12M"",""20090331"",""20090331"",""Dts=H"",""cols=1;rows=1"")","=BDH($D279,""MTG_GEN_CPR_3M"",""20090610"",""20090610"",""Dts=H"",""cols=1;rows=1"")","=BDH($D279,""MTG_GEN_CPR_6M"",""20090610"",""20090610"",""Dts=H"",""cols=1;rows=1"")","=BDH($D279,""MTG_GEN_CPR_12M"",""20090610"",""20090610"",""Dts=H"",""cols=1;rows=1"")"
31402RCV9,TNTD03393843,pass-through,31402RCV9 Mtge,"=BDH($D280,""MTG_GEN_CPR_3M"",""20090331"",""20090331"",""Dts=H"",""cols=1;rows=1"")","=BDH($D280,""MTG_GEN_CPR_6M"",""20090331"",""20090331"",""Dts=H"",""cols=1;rows=1"")","=BDH($D280,""MTG_GEN_CPR_12M"",""20090331"",""20090331"",""Dts=H"",""cols=1;rows=1"")","=BDH($D280,""MTG_GEN_CPR_3M"",""20090610"",""20090610"",""Dts=H"",""cols=1;rows=1"")","=BDH($D280,""MTG_GEN_CPR_6M"",""20090610"",""20090610"",""Dts=H"",""cols=1;rows=1"")","=BDH($D280,""MTG_GEN_CPR_12M"",""20090610"",""20090610"",""Dts=H"",""cols=1;rows=1"")"
31402RD30,TNTD03392591,pass-through,31402RD30 Mtge,"=BDH($D281,""MTG_GEN_CPR_3M"",""20090331"",""20090331"",""Dts=H"",""cols=1;rows=1"")","=BDH($D281,""MTG_GEN_CPR_6M"",""20090331"",""20090331"",""Dts=H"",""cols=1;rows=1"")","=BDH($D281,""MTG_GEN_CPR_12M"",""20090331"",""20090331"",""Dts=H"",""cols=1;rows=1"")","=BDH($D281,""MTG_GEN_CPR_3M"",""20090610"",""20090610"",""Dts=H"",""cols=1;rows=1"")","=BDH($D281,""MTG_GEN_CPR_6M"",""20090610"",""20090610"",""Dts=H"",""cols=1;rows=1"")","=BDH($D281,""MTG_GEN_CPR_12M"",""20090610"",""20090610"",""Dts=H"",""cols=1;rows=1"")"
31402REL9,TNTD03408501,pass-through,31402REL9 Mtge,"=BDH($D282,""MTG_GEN_CPR_3M"",""20090331"",""20090331"",""Dts=H"",""cols=1;rows=1"")","=BDH($D282,""MTG_GEN_CPR_6M"",""20090331"",""20090331"",""Dts=H"",""cols=1;rows=1"")","=BDH($D282,""MTG_GEN_CPR_12M"",""20090331"",""20090331"",""Dts=H"",""cols=1;rows=1"")","=BDH($D282,""MTG_GEN_CPR_3M"",""20090610"",""20090610"",""Dts=H"",""cols=1;rows=1"")","=BDH($D282,""MTG_GEN_CPR_6M"",""20090610"",""20090610"",""Dts=H"",""cols=1;rows=1"")","=BDH($D282,""MTG_GEN_CPR_12M"",""20090610"",""20090610"",""Dts=H"",""cols=1;rows=1"")"
31402RGU7,TNTD03393575,pass-through,31402RGU7 Mtge,"=BDH($D283,""MTG_GEN_CPR_3M"",""20090331"",""20090331"",""Dts=H"",""cols=1;rows=1"")","=BDH($D283,""MTG_GEN_CPR_6M"",""20090331"",""20090331"",""Dts=H"",""cols=1;rows=1"")","=BDH($D283,""MTG_GEN_CPR_12M"",""20090331"",""20090331"",""Dts=H"",""cols=1;rows=1"")","=BDH($D283,""MTG_GEN_CPR_3M"",""20090610"",""20090610"",""Dts=H"",""cols=1;rows=1"")","=BDH($D283,""MTG_GEN_CPR_6M"",""20090610"",""20090610"",""Dts=H"",""cols=1;rows=1"")","=BDH($D283,""MTG_GEN_CPR_12M"",""20090610"",""20090610"",""Dts=H"",""cols=1;rows=1"")"
31402RH28,TNTD03393892,pass-through,31402RH28 Mtge,"=BDH($D284,""MTG_GEN_CPR_3M"",""20090331"",""20090331"",""Dts=H"",""cols=1;rows=1"")","=BDH($D284,""MTG_GEN_CPR_6M"",""20090331"",""20090331"",""Dts=H"",""cols=1;rows=1"")","=BDH($D284,""MTG_GEN_CPR_12M"",""20090331"",""20090331"",""Dts=H"",""cols=1;rows=1"")","=BDH($D284,""MTG_GEN_CPR_3M"",""20090610"",""20090610"",""Dts=H"",""cols=1;rows=1"")","=BDH($D284,""MTG_GEN_CPR_6M"",""20090610"",""20090610"",""Dts=H"",""cols=1;rows=1"")","=BDH($D284,""MTG_GEN_CPR_12M"",""20090610"",""20090610"",""Dts=H"",""cols=1;rows=1"")"
31402RJL4,TNTD03395043,pass-through,31402RJL4 Mtge,"=BDH($D285,""MTG_GEN_CPR_3M"",""20090331"",""20090331"",""Dts=H"",""cols=1;rows=1"")","=BDH($D285,""MTG_GEN_CPR_6M"",""20090331"",""20090331"",""Dts=H"",""cols=1;rows=1"")","=BDH($D285,""MTG_GEN_CPR_12M"",""20090331"",""20090331"",""Dts=H"",""cols=1;rows=1"")","=BDH($D285,""MTG_GEN_CPR_3M"",""20090610"",""20090610"",""Dts=H"",""cols=1;rows=1"")","=BDH($D285,""MTG_GEN_CPR_6M"",""20090610"",""20090610"",""Dts=H"",""cols=1;rows=1"")","=BDH($D285,""MTG_GEN_CPR_12M"",""20090610"",""20090610"",""Dts=H"",""cols=1;rows=1"")"
31402RLV9,TNTD03398369,pass-through,31402RLV9 Mtge,"=BDH($D286,""MTG_GEN_CPR_3M"",""20090331"",""20090331"",""Dts=H"",""cols=1;rows=1"")","=BDH($D286,""MTG_GEN_CPR_6M"",""20090331"",""20090331"",""Dts=H"",""cols=1;rows=1"")","=BDH($D286,""MTG_GEN_CPR_12M"",""20090331"",""20090331"",""Dts=H"",""cols=1;rows=1"")","=BDH($D286,""MTG_GEN_CPR_3M"",""20090610"",""20090610"",""Dts=H"",""cols=1;rows=1"")","=BDH($D286,""MTG_GEN_CPR_6M"",""20090610"",""20090610"",""Dts=H"",""cols=1;rows=1"")","=BDH($D286,""MTG_GEN_CPR_12M"",""20090610"",""20090610"",""Dts=H"",""cols=1;rows=1"")"
31402RR84,TNTD03398221,pass-through,31402RR84 Mtge,"=BDH($D287,""MTG_GEN_CPR_3M"",""20090331"",""20090331"",""Dts=H"",""cols=1;rows=1"")","=BDH($D287,""MTG_GEN_CPR_6M"",""20090331"",""20090331"",""Dts=H"",""cols=1;rows=1"")","=BDH($D287,""MTG_GEN_CPR_12M"",""20090331"",""20090331"",""Dts=H"",""cols=1;rows=1"")","=BDH($D287,""MTG_GEN_CPR_3M"",""20090610"",""20090610"",""Dts=H"",""cols=1;rows=1"")","=BDH($D287,""MTG_GEN_CPR_6M"",""20090610"",""20090610"",""Dts=H"",""cols=1;rows=1"")","=BDH($D287,""MTG_GEN_CPR_12M"",""20090610"",""20090610"",""Dts=H"",""cols=1;rows=1"")"
31402TVS1,TNTD03366489,pass-through,31402TVS1 Mtge,"=BDH($D288,""MTG_GEN_CPR_3M"",""20090331"",""20090331"",""Dts=H"",""cols=1;rows=1"")","=BDH($D288,""MTG_GEN_CPR_6M"",""20090331"",""20090331"",""Dts=H"",""cols=1;rows=1"")","=BDH($D288,""MTG_GEN_CPR_12M"",""20090331"",""20090331"",""Dts=H"",""cols=1;rows=1"")","=BDH($D288,""MTG_GEN_CPR_3M"",""20090610"",""20090610"",""Dts=H"",""cols=1;rows=1"")","=BDH($D288,""MTG_GEN_CPR_6M"",""20090610"",""20090610"",""Dts=H"",""cols=1;rows=1"")","=BDH($D288,""MTG_GEN_CPR_12M"",""20090610"",""20090610"",""Dts=H"",""cols=1;rows=1"")"
31402UHZ8,TNTD03376987,pass-through,31402UHZ8 Mtge,"=BDH($D289,""MTG_GEN_CPR_3M"",""20090331"",""20090331"",""Dts=H"",""cols=1;rows=1"")","=BDH($D289,""MTG_GEN_CPR_6M"",""20090331"",""20090331"",""Dts=H"",""cols=1;rows=1"")","=BDH($D289,""MTG_GEN_CPR_12M"",""20090331"",""20090331"",""Dts=H"",""cols=1;rows=1"")","=BDH($D289,""MTG_GEN_CPR_3M"",""20090610"",""20090610"",""Dts=H"",""cols=1;rows=1"")","=BDH($D289,""MTG_GEN_CPR_6M"",""20090610"",""20090610"",""Dts=H"",""cols=1;rows=1"")","=BDH($D289,""MTG_GEN_CPR_12M"",""20090610"",""20090610"",""Dts=H"",""cols=1;rows=1"")"
31402WMC9,TNTD03384161,pass-through,31402WMC9 Mtge,"=BDH($D290,""MTG_GEN_CPR_3M"",""20090331"",""20090331"",""Dts=H"",""cols=1;rows=1"")","=BDH($D290,""MTG_GEN_CPR_6M"",""20090331"",""20090331"",""Dts=H"",""cols=1;rows=1"")","=BDH($D290,""MTG_GEN_CPR_12M"",""20090331"",""20090331"",""Dts=H"",""cols=1;rows=1"")","=BDH($D290,""MTG_GEN_CPR_3M"",""20090610"",""20090610"",""Dts=H"",""cols=1;rows=1"")","=BDH($D290,""MTG_GEN_CPR_6M"",""20090610"",""20090610"",""Dts=H"",""cols=1;rows=1"")","=BDH($D290,""MTG_GEN_CPR_12M"",""20090610"",""20090610"",""Dts=H"",""cols=1;rows=1"")"
31403ARS6,TNTD03371393,pass-through,31403ARS6 Mtge,"=BDH($D291,""MTG_GEN_CPR_3M"",""20090331"",""20090331"",""Dts=H"",""cols=1;rows=1"")","=BDH($D291,""MTG_GEN_CPR_6M"",""20090331"",""20090331"",""Dts=H"",""cols=1;rows=1"")","=BDH($D291,""MTG_GEN_CPR_12M"",""20090331"",""20090331"",""Dts=H"",""cols=1;rows=1"")","=BDH($D291,""MTG_GEN_CPR_3M"",""20090610"",""20090610"",""Dts=H"",""cols=1;rows=1"")","=BDH($D291,""MTG_GEN_CPR_6M"",""20090610"",""20090610"",""Dts=H"",""cols=1;rows=1"")","=BDH($D291,""MTG_GEN_CPR_12M"",""20090610"",""20090610"",""Dts=H"",""cols=1;rows=1"")"
31403C2Z3,TNTD03408824,pass-through,31403C2Z3 Mtge,"=BDH($D292,""MTG_GEN_CPR_3M"",""20090331"",""20090331"",""Dts=H"",""cols=1;rows=1"")","=BDH($D292,""MTG_GEN_CPR_6M"",""20090331"",""20090331"",""Dts=H"",""cols=1;rows=1"")","=BDH($D292,""MTG_GEN_CPR_12M"",""20090331"",""20090331"",""Dts=H"",""cols=1;rows=1"")","=BDH($D292,""MTG_GEN_CPR_3M"",""20090610"",""20090610"",""Dts=H"",""cols=1;rows=1"")","=BDH($D292,""MTG_GEN_CPR_6M"",""20090610"",""20090610"",""Dts=H"",""cols=1;rows=1"")","=BDH($D292,""MTG_GEN_CPR_12M"",""20090610"",""20090610"",""Dts=H"",""cols=1;rows=1"")"
31403C6L0,TNTD03410160,pass-through,31403C6L0 Mtge,"=BDH($D293,""MTG_GEN_CPR_3M"",""20090331"",""20090331"",""Dts=H"",""cols=1;rows=1"")","=BDH($D293,""MTG_GEN_CPR_6M"",""20090331"",""20090331"",""Dts=H"",""cols=1;rows=1"")","=BDH($D293,""MTG_GEN_CPR_12M"",""20090331"",""20090331"",""Dts=H"",""cols=1;rows=1"")","=BDH($D293,""MTG_GEN_CPR_3M"",""20090610"",""20090610"",""Dts=H"",""cols=1;rows=1"")","=BDH($D293,""MTG_GEN_CPR_6M"",""20090610"",""20090610"",""Dts=H"",""cols=1;rows=1"")","=BDH($D293,""MTG_GEN_CPR_12M"",""20090610"",""20090610"",""Dts=H"",""cols=1;rows=1"")"
31403CUZ2,TNTD03402233,pass-through,31403CUZ2 Mtge,"=BDH($D294,""MTG_GEN_CPR_3M"",""20090331"",""20090331"",""Dts=H"",""cols=1;rows=1"")","=BDH($D294,""MTG_GEN_CPR_6M"",""20090331"",""20090331"",""Dts=H"",""cols=1;rows=1"")","=BDH($D294,""MTG_GEN_CPR_12M"",""20090331"",""20090331"",""Dts=H"",""cols=1;rows=1"")","=BDH($D294,""MTG_GEN_CPR_3M"",""20090610"",""20090610"",""Dts=H"",""cols=1;rows=1"")","=BDH($D294,""MTG_GEN_CPR_6M"",""20090610"",""20090610"",""Dts=H"",""cols=1;rows=1"")","=BDH($D294,""MTG_GEN_CPR_12M"",""20090610"",""20090610"",""Dts=H"",""cols=1;rows=1"")"
31403DDK2,TNTD03405266,pass-through,31403DDK2 Mtge,"=BDH($D295,""MTG_GEN_CPR_3M"",""20090331"",""20090331"",""Dts=H"",""cols=1;rows=1"")","=BDH($D295,""MTG_GEN_CPR_6M"",""20090331"",""20090331"",""Dts=H"",""cols=1;rows=1"")","=BDH($D295,""MTG_GEN_CPR_12M"",""20090331"",""20090331"",""Dts=H"",""cols=1;rows=1"")","=BDH($D295,""MTG_GEN_CPR_3M"",""20090610"",""20090610"",""Dts=H"",""cols=1;rows=1"")","=BDH($D295,""MTG_GEN_CPR_6M"",""20090610"",""20090610"",""Dts=H"",""cols=1;rows=1"")","=BDH($D295,""MTG_GEN_CPR_12M"",""20090610"",""20090610"",""Dts=H"",""cols=1;rows=1"")"
31403DDL0,TNTD03405354,pass-through,31403DDL0 Mtge,"=BDH($D296,""MTG_GEN_CPR_3M"",""20090331"",""20090331"",""Dts=H"",""cols=1;rows=1"")","=BDH($D296,""MTG_GEN_CPR_6M"",""20090331"",""20090331"",""Dts=H"",""cols=1;rows=1"")","=BDH($D296,""MTG_GEN_CPR_12M"",""20090331"",""20090331"",""Dts=H"",""cols=1;rows=1"")","=BDH($D296,""MTG_GEN_CPR_3M"",""20090610"",""20090610"",""Dts=H"",""cols=1;rows=1"")","=BDH($D296,""MTG_GEN_CPR_6M"",""20090610"",""20090610"",""Dts=H"",""cols=1;rows=1"")","=BDH($D296,""MTG_GEN_CPR_12M"",""20090610"",""20090610"",""Dts=H"",""cols=1;rows=1"")"
31403DDR7,TNTD03404253,pass-through,31403DDR7 Mtge,"=BDH($D297,""MTG_GEN_CPR_3M"",""20090331"",""20090331"",""Dts=H"",""cols=1;rows=1"")","=BDH($D297,""MTG_GEN_CPR_6M"",""20090331"",""20090331"",""Dts=H"",""cols=1;rows=1"")","=BDH($D297,""MTG_GEN_CPR_12M"",""20090331"",""20090331"",""Dts=H"",""cols=1;rows=1"")","=BDH($D297,""MTG_GEN_CPR_3M"",""20090610"",""20090610"",""Dts=H"",""cols=1;rows=1"")","=BDH($D297,""MTG_GEN_CPR_6M"",""20090610"",""20090610"",""Dts=H"",""cols=1;rows=1"")","=BDH($D297,""MTG_GEN_CPR_12M"",""20090610"",""20090610"",""Dts=H"",""cols=1;rows=1"")"
31403DET2,TNTD03406421,pass-through,31403DET2 Mtge,"=BDH($D298,""MTG_GEN_CPR_3M"",""20090331"",""20090331"",""Dts=H"",""cols=1;rows=1"")","=BDH($D298,""MTG_GEN_CPR_6M"",""20090331"",""20090331"",""Dts=H"",""cols=1;rows=1"")","=BDH($D298,""MTG_GEN_CPR_12M"",""20090331"",""20090331"",""Dts=H"",""cols=1;rows=1"")","=BDH($D298,""MTG_GEN_CPR_3M"",""20090610"",""20090610"",""Dts=H"",""cols=1;rows=1"")","=BDH($D298,""MTG_GEN_CPR_6M"",""20090610"",""20090610"",""Dts=H"",""cols=1;rows=1"")","=BDH($D298,""MTG_GEN_CPR_12M"",""20090610"",""20090610"",""Dts=H"",""cols=1;rows=1"")"
31403DGG8,TNTD03407277,pass-through,31403DGG8 Mtge,"=BDH($D299,""MTG_GEN_CPR_3M"",""20090331"",""20090331"",""Dts=H"",""cols=1;rows=1"")","=BDH($D299,""MTG_GEN_CPR_6M"",""20090331"",""20090331"",""Dts=H"",""cols=1;rows=1"")","=BDH($D299,""MTG_GEN_CPR_12M"",""20090331"",""20090331"",""Dts=H"",""cols=1;rows=1"")","=BDH($D299,""MTG_GEN_CPR_3M"",""20090610"",""20090610"",""Dts=H"",""cols=1;rows=1"")","=BDH($D299,""MTG_GEN_CPR_6M"",""20090610"",""20090610"",""Dts=H"",""cols=1;rows=1"")","=BDH($D299,""MTG_GEN_CPR_12M"",""20090610"",""20090610"",""Dts=H"",""cols=1;rows=1"")"
31403DQT9,TNTD03410009,pass-through,31403DQT9 Mtge,"=BDH($D300,""MTG_GEN_CPR_3M"",""20090331"",""20090331"",""Dts=H"",""cols=1;rows=1"")","=BDH($D300,""MTG_GEN_CPR_6M"",""20090331"",""20090331"",""Dts=H"",""cols=1;rows=1"")","=BDH($D300,""MTG_GEN_CPR_12M"",""20090331"",""20090331"",""Dts=H"",""cols=1;rows=1"")","=BDH($D300,""MTG_GEN_CPR_3M"",""20090610"",""20090610"",""Dts=H"",""cols=1;rows=1"")","=BDH($D300,""MTG_GEN_CPR_6M"",""20090610"",""20090610"",""Dts=H"",""cols=1;rows=1"")","=BDH($D300,""MTG_GEN_CPR_12M"",""20090610"",""20090610"",""Dts=H"",""cols=1;rows=1"")"
31403DR68,TNTD03409356,pass-through,31403DR68 Mtge,"=BDH($D301,""MTG_GEN_CPR_3M"",""20090331"",""20090331"",""Dts=H"",""cols=1;rows=1"")","=BDH($D301,""MTG_GEN_CPR_6M"",""20090331"",""20090331"",""Dts=H"",""cols=1;rows=1"")","=BDH($D301,""MTG_GEN_CPR_12M"",""20090331"",""20090331"",""Dts=H"",""cols=1;rows=1"")","=BDH($D301,""MTG_GEN_CPR_3M"",""20090610"",""20090610"",""Dts=H"",""cols=1;rows=1"")","=BDH($D301,""MTG_GEN_CPR_6M"",""20090610"",""20090610"",""Dts=H"",""cols=1;rows=1"")","=BDH($D301,""MTG_GEN_CPR_12M"",""20090610"",""20090610"",""Dts=H"",""cols=1;rows=1"")"
31403DTT6,TNTD03374825,pass-through,31403DTT6 Mtge,"=BDH($D302,""MTG_GEN_CPR_3M"",""20090331"",""20090331"",""Dts=H"",""cols=1;rows=1"")","=BDH($D302,""MTG_GEN_CPR_6M"",""20090331"",""20090331"",""Dts=H"",""cols=1;rows=1"")","=BDH($D302,""MTG_GEN_CPR_12M"",""20090331"",""20090331"",""Dts=H"",""cols=1;rows=1"")","=BDH($D302,""MTG_GEN_CPR_3M"",""20090610"",""20090610"",""Dts=H"",""cols=1;rows=1"")","=BDH($D302,""MTG_GEN_CPR_6M"",""20090610"",""20090610"",""Dts=H"",""cols=1;rows=1"")","=BDH($D302,""MTG_GEN_CPR_12M"",""20090610"",""20090610"",""Dts=H"",""cols=1;rows=1"")"
31403DV22,TNTD03412491,pass-through,31403DV22 Mtge,"=BDH($D303,""MTG_GEN_CPR_3M"",""20090331"",""20090331"",""Dts=H"",""cols=1;rows=1"")","=BDH($D303,""MTG_GEN_CPR_6M"",""20090331"",""20090331"",""Dts=H"",""cols=1;rows=1"")","=BDH($D303,""MTG_GEN_CPR_12M"",""20090331"",""20090331"",""Dts=H"",""cols=1;rows=1"")","=BDH($D303,""MTG_GEN_CPR_3M"",""20090610"",""20090610"",""Dts=H"",""cols=1;rows=1"")","=BDH($D303,""MTG_GEN_CPR_6M"",""20090610"",""20090610"",""Dts=H"",""cols=1;rows=1"")","=BDH($D303,""MTG_GEN_CPR_12M"",""20090610"",""20090610"",""Dts=H"",""cols=1;rows=1"")"
31403DWU9,TNTD03412496,pass-through,31403DWU9 Mtge,"=BDH($D304,""MTG_GEN_CPR_3M"",""20090331"",""20090331"",""Dts=H"",""cols=1;rows=1"")","=BDH($D304,""MTG_GEN_CPR_6M"",""20090331"",""20090331"",""Dts=H"",""cols=1;rows=1"")","=BDH($D304,""MTG_GEN_CPR_12M"",""20090331"",""20090331"",""Dts=H"",""cols=1;rows=1"")","=BDH($D304,""MTG_GEN_CPR_3M"",""20090610"",""20090610"",""Dts=H"",""cols=1;rows=1"")","=BDH($D304,""MTG_GEN_CPR_6M"",""20090610"",""20090610"",""Dts=H"",""cols=1;rows=1"")","=BDH($D304,""MTG_GEN_CPR_12M"",""20090610"",""20090610"",""Dts=H"",""cols=1;rows=1"")"
31403EDC8,TNTD03411571,pass-through,31403EDC8 Mtge,"=BDH($D305,""MTG_GEN_CPR_3M"",""20090331"",""20090331"",""Dts=H"",""cols=1;rows=1"")","=BDH($D305,""MTG_GEN_CPR_6M"",""20090331"",""20090331"",""Dts=H"",""cols=1;rows=1"")","=BDH($D305,""MTG_GEN_CPR_12M"",""20090331"",""20090331"",""Dts=H"",""cols=1;rows=1"")","=BDH($D305,""MTG_GEN_CPR_3M"",""20090610"",""20090610"",""Dts=H"",""cols=1;rows=1"")","=BDH($D305,""MTG_GEN_CPR_6M"",""20090610"",""20090610"",""Dts=H"",""cols=1;rows=1"")","=BDH($D305,""MTG_GEN_CPR_12M"",""20090610"",""20090610"",""Dts=H"",""cols=1;rows=1"")"
31403F6S8,TNTD03365979,pass-through,31403F6S8 Mtge,"=BDH($D306,""MTG_GEN_CPR_3M"",""20090331"",""20090331"",""Dts=H"",""cols=1;rows=1"")","=BDH($D306,""MTG_GEN_CPR_6M"",""20090331"",""20090331"",""Dts=H"",""cols=1;rows=1"")","=BDH($D306,""MTG_GEN_CPR_12M"",""20090331"",""20090331"",""Dts=H"",""cols=1;rows=1"")","=BDH($D306,""MTG_GEN_CPR_3M"",""20090610"",""20090610"",""Dts=H"",""cols=1;rows=1"")","=BDH($D306,""MTG_GEN_CPR_6M"",""20090610"",""20090610"",""Dts=H"",""cols=1;rows=1"")","=BDH($D306,""MTG_GEN_CPR_12M"",""20090610"",""20090610"",""Dts=H"",""cols=1;rows=1"")"
31403K4Q3,TNTD03409683,pass-through,31403K4Q3 Mtge,"=BDH($D307,""MTG_GEN_CPR_3M"",""20090331"",""20090331"",""Dts=H"",""cols=1;rows=1"")","=BDH($D307,""MTG_GEN_CPR_6M"",""20090331"",""20090331"",""Dts=H"",""cols=1;rows=1"")","=BDH($D307,""MTG_GEN_CPR_12M"",""20090331"",""20090331"",""Dts=H"",""cols=1;rows=1"")","=BDH($D307,""MTG_GEN_CPR_3M"",""20090610"",""20090610"",""Dts=H"",""cols=1;rows=1"")","=BDH($D307,""MTG_GEN_CPR_6M"",""20090610"",""20090610"",""Dts=H"",""cols=1;rows=1"")","=BDH($D307,""MTG_GEN_CPR_12M"",""20090610"",""20090610"",""Dts=H"",""cols=1;rows=1"")"
31403KRB1,TNTD03376286,pass-through,31403KRB1 Mtge,"=BDH($D308,""MTG_GEN_CPR_3M"",""20090331"",""20090331"",""Dts=H"",""cols=1;rows=1"")","=BDH($D308,""MTG_GEN_CPR_6M"",""20090331"",""20090331"",""Dts=H"",""cols=1;rows=1"")","=BDH($D308,""MTG_GEN_CPR_12M"",""20090331"",""20090331"",""Dts=H"",""cols=1;rows=1"")","=BDH($D308,""MTG_GEN_CPR_3M"",""20090610"",""20090610"",""Dts=H"",""cols=1;rows=1"")","=BDH($D308,""MTG_GEN_CPR_6M"",""20090610"",""20090610"",""Dts=H"",""cols=1;rows=1"")","=BDH($D308,""MTG_GEN_CPR_12M"",""20090610"",""20090610"",""Dts=H"",""cols=1;rows=1"")"
31403R2E7,TNTD03365426,pass-through,31403R2E7 Mtge,"=BDH($D309,""MTG_GEN_CPR_3M"",""20090331"",""20090331"",""Dts=H"",""cols=1;rows=1"")","=BDH($D309,""MTG_GEN_CPR_6M"",""20090331"",""20090331"",""Dts=H"",""cols=1;rows=1"")","=BDH($D309,""MTG_GEN_CPR_12M"",""20090331"",""20090331"",""Dts=H"",""cols=1;rows=1"")","=BDH($D309,""MTG_GEN_CPR_3M"",""20090610"",""20090610"",""Dts=H"",""cols=1;rows=1"")","=BDH($D309,""MTG_GEN_CPR_6M"",""20090610"",""20090610"",""Dts=H"",""cols=1;rows=1"")","=BDH($D309,""MTG_GEN_CPR_12M"",""20090610"",""20090610"",""Dts=H"",""cols=1;rows=1"")"
31403R3B2,TNTD03377013,pass-through,31403R3B2 Mtge,"=BDH($D310,""MTG_GEN_CPR_3M"",""20090331"",""20090331"",""Dts=H"",""cols=1;rows=1"")","=BDH($D310,""MTG_GEN_CPR_6M"",""20090331"",""20090331"",""Dts=H"",""cols=1;rows=1"")","=BDH($D310,""MTG_GEN_CPR_12M"",""20090331"",""20090331"",""Dts=H"",""cols=1;rows=1"")","=BDH($D310,""MTG_GEN_CPR_3M"",""20090610"",""20090610"",""Dts=H"",""cols=1;rows=1"")","=BDH($D310,""MTG_GEN_CPR_6M"",""20090610"",""20090610"",""Dts=H"",""cols=1;rows=1"")","=BDH($D310,""MTG_GEN_CPR_12M"",""20090610"",""20090610"",""Dts=H"",""cols=1;rows=1"")"
31403R4H8,TNTD03365425,pass-through,31403R4H8 Mtge,"=BDH($D311,""MTG_GEN_CPR_3M"",""20090331"",""20090331"",""Dts=H"",""cols=1;rows=1"")","=BDH($D311,""MTG_GEN_CPR_6M"",""20090331"",""20090331"",""Dts=H"",""cols=1;rows=1"")","=BDH($D311,""MTG_GEN_CPR_12M"",""20090331"",""20090331"",""Dts=H"",""cols=1;rows=1"")","=BDH($D311,""MTG_GEN_CPR_3M"",""20090610"",""20090610"",""Dts=H"",""cols=1;rows=1"")","=BDH($D311,""MTG_GEN_CPR_6M"",""20090610"",""20090610"",""Dts=H"",""cols=1;rows=1"")","=BDH($D311,""MTG_GEN_CPR_12M"",""20090610"",""20090610"",""Dts=H"",""cols=1;rows=1"")"
31404EVB9,TNTD03402781,pass-through,31404EVB9 Mtge,"=BDH($D312,""MTG_GEN_CPR_3M"",""20090331"",""20090331"",""Dts=H"",""cols=1;rows=1"")","=BDH($D312,""MTG_GEN_CPR_6M"",""20090331"",""20090331"",""Dts=H"",""cols=1;rows=1"")","=BDH($D312,""MTG_GEN_CPR_12M"",""20090331"",""20090331"",""Dts=H"",""cols=1;rows=1"")","=BDH($D312,""MTG_GEN_CPR_3M"",""20090610"",""20090610"",""Dts=H"",""cols=1;rows=1"")","=BDH($D312,""MTG_GEN_CPR_6M"",""20090610"",""20090610"",""Dts=H"",""cols=1;rows=1"")","=BDH($D312,""MTG_GEN_CPR_12M"",""20090610"",""20090610"",""Dts=H"",""cols=1;rows=1"")"
31404GGN5,TNTD03384157,pass-through,31404GGN5 Mtge,"=BDH($D313,""MTG_GEN_CPR_3M"",""20090331"",""20090331"",""Dts=H"",""cols=1;rows=1"")","=BDH($D313,""MTG_GEN_CPR_6M"",""20090331"",""20090331"",""Dts=H"",""cols=1;rows=1"")","=BDH($D313,""MTG_GEN_CPR_12M"",""20090331"",""20090331"",""Dts=H"",""cols=1;rows=1"")","=BDH($D313,""MTG_GEN_CPR_3M"",""20090610"",""20090610"",""Dts=H"",""cols=1;rows=1"")","=BDH($D313,""MTG_GEN_CPR_6M"",""20090610"",""20090610"",""Dts=H"",""cols=1;rows=1"")","=BDH($D313,""MTG_GEN_CPR_12M"",""20090610"",""20090610"",""Dts=H"",""cols=1;rows=1"")"
31404J2J3,TNTD03411520,pass-through,31404J2J3 Mtge,"=BDH($D314,""MTG_GEN_CPR_3M"",""20090331"",""20090331"",""Dts=H"",""cols=1;rows=1"")","=BDH($D314,""MTG_GEN_CPR_6M"",""20090331"",""20090331"",""Dts=H"",""cols=1;rows=1"")","=BDH($D314,""MTG_GEN_CPR_12M"",""20090331"",""20090331"",""Dts=H"",""cols=1;rows=1"")","=BDH($D314,""MTG_GEN_CPR_3M"",""20090610"",""20090610"",""Dts=H"",""cols=1;rows=1"")","=BDH($D314,""MTG_GEN_CPR_6M"",""20090610"",""20090610"",""Dts=H"",""cols=1;rows=1"")","=BDH($D314,""MTG_GEN_CPR_12M"",""20090610"",""20090610"",""Dts=H"",""cols=1;rows=1"")"
31404JHV0,TNTD03417747,pass-through,31404JHV0 Mtge,"=BDH($D315,""MTG_GEN_CPR_3M"",""20090331"",""20090331"",""Dts=H"",""cols=1;rows=1"")","=BDH($D315,""MTG_GEN_CPR_6M"",""20090331"",""20090331"",""Dts=H"",""cols=1;rows=1"")","=BDH($D315,""MTG_GEN_CPR_12M"",""20090331"",""20090331"",""Dts=H"",""cols=1;rows=1"")","=BDH($D315,""MTG_GEN_CPR_3M"",""20090610"",""20090610"",""Dts=H"",""cols=1;rows=1"")","=BDH($D315,""MTG_GEN_CPR_6M"",""20090610"",""20090610"",""Dts=H"",""cols=1;rows=1"")","=BDH($D315,""MTG_GEN_CPR_12M"",""20090610"",""20090610"",""Dts=H"",""cols=1;rows=1"")"
31404M5N4,TNTD03384016,pass-through,31404M5N4 Mtge,"=BDH($D316,""MTG_GEN_CPR_3M"",""20090331"",""20090331"",""Dts=H"",""cols=1;rows=1"")","=BDH($D316,""MTG_GEN_CPR_6M"",""20090331"",""20090331"",""Dts=H"",""cols=1;rows=1"")","=BDH($D316,""MTG_GEN_CPR_12M"",""20090331"",""20090331"",""Dts=H"",""cols=1;rows=1"")","=BDH($D316,""MTG_GEN_CPR_3M"",""20090610"",""20090610"",""Dts=H"",""cols=1;rows=1"")","=BDH($D316,""MTG_GEN_CPR_6M"",""20090610"",""20090610"",""Dts=H"",""cols=1;rows=1"")","=BDH($D316,""MTG_GEN_CPR_12M"",""20090610"",""20090610"",""Dts=H"",""cols=1;rows=1"")"
31404ML97,TNTD03378789,pass-through,31404ML97 Mtge,"=BDH($D317,""MTG_GEN_CPR_3M"",""20090331"",""20090331"",""Dts=H"",""cols=1;rows=1"")","=BDH($D317,""MTG_GEN_CPR_6M"",""20090331"",""20090331"",""Dts=H"",""cols=1;rows=1"")","=BDH($D317,""MTG_GEN_CPR_12M"",""20090331"",""20090331"",""Dts=H"",""cols=1;rows=1"")","=BDH($D317,""MTG_GEN_CPR_3M"",""20090610"",""20090610"",""Dts=H"",""cols=1;rows=1"")","=BDH($D317,""MTG_GEN_CPR_6M"",""20090610"",""20090610"",""Dts=H"",""cols=1;rows=1"")","=BDH($D317,""MTG_GEN_CPR_12M"",""20090610"",""20090610"",""Dts=H"",""cols=1;rows=1"")"
31404QA74,TNTD03374196,pass-through,31404QA74 Mtge,"=BDH($D318,""MTG_GEN_CPR_3M"",""20090331"",""20090331"",""Dts=H"",""cols=1;rows=1"")","=BDH($D318,""MTG_GEN_CPR_6M"",""20090331"",""20090331"",""Dts=H"",""cols=1;rows=1"")","=BDH($D318,""MTG_GEN_CPR_12M"",""20090331"",""20090331"",""Dts=H"",""cols=1;rows=1"")","=BDH($D318,""MTG_GEN_CPR_3M"",""20090610"",""20090610"",""Dts=H"",""cols=1;rows=1"")","=BDH($D318,""MTG_GEN_CPR_6M"",""20090610"",""20090610"",""Dts=H"",""cols=1;rows=1"")","=BDH($D318,""MTG_GEN_CPR_12M"",""20090610"",""20090610"",""Dts=H"",""cols=1;rows=1"")"
31404UE63,TNTD03390253,pass-through,31404UE63 Mtge,"=BDH($D319,""MTG_GEN_CPR_3M"",""20090331"",""20090331"",""Dts=H"",""cols=1;rows=1"")","=BDH($D319,""MTG_GEN_CPR_6M"",""20090331"",""20090331"",""Dts=H"",""cols=1;rows=1"")","=BDH($D319,""MTG_GEN_CPR_12M"",""20090331"",""20090331"",""Dts=H"",""cols=1;rows=1"")","=BDH($D319,""MTG_GEN_CPR_3M"",""20090610"",""20090610"",""Dts=H"",""cols=1;rows=1"")","=BDH($D319,""MTG_GEN_CPR_6M"",""20090610"",""20090610"",""Dts=H"",""cols=1;rows=1"")","=BDH($D319,""MTG_GEN_CPR_12M"",""20090610"",""20090610"",""Dts=H"",""cols=1;rows=1"")"
31404WTM8,TNTD03417692,pass-through,31404WTM8 Mtge,"=BDH($D320,""MTG_GEN_CPR_3M"",""20090331"",""20090331"",""Dts=H"",""cols=1;rows=1"")","=BDH($D320,""MTG_GEN_CPR_6M"",""20090331"",""20090331"",""Dts=H"",""cols=1;rows=1"")","=BDH($D320,""MTG_GEN_CPR_12M"",""20090331"",""20090331"",""Dts=H"",""cols=1;rows=1"")","=BDH($D320,""MTG_GEN_CPR_3M"",""20090610"",""20090610"",""Dts=H"",""cols=1;rows=1"")","=BDH($D320,""MTG_GEN_CPR_6M"",""20090610"",""20090610"",""Dts=H"",""cols=1;rows=1"")","=BDH($D320,""MTG_GEN_CPR_12M"",""20090610"",""20090610"",""Dts=H"",""cols=1;rows=1"")"
31404XJG0,TNTD03415311,pass-through,31404XJG0 Mtge,"=BDH($D321,""MTG_GEN_CPR_3M"",""20090331"",""20090331"",""Dts=H"",""cols=1;rows=1"")","=BDH($D321,""MTG_GEN_CPR_6M"",""20090331"",""20090331"",""Dts=H"",""cols=1;rows=1"")","=BDH($D321,""MTG_GEN_CPR_12M"",""20090331"",""20090331"",""Dts=H"",""cols=1;rows=1"")","=BDH($D321,""MTG_GEN_CPR_3M"",""20090610"",""20090610"",""Dts=H"",""cols=1;rows=1"")","=BDH($D321,""MTG_GEN_CPR_6M"",""20090610"",""20090610"",""Dts=H"",""cols=1;rows=1"")","=BDH($D321,""MTG_GEN_CPR_12M"",""20090610"",""20090610"",""Dts=H"",""cols=1;rows=1"")"
31404YDK5,TNTD03401194,pass-through,31404YDK5 Mtge,"=BDH($D322,""MTG_GEN_CPR_3M"",""20090331"",""20090331"",""Dts=H"",""cols=1;rows=1"")","=BDH($D322,""MTG_GEN_CPR_6M"",""20090331"",""20090331"",""Dts=H"",""cols=1;rows=1"")","=BDH($D322,""MTG_GEN_CPR_12M"",""20090331"",""20090331"",""Dts=H"",""cols=1;rows=1"")","=BDH($D322,""MTG_GEN_CPR_3M"",""20090610"",""20090610"",""Dts=H"",""cols=1;rows=1"")","=BDH($D322,""MTG_GEN_CPR_6M"",""20090610"",""20090610"",""Dts=H"",""cols=1;rows=1"")","=BDH($D322,""MTG_GEN_CPR_12M"",""20090610"",""20090610"",""Dts=H"",""cols=1;rows=1"")"
31405AZR7,TNTD03383391,pass-through,31405AZR7 Mtge,"=BDH($D323,""MTG_GEN_CPR_3M"",""20090331"",""20090331"",""Dts=H"",""cols=1;rows=1"")","=BDH($D323,""MTG_GEN_CPR_6M"",""20090331"",""20090331"",""Dts=H"",""cols=1;rows=1"")","=BDH($D323,""MTG_GEN_CPR_12M"",""20090331"",""20090331"",""Dts=H"",""cols=1;rows=1"")","=BDH($D323,""MTG_GEN_CPR_3M"",""20090610"",""20090610"",""Dts=H"",""cols=1;rows=1"")","=BDH($D323,""MTG_GEN_CPR_6M"",""20090610"",""20090610"",""Dts=H"",""cols=1;rows=1"")","=BDH($D323,""MTG_GEN_CPR_12M"",""20090610"",""20090610"",""Dts=H"",""cols=1;rows=1"")"
31405CQ85,TNTD03390227,pass-through,31405CQ85 Mtge,"=BDH($D324,""MTG_GEN_CPR_3M"",""20090331"",""20090331"",""Dts=H"",""cols=1;rows=1"")","=BDH($D324,""MTG_GEN_CPR_6M"",""20090331"",""20090331"",""Dts=H"",""cols=1;rows=1"")","=BDH($D324,""MTG_GEN_CPR_12M"",""20090331"",""20090331"",""Dts=H"",""cols=1;rows=1"")","=BDH($D324,""MTG_GEN_CPR_3M"",""20090610"",""20090610"",""Dts=H"",""cols=1;rows=1"")","=BDH($D324,""MTG_GEN_CPR_6M"",""20090610"",""20090610"",""Dts=H"",""cols=1;rows=1"")","=BDH($D324,""MTG_GEN_CPR_12M"",""20090610"",""20090610"",""Dts=H"",""cols=1;rows=1"")"
31405H4U9,TNTD03415369,pass-through,31405H4U9 Mtge,"=BDH($D325,""MTG_GEN_CPR_3M"",""20090331"",""20090331"",""Dts=H"",""cols=1;rows=1"")","=BDH($D325,""MTG_GEN_CPR_6M"",""20090331"",""20090331"",""Dts=H"",""cols=1;rows=1"")","=BDH($D325,""MTG_GEN_CPR_12M"",""20090331"",""20090331"",""Dts=H"",""cols=1;rows=1"")","=BDH($D325,""MTG_GEN_CPR_3M"",""20090610"",""20090610"",""Dts=H"",""cols=1;rows=1"")","=BDH($D325,""MTG_GEN_CPR_6M"",""20090610"",""20090610"",""Dts=H"",""cols=1;rows=1"")","=BDH($D325,""MTG_GEN_CPR_12M"",""20090610"",""20090610"",""Dts=H"",""cols=1;rows=1"")"
31405JWZ3,TNTD03395263,pass-through,31405JWZ3 Mtge,"=BDH($D326,""MTG_GEN_CPR_3M"",""20090331"",""20090331"",""Dts=H"",""cols=1;rows=1"")","=BDH($D326,""MTG_GEN_CPR_6M"",""20090331"",""20090331"",""Dts=H"",""cols=1;rows=1"")","=BDH($D326,""MTG_GEN_CPR_12M"",""20090331"",""20090331"",""Dts=H"",""cols=1;rows=1"")","=BDH($D326,""MTG_GEN_CPR_3M"",""20090610"",""20090610"",""Dts=H"",""cols=1;rows=1"")","=BDH($D326,""MTG_GEN_CPR_6M"",""20090610"",""20090610"",""Dts=H"",""cols=1;rows=1"")","=BDH($D326,""MTG_GEN_CPR_12M"",""20090610"",""20090610"",""Dts=H"",""cols=1;rows=1"")"
31405KZ20,TNTD03413252,pass-through,31405KZ20 Mtge,"=BDH($D327,""MTG_GEN_CPR_3M"",""20090331"",""20090331"",""Dts=H"",""cols=1;rows=1"")","=BDH($D327,""MTG_GEN_CPR_6M"",""20090331"",""20090331"",""Dts=H"",""cols=1;rows=1"")","=BDH($D327,""MTG_GEN_CPR_12M"",""20090331"",""20090331"",""Dts=H"",""cols=1;rows=1"")","=BDH($D327,""MTG_GEN_CPR_3M"",""20090610"",""20090610"",""Dts=H"",""cols=1;rows=1"")","=BDH($D327,""MTG_GEN_CPR_6M"",""20090610"",""20090610"",""Dts=H"",""cols=1;rows=1"")","=BDH($D327,""MTG_GEN_CPR_12M"",""20090610"",""20090610"",""Dts=H"",""cols=1;rows=1"")"
31405UVD8,TNTD03415257,pass-through,31405UVD8 Mtge,"=BDH($D328,""MTG_GEN_CPR_3M"",""20090331"",""20090331"",""Dts=H"",""cols=1;rows=1"")","=BDH($D328,""MTG_GEN_CPR_6M"",""20090331"",""20090331"",""Dts=H"",""cols=1;rows=1"")","=BDH($D328,""MTG_GEN_CPR_12M"",""20090331"",""20090331"",""Dts=H"",""cols=1;rows=1"")","=BDH($D328,""MTG_GEN_CPR_3M"",""20090610"",""20090610"",""Dts=H"",""cols=1;rows=1"")","=BDH($D328,""MTG_GEN_CPR_6M"",""20090610"",""20090610"",""Dts=H"",""cols=1;rows=1"")","=BDH($D328,""MTG_GEN_CPR_12M"",""20090610"",""20090610"",""Dts=H"",""cols=1;rows=1"")"
31405VG76,TNTD03403255,pass-through,31405VG76 Mtge,"=BDH($D329,""MTG_GEN_CPR_3M"",""20090331"",""20090331"",""Dts=H"",""cols=1;rows=1"")","=BDH($D329,""MTG_GEN_CPR_6M"",""20090331"",""20090331"",""Dts=H"",""cols=1;rows=1"")","=BDH($D329,""MTG_GEN_CPR_12M"",""20090331"",""20090331"",""Dts=H"",""cols=1;rows=1"")","=BDH($D329,""MTG_GEN_CPR_3M"",""20090610"",""20090610"",""Dts=H"",""cols=1;rows=1"")","=BDH($D329,""MTG_GEN_CPR_6M"",""20090610"",""20090610"",""Dts=H"",""cols=1;rows=1"")","=BDH($D329,""MTG_GEN_CPR_12M"",""20090610"",""20090610"",""Dts=H"",""cols=1;rows=1"")"
31405XXV0,TNTD03409107,pass-through,31405XXV0 Mtge,"=BDH($D330,""MTG_GEN_CPR_3M"",""20090331"",""20090331"",""Dts=H"",""cols=1;rows=1"")","=BDH($D330,""MTG_GEN_CPR_6M"",""20090331"",""20090331"",""Dts=H"",""cols=1;rows=1"")","=BDH($D330,""MTG_GEN_CPR_12M"",""20090331"",""20090331"",""Dts=H"",""cols=1;rows=1"")","=BDH($D330,""MTG_GEN_CPR_3M"",""20090610"",""20090610"",""Dts=H"",""cols=1;rows=1"")","=BDH($D330,""MTG_GEN_CPR_6M"",""20090610"",""20090610"",""Dts=H"",""cols=1;rows=1"")","=BDH($D330,""MTG_GEN_CPR_12M"",""20090610"",""20090610"",""Dts=H"",""cols=1;rows=1"")"
31405YX48,TNTD03408256,pass-through,31405YX48 Mtge,"=BDH($D331,""MTG_GEN_CPR_3M"",""20090331"",""20090331"",""Dts=H"",""cols=1;rows=1"")","=BDH($D331,""MTG_GEN_CPR_6M"",""20090331"",""20090331"",""Dts=H"",""cols=1;rows=1"")","=BDH($D331,""MTG_GEN_CPR_12M"",""20090331"",""20090331"",""Dts=H"",""cols=1;rows=1"")","=BDH($D331,""MTG_GEN_CPR_3M"",""20090610"",""20090610"",""Dts=H"",""cols=1;rows=1"")","=BDH($D331,""MTG_GEN_CPR_6M"",""20090610"",""20090610"",""Dts=H"",""cols=1;rows=1"")","=BDH($D331,""MTG_GEN_CPR_12M"",""20090610"",""20090610"",""Dts=H"",""cols=1;rows=1"")"
31405YXX4,TNTD03408841,pass-through,31405YXX4 Mtge,"=BDH($D332,""MTG_GEN_CPR_3M"",""20090331"",""20090331"",""Dts=H"",""cols=1;rows=1"")","=BDH($D332,""MTG_GEN_CPR_6M"",""20090331"",""20090331"",""Dts=H"",""cols=1;rows=1"")","=BDH($D332,""MTG_GEN_CPR_12M"",""20090331"",""20090331"",""Dts=H"",""cols=1;rows=1"")","=BDH($D332,""MTG_GEN_CPR_3M"",""20090610"",""20090610"",""Dts=H"",""cols=1;rows=1"")","=BDH($D332,""MTG_GEN_CPR_6M"",""20090610"",""20090610"",""Dts=H"",""cols=1;rows=1"")","=BDH($D332,""MTG_GEN_CPR_12M"",""20090610"",""20090610"",""Dts=H"",""cols=1;rows=1"")"
31406BYJ3,TNTD03388891,pass-through,31406BYJ3 Mtge,"=BDH($D333,""MTG_GEN_CPR_3M"",""20090331"",""20090331"",""Dts=H"",""cols=1;rows=1"")","=BDH($D333,""MTG_GEN_CPR_6M"",""20090331"",""20090331"",""Dts=H"",""cols=1;rows=1"")","=BDH($D333,""MTG_GEN_CPR_12M"",""20090331"",""20090331"",""Dts=H"",""cols=1;rows=1"")","=BDH($D333,""MTG_GEN_CPR_3M"",""20090610"",""20090610"",""Dts=H"",""cols=1;rows=1"")","=BDH($D333,""MTG_GEN_CPR_6M"",""20090610"",""20090610"",""Dts=H"",""cols=1;rows=1"")","=BDH($D333,""MTG_GEN_CPR_12M"",""20090610"",""20090610"",""Dts=H"",""cols=1;rows=1"")"
31406DJV9,TNTD03409126,pass-through,31406DJV9 Mtge,"=BDH($D334,""MTG_GEN_CPR_3M"",""20090331"",""20090331"",""Dts=H"",""cols=1;rows=1"")","=BDH($D334,""MTG_GEN_CPR_6M"",""20090331"",""20090331"",""Dts=H"",""cols=1;rows=1"")","=BDH($D334,""MTG_GEN_CPR_12M"",""20090331"",""20090331"",""Dts=H"",""cols=1;rows=1"")","=BDH($D334,""MTG_GEN_CPR_3M"",""20090610"",""20090610"",""Dts=H"",""cols=1;rows=1"")","=BDH($D334,""MTG_GEN_CPR_6M"",""20090610"",""20090610"",""Dts=H"",""cols=1;rows=1"")","=BDH($D334,""MTG_GEN_CPR_12M"",""20090610"",""20090610"",""Dts=H"",""cols=1;rows=1"")"
31406DJX5,TNTD03408821,pass-through,31406DJX5 Mtge,"=BDH($D335,""MTG_GEN_CPR_3M"",""20090331"",""20090331"",""Dts=H"",""cols=1;rows=1"")","=BDH($D335,""MTG_GEN_CPR_6M"",""20090331"",""20090331"",""Dts=H"",""cols=1;rows=1"")","=BDH($D335,""MTG_GEN_CPR_12M"",""20090331"",""20090331"",""Dts=H"",""cols=1;rows=1"")","=BDH($D335,""MTG_GEN_CPR_3M"",""20090610"",""20090610"",""Dts=H"",""cols=1;rows=1"")","=BDH($D335,""MTG_GEN_CPR_6M"",""20090610"",""20090610"",""Dts=H"",""cols=1;rows=1"")","=BDH($D335,""MTG_GEN_CPR_12M"",""20090610"",""20090610"",""Dts=H"",""cols=1;rows=1"")"
31406GDY2,TNTD03415279,pass-through,31406GDY2 Mtge,"=BDH($D336,""MTG_GEN_CPR_3M"",""20090331"",""20090331"",""Dts=H"",""cols=1;rows=1"")","=BDH($D336,""MTG_GEN_CPR_6M"",""20090331"",""20090331"",""Dts=H"",""cols=1;rows=1"")","=BDH($D336,""MTG_GEN_CPR_12M"",""20090331"",""20090331"",""Dts=H"",""cols=1;rows=1"")","=BDH($D336,""MTG_GEN_CPR_3M"",""20090610"",""20090610"",""Dts=H"",""cols=1;rows=1"")","=BDH($D336,""MTG_GEN_CPR_6M"",""20090610"",""20090610"",""Dts=H"",""cols=1;rows=1"")","=BDH($D336,""MTG_GEN_CPR_12M"",""20090610"",""20090610"",""Dts=H"",""cols=1;rows=1"")"
31406H3D7,TNTD03389186,pass-through,31406H3D7 Mtge,"=BDH($D337,""MTG_GEN_CPR_3M"",""20090331"",""20090331"",""Dts=H"",""cols=1;rows=1"")","=BDH($D337,""MTG_GEN_CPR_6M"",""20090331"",""20090331"",""Dts=H"",""cols=1;rows=1"")","=BDH($D337,""MTG_GEN_CPR_12M"",""20090331"",""20090331"",""Dts=H"",""cols=1;rows=1"")","=BDH($D337,""MTG_GEN_CPR_3M"",""20090610"",""20090610"",""Dts=H"",""cols=1;rows=1"")","=BDH($D337,""MTG_GEN_CPR_6M"",""20090610"",""20090610"",""Dts=H"",""cols=1;rows=1"")","=BDH($D337,""MTG_GEN_CPR_12M"",""20090610"",""20090610"",""Dts=H"",""cols=1;rows=1"")"
31406QGE1,TNTD03413251,pass-through,31406QGE1 Mtge,"=BDH($D338,""MTG_GEN_CPR_3M"",""20090331"",""20090331"",""Dts=H"",""cols=1;rows=1"")","=BDH($D338,""MTG_GEN_CPR_6M"",""20090331"",""20090331"",""Dts=H"",""cols=1;rows=1"")","=BDH($D338,""MTG_GEN_CPR_12M"",""20090331"",""20090331"",""Dts=H"",""cols=1;rows=1"")","=BDH($D338,""MTG_GEN_CPR_3M"",""20090610"",""20090610"",""Dts=H"",""cols=1;rows=1"")","=BDH($D338,""MTG_GEN_CPR_6M"",""20090610"",""20090610"",""Dts=H"",""cols=1;rows=1"")","=BDH($D338,""MTG_GEN_CPR_12M"",""20090610"",""20090610"",""Dts=H"",""cols=1;rows=1"")"
31406UL48,TNTD03397617,pass-through,31406UL48 Mtge,"=BDH($D339,""MTG_GEN_CPR_3M"",""20090331"",""20090331"",""Dts=H"",""cols=1;rows=1"")","=BDH($D339,""MTG_GEN_CPR_6M"",""20090331"",""20090331"",""Dts=H"",""cols=1;rows=1"")","=BDH($D339,""MTG_GEN_CPR_12M"",""20090331"",""20090331"",""Dts=H"",""cols=1;rows=1"")","=BDH($D339,""MTG_GEN_CPR_3M"",""20090610"",""20090610"",""Dts=H"",""cols=1;rows=1"")","=BDH($D339,""MTG_GEN_CPR_6M"",""20090610"",""20090610"",""Dts=H"",""cols=1;rows=1"")","=BDH($D339,""MTG_GEN_CPR_12M"",""20090610"",""20090610"",""Dts=H"",""cols=1;rows=1"")"
31406VQ74,TNTD03374835,pass-through,31406VQ74 Mtge,"=BDH($D340,""MTG_GEN_CPR_3M"",""20090331"",""20090331"",""Dts=H"",""cols=1;rows=1"")","=BDH($D340,""MTG_GEN_CPR_6M"",""20090331"",""20090331"",""Dts=H"",""cols=1;rows=1"")","=BDH($D340,""MTG_GEN_CPR_12M"",""20090331"",""20090331"",""Dts=H"",""cols=1;rows=1"")","=BDH($D340,""MTG_GEN_CPR_3M"",""20090610"",""20090610"",""Dts=H"",""cols=1;rows=1"")","=BDH($D340,""MTG_GEN_CPR_6M"",""20090610"",""20090610"",""Dts=H"",""cols=1;rows=1"")","=BDH($D340,""MTG_GEN_CPR_12M"",""20090610"",""20090610"",""Dts=H"",""cols=1;rows=1"")"
31406YB58,TNTD03401380,pass-through,31406YB58 Mtge,"=BDH($D341,""MTG_GEN_CPR_3M"",""20090331"",""20090331"",""Dts=H"",""cols=1;rows=1"")","=BDH($D341,""MTG_GEN_CPR_6M"",""20090331"",""20090331"",""Dts=H"",""cols=1;rows=1"")","=BDH($D341,""MTG_GEN_CPR_12M"",""20090331"",""20090331"",""Dts=H"",""cols=1;rows=1"")","=BDH($D341,""MTG_GEN_CPR_3M"",""20090610"",""20090610"",""Dts=H"",""cols=1;rows=1"")","=BDH($D341,""MTG_GEN_CPR_6M"",""20090610"",""20090610"",""Dts=H"",""cols=1;rows=1"")","=BDH($D341,""MTG_GEN_CPR_12M"",""20090610"",""20090610"",""Dts=H"",""cols=1;rows=1"")"
31407JBC5,TNTD03410081,pass-through,31407JBC5 Mtge,"=BDH($D342,""MTG_GEN_CPR_3M"",""20090331"",""20090331"",""Dts=H"",""cols=1;rows=1"")","=BDH($D342,""MTG_GEN_CPR_6M"",""20090331"",""20090331"",""Dts=H"",""cols=1;rows=1"")","=BDH($D342,""MTG_GEN_CPR_12M"",""20090331"",""20090331"",""Dts=H"",""cols=1;rows=1"")","=BDH($D342,""MTG_GEN_CPR_3M"",""20090610"",""20090610"",""Dts=H"",""cols=1;rows=1"")","=BDH($D342,""MTG_GEN_CPR_6M"",""20090610"",""20090610"",""Dts=H"",""cols=1;rows=1"")","=BDH($D342,""MTG_GEN_CPR_12M"",""20090610"",""20090610"",""Dts=H"",""cols=1;rows=1"")"
31407KGJ2,TNTD03384029,pass-through,31407KGJ2 Mtge,"=BDH($D343,""MTG_GEN_CPR_3M"",""20090331"",""20090331"",""Dts=H"",""cols=1;rows=1"")","=BDH($D343,""MTG_GEN_CPR_6M"",""20090331"",""20090331"",""Dts=H"",""cols=1;rows=1"")","=BDH($D343,""MTG_GEN_CPR_12M"",""20090331"",""20090331"",""Dts=H"",""cols=1;rows=1"")","=BDH($D343,""MTG_GEN_CPR_3M"",""20090610"",""20090610"",""Dts=H"",""cols=1;rows=1"")","=BDH($D343,""MTG_GEN_CPR_6M"",""20090610"",""20090610"",""Dts=H"",""cols=1;rows=1"")","=BDH($D343,""MTG_GEN_CPR_12M"",""20090610"",""20090610"",""Dts=H"",""cols=1;rows=1"")"
31407LE60,TNTD03410707,pass-through,31407LE60 Mtge,"=BDH($D344,""MTG_GEN_CPR_3M"",""20090331"",""20090331"",""Dts=H"",""cols=1;rows=1"")","=BDH($D344,""MTG_GEN_CPR_6M"",""20090331"",""20090331"",""Dts=H"",""cols=1;rows=1"")","=BDH($D344,""MTG_GEN_CPR_12M"",""20090331"",""20090331"",""Dts=H"",""cols=1;rows=1"")","=BDH($D344,""MTG_GEN_CPR_3M"",""20090610"",""20090610"",""Dts=H"",""cols=1;rows=1"")","=BDH($D344,""MTG_GEN_CPR_6M"",""20090610"",""20090610"",""Dts=H"",""cols=1;rows=1"")","=BDH($D344,""MTG_GEN_CPR_12M"",""20090610"",""20090610"",""Dts=H"",""cols=1;rows=1"")"
31407LEA1,TNTD03366949,pass-through,31407LEA1 Mtge,"=BDH($D345,""MTG_GEN_CPR_3M"",""20090331"",""20090331"",""Dts=H"",""cols=1;rows=1"")","=BDH($D345,""MTG_GEN_CPR_6M"",""20090331"",""20090331"",""Dts=H"",""cols=1;rows=1"")","=BDH($D345,""MTG_GEN_CPR_12M"",""20090331"",""20090331"",""Dts=H"",""cols=1;rows=1"")","=BDH($D345,""MTG_GEN_CPR_3M"",""20090610"",""20090610"",""Dts=H"",""cols=1;rows=1"")","=BDH($D345,""MTG_GEN_CPR_6M"",""20090610"",""20090610"",""Dts=H"",""cols=1;rows=1"")","=BDH($D345,""MTG_GEN_CPR_12M"",""20090610"",""20090610"",""Dts=H"",""cols=1;rows=1"")"
31407RVA9,TNTD03406729,pass-through,31407RVA9 Mtge,"=BDH($D346,""MTG_GEN_CPR_3M"",""20090331"",""20090331"",""Dts=H"",""cols=1;rows=1"")","=BDH($D346,""MTG_GEN_CPR_6M"",""20090331"",""20090331"",""Dts=H"",""cols=1;rows=1"")","=BDH($D346,""MTG_GEN_CPR_12M"",""20090331"",""20090331"",""Dts=H"",""cols=1;rows=1"")","=BDH($D346,""MTG_GEN_CPR_3M"",""20090610"",""20090610"",""Dts=H"",""cols=1;rows=1"")","=BDH($D346,""MTG_GEN_CPR_6M"",""20090610"",""20090610"",""Dts=H"",""cols=1;rows=1"")","=BDH($D346,""MTG_GEN_CPR_12M"",""20090610"",""20090610"",""Dts=H"",""cols=1;rows=1"")"
31407WSP9,TNTD03416536,pass-through,31407WSP9 Mtge,"=BDH($D347,""MTG_GEN_CPR_3M"",""20090331"",""20090331"",""Dts=H"",""cols=1;rows=1"")","=BDH($D347,""MTG_GEN_CPR_6M"",""20090331"",""20090331"",""Dts=H"",""cols=1;rows=1"")","=BDH($D347,""MTG_GEN_CPR_12M"",""20090331"",""20090331"",""Dts=H"",""cols=1;rows=1"")","=BDH($D347,""MTG_GEN_CPR_3M"",""20090610"",""20090610"",""Dts=H"",""cols=1;rows=1"")","=BDH($D347,""MTG_GEN_CPR_6M"",""20090610"",""20090610"",""Dts=H"",""cols=1;rows=1"")","=BDH($D347,""MTG_GEN_CPR_12M"",""20090610"",""20090610"",""Dts=H"",""cols=1;rows=1"")"
31407X2Q3,TNTD03412942,pass-through,31407X2Q3 Mtge,"=BDH($D348,""MTG_GEN_CPR_3M"",""20090331"",""20090331"",""Dts=H"",""cols=1;rows=1"")","=BDH($D348,""MTG_GEN_CPR_6M"",""20090331"",""20090331"",""Dts=H"",""cols=1;rows=1"")","=BDH($D348,""MTG_GEN_CPR_12M"",""20090331"",""20090331"",""Dts=H"",""cols=1;rows=1"")","=BDH($D348,""MTG_GEN_CPR_3M"",""20090610"",""20090610"",""Dts=H"",""cols=1;rows=1"")","=BDH($D348,""MTG_GEN_CPR_6M"",""20090610"",""20090610"",""Dts=H"",""cols=1;rows=1"")","=BDH($D348,""MTG_GEN_CPR_12M"",""20090610"",""20090610"",""Dts=H"",""cols=1;rows=1"")"
31408EN81,TNTD03411683,pass-through,31408EN81 Mtge,"=BDH($D349,""MTG_GEN_CPR_3M"",""20090331"",""20090331"",""Dts=H"",""cols=1;rows=1"")","=BDH($D349,""MTG_GEN_CPR_6M"",""20090331"",""20090331"",""Dts=H"",""cols=1;rows=1"")","=BDH($D349,""MTG_GEN_CPR_12M"",""20090331"",""20090331"",""Dts=H"",""cols=1;rows=1"")","=BDH($D349,""MTG_GEN_CPR_3M"",""20090610"",""20090610"",""Dts=H"",""cols=1;rows=1"")","=BDH($D349,""MTG_GEN_CPR_6M"",""20090610"",""20090610"",""Dts=H"",""cols=1;rows=1"")","=BDH($D349,""MTG_GEN_CPR_12M"",""20090610"",""20090610"",""Dts=H"",""cols=1;rows=1"")"
31408HJ55,TNTD03412843,pass-through,31408HJ55 Mtge,"=BDH($D350,""MTG_GEN_CPR_3M"",""20090331"",""20090331"",""Dts=H"",""cols=1;rows=1"")","=BDH($D350,""MTG_GEN_CPR_6M"",""20090331"",""20090331"",""Dts=H"",""cols=1;rows=1"")","=BDH($D350,""MTG_GEN_CPR_12M"",""20090331"",""20090331"",""Dts=H"",""cols=1;rows=1"")","=BDH($D350,""MTG_GEN_CPR_3M"",""20090610"",""20090610"",""Dts=H"",""cols=1;rows=1"")","=BDH($D350,""MTG_GEN_CPR_6M"",""20090610"",""20090610"",""Dts=H"",""cols=1;rows=1"")","=BDH($D350,""MTG_GEN_CPR_12M"",""20090610"",""20090610"",""Dts=H"",""cols=1;rows=1"")"
31408HXP5,TNTD03405598,pass-through,31408HXP5 Mtge,"=BDH($D351,""MTG_GEN_CPR_3M"",""20090331"",""20090331"",""Dts=H"",""cols=1;rows=1"")","=BDH($D351,""MTG_GEN_CPR_6M"",""20090331"",""20090331"",""Dts=H"",""cols=1;rows=1"")","=BDH($D351,""MTG_GEN_CPR_12M"",""20090331"",""20090331"",""Dts=H"",""cols=1;rows=1"")","=BDH($D351,""MTG_GEN_CPR_3M"",""20090610"",""20090610"",""Dts=H"",""cols=1;rows=1"")","=BDH($D351,""MTG_GEN_CPR_6M"",""20090610"",""20090610"",""Dts=H"",""cols=1;rows=1"")","=BDH($D351,""MTG_GEN_CPR_12M"",""20090610"",""20090610"",""Dts=H"",""cols=1;rows=1"")"
31409D2C6,TNTD03414010,pass-through,31409D2C6 Mtge,"=BDH($D352,""MTG_GEN_CPR_3M"",""20090331"",""20090331"",""Dts=H"",""cols=1;rows=1"")","=BDH($D352,""MTG_GEN_CPR_6M"",""20090331"",""20090331"",""Dts=H"",""cols=1;rows=1"")","=BDH($D352,""MTG_GEN_CPR_12M"",""20090331"",""20090331"",""Dts=H"",""cols=1;rows=1"")","=BDH($D352,""MTG_GEN_CPR_3M"",""20090610"",""20090610"",""Dts=H"",""cols=1;rows=1"")","=BDH($D352,""MTG_GEN_CPR_6M"",""20090610"",""20090610"",""Dts=H"",""cols=1;rows=1"")","=BDH($D352,""MTG_GEN_CPR_12M"",""20090610"",""20090610"",""Dts=H"",""cols=1;rows=1"")"
31409EW80,TNTD03412392,pass-through,31409EW80 Mtge,"=BDH($D353,""MTG_GEN_CPR_3M"",""20090331"",""20090331"",""Dts=H"",""cols=1;rows=1"")","=BDH($D353,""MTG_GEN_CPR_6M"",""20090331"",""20090331"",""Dts=H"",""cols=1;rows=1"")","=BDH($D353,""MTG_GEN_CPR_12M"",""20090331"",""20090331"",""Dts=H"",""cols=1;rows=1"")","=BDH($D353,""MTG_GEN_CPR_3M"",""20090610"",""20090610"",""Dts=H"",""cols=1;rows=1"")","=BDH($D353,""MTG_GEN_CPR_6M"",""20090610"",""20090610"",""Dts=H"",""cols=1;rows=1"")","=BDH($D353,""MTG_GEN_CPR_12M"",""20090610"",""20090610"",""Dts=H"",""cols=1;rows=1"")"
31409TRU4,TNTD03428199,pass-through,31409TRU4 Mtge,"=BDH($D354,""MTG_GEN_CPR_3M"",""20090331"",""20090331"",""Dts=H"",""cols=1;rows=1"")","=BDH($D354,""MTG_GEN_CPR_6M"",""20090331"",""20090331"",""Dts=H"",""cols=1;rows=1"")","=BDH($D354,""MTG_GEN_CPR_12M"",""20090331"",""20090331"",""Dts=H"",""cols=1;rows=1"")","=BDH($D354,""MTG_GEN_CPR_3M"",""20090610"",""20090610"",""Dts=H"",""cols=1;rows=1"")","=BDH($D354,""MTG_GEN_CPR_6M"",""20090610"",""20090610"",""Dts=H"",""cols=1;rows=1"")","=BDH($D354,""MTG_GEN_CPR_12M"",""20090610"",""20090610"",""Dts=H"",""cols=1;rows=1"")"
31409TUG1,TNTD03411313,pass-through,31409TUG1 Mtge,"=BDH($D355,""MTG_GEN_CPR_3M"",""20090331"",""20090331"",""Dts=H"",""cols=1;rows=1"")","=BDH($D355,""MTG_GEN_CPR_6M"",""20090331"",""20090331"",""Dts=H"",""cols=1;rows=1"")","=BDH($D355,""MTG_GEN_CPR_12M"",""20090331"",""20090331"",""Dts=H"",""cols=1;rows=1"")","=BDH($D355,""MTG_GEN_CPR_3M"",""20090610"",""20090610"",""Dts=H"",""cols=1;rows=1"")","=BDH($D355,""MTG_GEN_CPR_6M"",""20090610"",""20090610"",""Dts=H"",""cols=1;rows=1"")","=BDH($D355,""MTG_GEN_CPR_12M"",""20090610"",""20090610"",""Dts=H"",""cols=1;rows=1"")"
31409XHN2,TNTD03413638,pass-through,31409XHN2 Mtge,"=BDH($D356,""MTG_GEN_CPR_3M"",""20090331"",""20090331"",""Dts=H"",""cols=1;rows=1"")","=BDH($D356,""MTG_GEN_CPR_6M"",""20090331"",""20090331"",""Dts=H"",""cols=1;rows=1"")","=BDH($D356,""MTG_GEN_CPR_12M"",""20090331"",""20090331"",""Dts=H"",""cols=1;rows=1"")","=BDH($D356,""MTG_GEN_CPR_3M"",""20090610"",""20090610"",""Dts=H"",""cols=1;rows=1"")","=BDH($D356,""MTG_GEN_CPR_6M"",""20090610"",""20090610"",""Dts=H"",""cols=1;rows=1"")","=BDH($D356,""MTG_GEN_CPR_12M"",""20090610"",""20090610"",""Dts=H"",""cols=1;rows=1"")"
31410C3Q3,TNTD03410945,pass-through,31410C3Q3 Mtge,"=BDH($D357,""MTG_GEN_CPR_3M"",""20090331"",""20090331"",""Dts=H"",""cols=1;rows=1"")","=BDH($D357,""MTG_GEN_CPR_6M"",""20090331"",""20090331"",""Dts=H"",""cols=1;rows=1"")","=BDH($D357,""MTG_GEN_CPR_12M"",""20090331"",""20090331"",""Dts=H"",""cols=1;rows=1"")","=BDH($D357,""MTG_GEN_CPR_3M"",""20090610"",""20090610"",""Dts=H"",""cols=1;rows=1"")","=BDH($D357,""MTG_GEN_CPR_6M"",""20090610"",""20090610"",""Dts=H"",""cols=1;rows=1"")","=BDH($D357,""MTG_GEN_CPR_12M"",""20090610"",""20090610"",""Dts=H"",""cols=1;rows=1"")"
31410C6S6,TNTD03415530,pass-through,31410C6S6 Mtge,"=BDH($D358,""MTG_GEN_CPR_3M"",""20090331"",""20090331"",""Dts=H"",""cols=1;rows=1"")","=BDH($D358,""MTG_GEN_CPR_6M"",""20090331"",""20090331"",""Dts=H"",""cols=1;rows=1"")","=BDH($D358,""MTG_GEN_CPR_12M"",""20090331"",""20090331"",""Dts=H"",""cols=1;rows=1"")","=BDH($D358,""MTG_GEN_CPR_3M"",""20090610"",""20090610"",""Dts=H"",""cols=1;rows=1"")","=BDH($D358,""MTG_GEN_CPR_6M"",""20090610"",""20090610"",""Dts=H"",""cols=1;rows=1"")","=BDH($D358,""MTG_GEN_CPR_12M"",""20090610"",""20090610"",""Dts=H"",""cols=1;rows=1"")"
31410DVM9,TNTD03411636,pass-through,31410DVM9 Mtge,"=BDH($D359,""MTG_GEN_CPR_3M"",""20090331"",""20090331"",""Dts=H"",""cols=1;rows=1"")","=BDH($D359,""MTG_GEN_CPR_6M"",""20090331"",""20090331"",""Dts=H"",""cols=1;rows=1"")","=BDH($D359,""MTG_GEN_CPR_12M"",""20090331"",""20090331"",""Dts=H"",""cols=1;rows=1"")","=BDH($D359,""MTG_GEN_CPR_3M"",""20090610"",""20090610"",""Dts=H"",""cols=1;rows=1"")","=BDH($D359,""MTG_GEN_CPR_6M"",""20090610"",""20090610"",""Dts=H"",""cols=1;rows=1"")","=BDH($D359,""MTG_GEN_CPR_12M"",""20090610"",""20090610"",""Dts=H"",""cols=1;rows=1"")"
31410DXZ8,TNTD03409698,pass-through,31410DXZ8 Mtge,"=BDH($D360,""MTG_GEN_CPR_3M"",""20090331"",""20090331"",""Dts=H"",""cols=1;rows=1"")","=BDH($D360,""MTG_GEN_CPR_6M"",""20090331"",""20090331"",""Dts=H"",""cols=1;rows=1"")","=BDH($D360,""MTG_GEN_CPR_12M"",""20090331"",""20090331"",""Dts=H"",""cols=1;rows=1"")","=BDH($D360,""MTG_GEN_CPR_3M"",""20090610"",""20090610"",""Dts=H"",""cols=1;rows=1"")","=BDH($D360,""MTG_GEN_CPR_6M"",""20090610"",""20090610"",""Dts=H"",""cols=1;rows=1"")","=BDH($D360,""MTG_GEN_CPR_12M"",""20090610"",""20090610"",""Dts=H"",""cols=1;rows=1"")"
31410EPE2,TNTD03420520,pass-through,31410EPE2 Mtge,"=BDH($D361,""MTG_GEN_CPR_3M"",""20090331"",""20090331"",""Dts=H"",""cols=1;rows=1"")","=BDH($D361,""MTG_GEN_CPR_6M"",""20090331"",""20090331"",""Dts=H"",""cols=1;rows=1"")","=BDH($D361,""MTG_GEN_CPR_12M"",""20090331"",""20090331"",""Dts=H"",""cols=1;rows=1"")","=BDH($D361,""MTG_GEN_CPR_3M"",""20090610"",""20090610"",""Dts=H"",""cols=1;rows=1"")","=BDH($D361,""MTG_GEN_CPR_6M"",""20090610"",""20090610"",""Dts=H"",""cols=1;rows=1"")","=BDH($D361,""MTG_GEN_CPR_12M"",""20090610"",""20090610"",""Dts=H"",""cols=1;rows=1"")"
31410F2Z7,TNTD03366676,pass-through,31410F2Z7 Mtge,"=BDH($D362,""MTG_GEN_CPR_3M"",""20090331"",""20090331"",""Dts=H"",""cols=1;rows=1"")","=BDH($D362,""MTG_GEN_CPR_6M"",""20090331"",""20090331"",""Dts=H"",""cols=1;rows=1"")","=BDH($D362,""MTG_GEN_CPR_12M"",""20090331"",""20090331"",""Dts=H"",""cols=1;rows=1"")","=BDH($D362,""MTG_GEN_CPR_3M"",""20090610"",""20090610"",""Dts=H"",""cols=1;rows=1"")","=BDH($D362,""MTG_GEN_CPR_6M"",""20090610"",""20090610"",""Dts=H"",""cols=1;rows=1"")","=BDH($D362,""MTG_GEN_CPR_12M"",""20090610"",""20090610"",""Dts=H"",""cols=1;rows=1"")"
31410F6J9,TNTD03372948,pass-through,31410F6J9 Mtge,"=BDH($D363,""MTG_GEN_CPR_3M"",""20090331"",""20090331"",""Dts=H"",""cols=1;rows=1"")","=BDH($D363,""MTG_GEN_CPR_6M"",""20090331"",""20090331"",""Dts=H"",""cols=1;rows=1"")","=BDH($D363,""MTG_GEN_CPR_12M"",""20090331"",""20090331"",""Dts=H"",""cols=1;rows=1"")","=BDH($D363,""MTG_GEN_CPR_3M"",""20090610"",""20090610"",""Dts=H"",""cols=1;rows=1"")","=BDH($D363,""MTG_GEN_CPR_6M"",""20090610"",""20090610"",""Dts=H"",""cols=1;rows=1"")","=BDH($D363,""MTG_GEN_CPR_12M"",""20090610"",""20090610"",""Dts=H"",""cols=1;rows=1"")"
31410G6A6,TNTD03422857,pass-through,31410G6A6 Mtge,"=BDH($D364,""MTG_GEN_CPR_3M"",""20090331"",""20090331"",""Dts=H"",""cols=1;rows=1"")","=BDH($D364,""MTG_GEN_CPR_6M"",""20090331"",""20090331"",""Dts=H"",""cols=1;rows=1"")","=BDH($D364,""MTG_GEN_CPR_12M"",""20090331"",""20090331"",""Dts=H"",""cols=1;rows=1"")","=BDH($D364,""MTG_GEN_CPR_3M"",""20090610"",""20090610"",""Dts=H"",""cols=1;rows=1"")","=BDH($D364,""MTG_GEN_CPR_6M"",""20090610"",""20090610"",""Dts=H"",""cols=1;rows=1"")","=BDH($D364,""MTG_GEN_CPR_12M"",""20090610"",""20090610"",""Dts=H"",""cols=1;rows=1"")"
31410GE66,TNTD03426907,pass-through,31410GE66 Mtge,"=BDH($D365,""MTG_GEN_CPR_3M"",""20090331"",""20090331"",""Dts=H"",""cols=1;rows=1"")","=BDH($D365,""MTG_GEN_CPR_6M"",""20090331"",""20090331"",""Dts=H"",""cols=1;rows=1"")","=BDH($D365,""MTG_GEN_CPR_12M"",""20090331"",""20090331"",""Dts=H"",""cols=1;rows=1"")","=BDH($D365,""MTG_GEN_CPR_3M"",""20090610"",""20090610"",""Dts=H"",""cols=1;rows=1"")","=BDH($D365,""MTG_GEN_CPR_6M"",""20090610"",""20090610"",""Dts=H"",""cols=1;rows=1"")","=BDH($D365,""MTG_GEN_CPR_12M"",""20090610"",""20090610"",""Dts=H"",""cols=1;rows=1"")"
31410GFV0,TNTD03421404,pass-through,31410GFV0 Mtge,"=BDH($D366,""MTG_GEN_CPR_3M"",""20090331"",""20090331"",""Dts=H"",""cols=1;rows=1"")","=BDH($D366,""MTG_GEN_CPR_6M"",""20090331"",""20090331"",""Dts=H"",""cols=1;rows=1"")","=BDH($D366,""MTG_GEN_CPR_12M"",""20090331"",""20090331"",""Dts=H"",""cols=1;rows=1"")","=BDH($D366,""MTG_GEN_CPR_3M"",""20090610"",""20090610"",""Dts=H"",""cols=1;rows=1"")","=BDH($D366,""MTG_GEN_CPR_6M"",""20090610"",""20090610"",""Dts=H"",""cols=1;rows=1"")","=BDH($D366,""MTG_GEN_CPR_12M"",""20090610"",""20090610"",""Dts=H"",""cols=1;rows=1"")"
31410GH97,TNTD03416513,pass-through,31410GH97 Mtge,"=BDH($D367,""MTG_GEN_CPR_3M"",""20090331"",""20090331"",""Dts=H"",""cols=1;rows=1"")","=BDH($D367,""MTG_GEN_CPR_6M"",""20090331"",""20090331"",""Dts=H"",""cols=1;rows=1"")","=BDH($D367,""MTG_GEN_CPR_12M"",""20090331"",""20090331"",""Dts=H"",""cols=1;rows=1"")","=BDH($D367,""MTG_GEN_CPR_3M"",""20090610"",""20090610"",""Dts=H"",""cols=1;rows=1"")","=BDH($D367,""MTG_GEN_CPR_6M"",""20090610"",""20090610"",""Dts=H"",""cols=1;rows=1"")","=BDH($D367,""MTG_GEN_CPR_12M"",""20090610"",""20090610"",""Dts=H"",""cols=1;rows=1"")"
31410GHN6,TNTD03384105,pass-through,31410GHN6 Mtge,"=BDH($D368,""MTG_GEN_CPR_3M"",""20090331"",""20090331"",""Dts=H"",""cols=1;rows=1"")","=BDH($D368,""MTG_GEN_CPR_6M"",""20090331"",""20090331"",""Dts=H"",""cols=1;rows=1"")","=BDH($D368,""MTG_GEN_CPR_12M"",""20090331"",""20090331"",""Dts=H"",""cols=1;rows=1"")","=BDH($D368,""MTG_GEN_CPR_3M"",""20090610"",""20090610"",""Dts=H"",""cols=1;rows=1"")","=BDH($D368,""MTG_GEN_CPR_6M"",""20090610"",""20090610"",""Dts=H"",""cols=1;rows=1"")","=BDH($D368,""MTG_GEN_CPR_12M"",""20090610"",""20090610"",""Dts=H"",""cols=1;rows=1"")"
31410GJB0,TNTD03415260,pass-through,31410GJB0 Mtge,"=BDH($D369,""MTG_GEN_CPR_3M"",""20090331"",""20090331"",""Dts=H"",""cols=1;rows=1"")","=BDH($D369,""MTG_GEN_CPR_6M"",""20090331"",""20090331"",""Dts=H"",""cols=1;rows=1"")","=BDH($D369,""MTG_GEN_CPR_12M"",""20090331"",""20090331"",""Dts=H"",""cols=1;rows=1"")","=BDH($D369,""MTG_GEN_CPR_3M"",""20090610"",""20090610"",""Dts=H"",""cols=1;rows=1"")","=BDH($D369,""MTG_GEN_CPR_6M"",""20090610"",""20090610"",""Dts=H"",""cols=1;rows=1"")","=BDH($D369,""MTG_GEN_CPR_12M"",""20090610"",""20090610"",""Dts=H"",""cols=1;rows=1"")"
31410GQ55,TNTD03417698,pass-through,31410GQ55 Mtge,"=BDH($D370,""MTG_GEN_CPR_3M"",""20090331"",""20090331"",""Dts=H"",""cols=1;rows=1"")","=BDH($D370,""MTG_GEN_CPR_6M"",""20090331"",""20090331"",""Dts=H"",""cols=1;rows=1"")","=BDH($D370,""MTG_GEN_CPR_12M"",""20090331"",""20090331"",""Dts=H"",""cols=1;rows=1"")","=BDH($D370,""MTG_GEN_CPR_3M"",""20090610"",""20090610"",""Dts=H"",""cols=1;rows=1"")","=BDH($D370,""MTG_GEN_CPR_6M"",""20090610"",""20090610"",""Dts=H"",""cols=1;rows=1"")","=BDH($D370,""MTG_GEN_CPR_12M"",""20090610"",""20090610"",""Dts=H"",""cols=1;rows=1"")"
31410GRM7,TNTD03418584,pass-through,31410GRM7 Mtge,"=BDH($D371,""MTG_GEN_CPR_3M"",""20090331"",""20090331"",""Dts=H"",""cols=1;rows=1"")","=BDH($D371,""MTG_GEN_CPR_6M"",""20090331"",""20090331"",""Dts=H"",""cols=1;rows=1"")","=BDH($D371,""MTG_GEN_CPR_12M"",""20090331"",""20090331"",""Dts=H"",""cols=1;rows=1"")","=BDH($D371,""MTG_GEN_CPR_3M"",""20090610"",""20090610"",""Dts=H"",""cols=1;rows=1"")","=BDH($D371,""MTG_GEN_CPR_6M"",""20090610"",""20090610"",""Dts=H"",""cols=1;rows=1"")","=BDH($D371,""MTG_GEN_CPR_12M"",""20090610"",""20090610"",""Dts=H"",""cols=1;rows=1"")"
31410GRN5,TNTD03419017,pass-through,31410GRN5 Mtge,"=BDH($D372,""MTG_GEN_CPR_3M"",""20090331"",""20090331"",""Dts=H"",""cols=1;rows=1"")","=BDH($D372,""MTG_GEN_CPR_6M"",""20090331"",""20090331"",""Dts=H"",""cols=1;rows=1"")","=BDH($D372,""MTG_GEN_CPR_12M"",""20090331"",""20090331"",""Dts=H"",""cols=1;rows=1"")","=BDH($D372,""MTG_GEN_CPR_3M"",""20090610"",""20090610"",""Dts=H"",""cols=1;rows=1"")","=BDH($D372,""MTG_GEN_CPR_6M"",""20090610"",""20090610"",""Dts=H"",""cols=1;rows=1"")","=BDH($D372,""MTG_GEN_CPR_12M"",""20090610"",""20090610"",""Dts=H"",""cols=1;rows=1"")"
31410KQJ6,TNTD03426713,pass-through,31410KQJ6 Mtge,"=BDH($D373,""MTG_GEN_CPR_3M"",""20090331"",""20090331"",""Dts=H"",""cols=1;rows=1"")","=BDH($D373,""MTG_GEN_CPR_6M"",""20090331"",""20090331"",""Dts=H"",""cols=1;rows=1"")","=BDH($D373,""MTG_GEN_CPR_12M"",""20090331"",""20090331"",""Dts=H"",""cols=1;rows=1"")","=BDH($D373,""MTG_GEN_CPR_3M"",""20090610"",""20090610"",""Dts=H"",""cols=1;rows=1"")","=BDH($D373,""MTG_GEN_CPR_6M"",""20090610"",""20090610"",""Dts=H"",""cols=1;rows=1"")","=BDH($D373,""MTG_GEN_CPR_12M"",""20090610"",""20090610"",""Dts=H"",""cols=1;rows=1"")"
31410KR22,TNTD03427007,pass-through,31410KR22 Mtge,"=BDH($D374,""MTG_GEN_CPR_3M"",""20090331"",""20090331"",""Dts=H"",""cols=1;rows=1"")","=BDH($D374,""MTG_GEN_CPR_6M"",""20090331"",""20090331"",""Dts=H"",""cols=1;rows=1"")","=BDH($D374,""MTG_GEN_CPR_12M"",""20090331"",""20090331"",""Dts=H"",""cols=1;rows=1"")","=BDH($D374,""MTG_GEN_CPR_3M"",""20090610"",""20090610"",""Dts=H"",""cols=1;rows=1"")","=BDH($D374,""MTG_GEN_CPR_6M"",""20090610"",""20090610"",""Dts=H"",""cols=1;rows=1"")","=BDH($D374,""MTG_GEN_CPR_12M"",""20090610"",""20090610"",""Dts=H"",""cols=1;rows=1"")"
31410KRX4,TNTD03428194,pass-through,31410KRX4 Mtge,"=BDH($D375,""MTG_GEN_CPR_3M"",""20090331"",""20090331"",""Dts=H"",""cols=1;rows=1"")","=BDH($D375,""MTG_GEN_CPR_6M"",""20090331"",""20090331"",""Dts=H"",""cols=1;rows=1"")","=BDH($D375,""MTG_GEN_CPR_12M"",""20090331"",""20090331"",""Dts=H"",""cols=1;rows=1"")","=BDH($D375,""MTG_GEN_CPR_3M"",""20090610"",""20090610"",""Dts=H"",""cols=1;rows=1"")","=BDH($D375,""MTG_GEN_CPR_6M"",""20090610"",""20090610"",""Dts=H"",""cols=1;rows=1"")","=BDH($D375,""MTG_GEN_CPR_12M"",""20090610"",""20090610"",""Dts=H"",""cols=1;rows=1"")"
31410KTH7,TNTD03428197,pass-through,31410KTH7 Mtge,"=BDH($D376,""MTG_GEN_CPR_3M"",""20090331"",""20090331"",""Dts=H"",""cols=1;rows=1"")","=BDH($D376,""MTG_GEN_CPR_6M"",""20090331"",""20090331"",""Dts=H"",""cols=1;rows=1"")","=BDH($D376,""MTG_GEN_CPR_12M"",""20090331"",""20090331"",""Dts=H"",""cols=1;rows=1"")","=BDH($D376,""MTG_GEN_CPR_3M"",""20090610"",""20090610"",""Dts=H"",""cols=1;rows=1"")","=BDH($D376,""MTG_GEN_CPR_6M"",""20090610"",""20090610"",""Dts=H"",""cols=1;rows=1"")","=BDH($D376,""MTG_GEN_CPR_12M"",""20090610"",""20090610"",""Dts=H"",""cols=1;rows=1"")"
31410KUN2,TNTD03428893,pass-through,31410KUN2 Mtge,"=BDH($D377,""MTG_GEN_CPR_3M"",""20090331"",""20090331"",""Dts=H"",""cols=1;rows=1"")","=BDH($D377,""MTG_GEN_CPR_6M"",""20090331"",""20090331"",""Dts=H"",""cols=1;rows=1"")","=BDH($D377,""MTG_GEN_CPR_12M"",""20090331"",""20090331"",""Dts=H"",""cols=1;rows=1"")","=BDH($D377,""MTG_GEN_CPR_3M"",""20090610"",""20090610"",""Dts=H"",""cols=1;rows=1"")","=BDH($D377,""MTG_GEN_CPR_6M"",""20090610"",""20090610"",""Dts=H"",""cols=1;rows=1"")","=BDH($D377,""MTG_GEN_CPR_12M"",""20090610"",""20090610"",""Dts=H"",""cols=1;rows=1"")"
31410M4L1,TNTD03413067,pass-through,31410M4L1 Mtge,"=BDH($D378,""MTG_GEN_CPR_3M"",""20090331"",""20090331"",""Dts=H"",""cols=1;rows=1"")","=BDH($D378,""MTG_GEN_CPR_6M"",""20090331"",""20090331"",""Dts=H"",""cols=1;rows=1"")","=BDH($D378,""MTG_GEN_CPR_12M"",""20090331"",""20090331"",""Dts=H"",""cols=1;rows=1"")","=BDH($D378,""MTG_GEN_CPR_3M"",""20090610"",""20090610"",""Dts=H"",""cols=1;rows=1"")","=BDH($D378,""MTG_GEN_CPR_6M"",""20090610"",""20090610"",""Dts=H"",""cols=1;rows=1"")","=BDH($D378,""MTG_GEN_CPR_12M"",""20090610"",""20090610"",""Dts=H"",""cols=1;rows=1"")"
31410MYP9,TNTD03413871,pass-through,31410MYP9 Mtge,"=BDH($D379,""MTG_GEN_CPR_3M"",""20090331"",""20090331"",""Dts=H"",""cols=1;rows=1"")","=BDH($D379,""MTG_GEN_CPR_6M"",""20090331"",""20090331"",""Dts=H"",""cols=1;rows=1"")","=BDH($D379,""MTG_GEN_CPR_12M"",""20090331"",""20090331"",""Dts=H"",""cols=1;rows=1"")","=BDH($D379,""MTG_GEN_CPR_3M"",""20090610"",""20090610"",""Dts=H"",""cols=1;rows=1"")","=BDH($D379,""MTG_GEN_CPR_6M"",""20090610"",""20090610"",""Dts=H"",""cols=1;rows=1"")","=BDH($D379,""MTG_GEN_CPR_12M"",""20090610"",""20090610"",""Dts=H"",""cols=1;rows=1"")"
31410PYM9,TNTD03418130,pass-through,31410PYM9 Mtge,"=BDH($D380,""MTG_GEN_CPR_3M"",""20090331"",""20090331"",""Dts=H"",""cols=1;rows=1"")","=BDH($D380,""MTG_GEN_CPR_6M"",""20090331"",""20090331"",""Dts=H"",""cols=1;rows=1"")","=BDH($D380,""MTG_GEN_CPR_12M"",""20090331"",""20090331"",""Dts=H"",""cols=1;rows=1"")","=BDH($D380,""MTG_GEN_CPR_3M"",""20090610"",""20090610"",""Dts=H"",""cols=1;rows=1"")","=BDH($D380,""MTG_GEN_CPR_6M"",""20090610"",""20090610"",""Dts=H"",""cols=1;rows=1"")","=BDH($D380,""MTG_GEN_CPR_12M"",""20090610"",""20090610"",""Dts=H"",""cols=1;rows=1"")"
31410QPT2,TNTD03410759,pass-through,31410QPT2 Mtge,"=BDH($D381,""MTG_GEN_CPR_3M"",""20090331"",""20090331"",""Dts=H"",""cols=1;rows=1"")","=BDH($D381,""MTG_GEN_CPR_6M"",""20090331"",""20090331"",""Dts=H"",""cols=1;rows=1"")","=BDH($D381,""MTG_GEN_CPR_12M"",""20090331"",""20090331"",""Dts=H"",""cols=1;rows=1"")","=BDH($D381,""MTG_GEN_CPR_3M"",""20090610"",""20090610"",""Dts=H"",""cols=1;rows=1"")","=BDH($D381,""MTG_GEN_CPR_6M"",""20090610"",""20090610"",""Dts=H"",""cols=1;rows=1"")","=BDH($D381,""MTG_GEN_CPR_12M"",""20090610"",""20090610"",""Dts=H"",""cols=1;rows=1"")"
31410RP29,TNTD03415308,pass-through,31410RP29 Mtge,"=BDH($D382,""MTG_GEN_CPR_3M"",""20090331"",""20090331"",""Dts=H"",""cols=1;rows=1"")","=BDH($D382,""MTG_GEN_CPR_6M"",""20090331"",""20090331"",""Dts=H"",""cols=1;rows=1"")","=BDH($D382,""MTG_GEN_CPR_12M"",""20090331"",""20090331"",""Dts=H"",""cols=1;rows=1"")","=BDH($D382,""MTG_GEN_CPR_3M"",""20090610"",""20090610"",""Dts=H"",""cols=1;rows=1"")","=BDH($D382,""MTG_GEN_CPR_6M"",""20090610"",""20090610"",""Dts=H"",""cols=1;rows=1"")","=BDH($D382,""MTG_GEN_CPR_12M"",""20090610"",""20090610"",""Dts=H"",""cols=1;rows=1"")"
31410S5Y9,TNTD03416344,pass-through,31410S5Y9 Mtge,"=BDH($D383,""MTG_GEN_CPR_3M"",""20090331"",""20090331"",""Dts=H"",""cols=1;rows=1"")","=BDH($D383,""MTG_GEN_CPR_6M"",""20090331"",""20090331"",""Dts=H"",""cols=1;rows=1"")","=BDH($D383,""MTG_GEN_CPR_12M"",""20090331"",""20090331"",""Dts=H"",""cols=1;rows=1"")","=BDH($D383,""MTG_GEN_CPR_3M"",""20090610"",""20090610"",""Dts=H"",""cols=1;rows=1"")","=BDH($D383,""MTG_GEN_CPR_6M"",""20090610"",""20090610"",""Dts=H"",""cols=1;rows=1"")","=BDH($D383,""MTG_GEN_CPR_12M"",""20090610"",""20090610"",""Dts=H"",""cols=1;rows=1"")"
31410TVY8,TNTD03410793,pass-through,31410TVY8 Mtge,"=BDH($D384,""MTG_GEN_CPR_3M"",""20090331"",""20090331"",""Dts=H"",""cols=1;rows=1"")","=BDH($D384,""MTG_GEN_CPR_6M"",""20090331"",""20090331"",""Dts=H"",""cols=1;rows=1"")","=BDH($D384,""MTG_GEN_CPR_12M"",""20090331"",""20090331"",""Dts=H"",""cols=1;rows=1"")","=BDH($D384,""MTG_GEN_CPR_3M"",""20090610"",""20090610"",""Dts=H"",""cols=1;rows=1"")","=BDH($D384,""MTG_GEN_CPR_6M"",""20090610"",""20090610"",""Dts=H"",""cols=1;rows=1"")","=BDH($D384,""MTG_GEN_CPR_12M"",""20090610"",""20090610"",""Dts=H"",""cols=1;rows=1"")"
31410UQW5,TNTD03386000,pass-through,31410UQW5 Mtge,"=BDH($D385,""MTG_GEN_CPR_3M"",""20090331"",""20090331"",""Dts=H"",""cols=1;rows=1"")","=BDH($D385,""MTG_GEN_CPR_6M"",""20090331"",""20090331"",""Dts=H"",""cols=1;rows=1"")","=BDH($D385,""MTG_GEN_CPR_12M"",""20090331"",""20090331"",""Dts=H"",""cols=1;rows=1"")","=BDH($D385,""MTG_GEN_CPR_3M"",""20090610"",""20090610"",""Dts=H"",""cols=1;rows=1"")","=BDH($D385,""MTG_GEN_CPR_6M"",""20090610"",""20090610"",""Dts=H"",""cols=1;rows=1"")","=BDH($D385,""MTG_GEN_CPR_12M"",""20090610"",""20090610"",""Dts=H"",""cols=1;rows=1"")"
31410V2L3,TNTD03341331,pass-through,31410V2L3 Mtge,"=BDH($D386,""MTG_GEN_CPR_3M"",""20090331"",""20090331"",""Dts=H"",""cols=1;rows=1"")","=BDH($D386,""MTG_GEN_CPR_6M"",""20090331"",""20090331"",""Dts=H"",""cols=1;rows=1"")","=BDH($D386,""MTG_GEN_CPR_12M"",""20090331"",""20090331"",""Dts=H"",""cols=1;rows=1"")","=BDH($D386,""MTG_GEN_CPR_3M"",""20090610"",""20090610"",""Dts=H"",""cols=1;rows=1"")","=BDH($D386,""MTG_GEN_CPR_6M"",""20090610"",""20090610"",""Dts=H"",""cols=1;rows=1"")","=BDH($D386,""MTG_GEN_CPR_12M"",""20090610"",""20090610"",""Dts=H"",""cols=1;rows=1"")"
31410WX37,TNTD03415710,pass-through,31410WX37 Mtge,"=BDH($D387,""MTG_GEN_CPR_3M"",""20090331"",""20090331"",""Dts=H"",""cols=1;rows=1"")","=BDH($D387,""MTG_GEN_CPR_6M"",""20090331"",""20090331"",""Dts=H"",""cols=1;rows=1"")","=BDH($D387,""MTG_GEN_CPR_12M"",""20090331"",""20090331"",""Dts=H"",""cols=1;rows=1"")","=BDH($D387,""MTG_GEN_CPR_3M"",""20090610"",""20090610"",""Dts=H"",""cols=1;rows=1"")","=BDH($D387,""MTG_GEN_CPR_6M"",""20090610"",""20090610"",""Dts=H"",""cols=1;rows=1"")","=BDH($D387,""MTG_GEN_CPR_12M"",""20090610"",""20090610"",""Dts=H"",""cols=1;rows=1"")"
31410XF84,TNTD03411213,pass-through,31410XF84 Mtge,"=BDH($D388,""MTG_GEN_CPR_3M"",""20090331"",""20090331"",""Dts=H"",""cols=1;rows=1"")","=BDH($D388,""MTG_GEN_CPR_6M"",""20090331"",""20090331"",""Dts=H"",""cols=1;rows=1"")","=BDH($D388,""MTG_GEN_CPR_12M"",""20090331"",""20090331"",""Dts=H"",""cols=1;rows=1"")","=BDH($D388,""MTG_GEN_CPR_3M"",""20090610"",""20090610"",""Dts=H"",""cols=1;rows=1"")","=BDH($D388,""MTG_GEN_CPR_6M"",""20090610"",""20090610"",""Dts=H"",""cols=1;rows=1"")","=BDH($D388,""MTG_GEN_CPR_12M"",""20090610"",""20090610"",""Dts=H"",""cols=1;rows=1"")"
31410XGK6,TNTD03410173,pass-through,31410XGK6 Mtge,"=BDH($D389,""MTG_GEN_CPR_3M"",""20090331"",""20090331"",""Dts=H"",""cols=1;rows=1"")","=BDH($D389,""MTG_GEN_CPR_6M"",""20090331"",""20090331"",""Dts=H"",""cols=1;rows=1"")","=BDH($D389,""MTG_GEN_CPR_12M"",""20090331"",""20090331"",""Dts=H"",""cols=1;rows=1"")","=BDH($D389,""MTG_GEN_CPR_3M"",""20090610"",""20090610"",""Dts=H"",""cols=1;rows=1"")","=BDH($D389,""MTG_GEN_CPR_6M"",""20090610"",""20090610"",""Dts=H"",""cols=1;rows=1"")","=BDH($D389,""MTG_GEN_CPR_12M"",""20090610"",""20090610"",""Dts=H"",""cols=1;rows=1"")"
31411AYF6,TNTD03412789,pass-through,31411AYF6 Mtge,"=BDH($D390,""MTG_GEN_CPR_3M"",""20090331"",""20090331"",""Dts=H"",""cols=1;rows=1"")","=BDH($D390,""MTG_GEN_CPR_6M"",""20090331"",""20090331"",""Dts=H"",""cols=1;rows=1"")","=BDH($D390,""MTG_GEN_CPR_12M"",""20090331"",""20090331"",""Dts=H"",""cols=1;rows=1"")","=BDH($D390,""MTG_GEN_CPR_3M"",""20090610"",""20090610"",""Dts=H"",""cols=1;rows=1"")","=BDH($D390,""MTG_GEN_CPR_6M"",""20090610"",""20090610"",""Dts=H"",""cols=1;rows=1"")","=BDH($D390,""MTG_GEN_CPR_12M"",""20090610"",""20090610"",""Dts=H"",""cols=1;rows=1"")"
31411GDL3,TNTD03418072,pass-through,31411GDL3 Mtge,"=BDH($D391,""MTG_GEN_CPR_3M"",""20090331"",""20090331"",""Dts=H"",""cols=1;rows=1"")","=BDH($D391,""MTG_GEN_CPR_6M"",""20090331"",""20090331"",""Dts=H"",""cols=1;rows=1"")","=BDH($D391,""MTG_GEN_CPR_12M"",""20090331"",""20090331"",""Dts=H"",""cols=1;rows=1"")","=BDH($D391,""MTG_GEN_CPR_3M"",""20090610"",""20090610"",""Dts=H"",""cols=1;rows=1"")","=BDH($D391,""MTG_GEN_CPR_6M"",""20090610"",""20090610"",""Dts=H"",""cols=1;rows=1"")","=BDH($D391,""MTG_GEN_CPR_12M"",""20090610"",""20090610"",""Dts=H"",""cols=1;rows=1"")"
31411GP30,TNTD03366941,pass-through,31411GP30 Mtge,"=BDH($D392,""MTG_GEN_CPR_3M"",""20090331"",""20090331"",""Dts=H"",""cols=1;rows=1"")","=BDH($D392,""MTG_GEN_CPR_6M"",""20090331"",""20090331"",""Dts=H"",""cols=1;rows=1"")","=BDH($D392,""MTG_GEN_CPR_12M"",""20090331"",""20090331"",""Dts=H"",""cols=1;rows=1"")","=BDH($D392,""MTG_GEN_CPR_3M"",""20090610"",""20090610"",""Dts=H"",""cols=1;rows=1"")","=BDH($D392,""MTG_GEN_CPR_6M"",""20090610"",""20090610"",""Dts=H"",""cols=1;rows=1"")","=BDH($D392,""MTG_GEN_CPR_12M"",""20090610"",""20090610"",""Dts=H"",""cols=1;rows=1"")"
31411RCQ9,TNTD03380485,pass-through,31411RCQ9 Mtge,"=BDH($D393,""MTG_GEN_CPR_3M"",""20090331"",""20090331"",""Dts=H"",""cols=1;rows=1"")","=BDH($D393,""MTG_GEN_CPR_6M"",""20090331"",""20090331"",""Dts=H"",""cols=1;rows=1"")","=BDH($D393,""MTG_GEN_CPR_12M"",""20090331"",""20090331"",""Dts=H"",""cols=1;rows=1"")","=BDH($D393,""MTG_GEN_CPR_3M"",""20090610"",""20090610"",""Dts=H"",""cols=1;rows=1"")","=BDH($D393,""MTG_GEN_CPR_6M"",""20090610"",""20090610"",""Dts=H"",""cols=1;rows=1"")","=BDH($D393,""MTG_GEN_CPR_12M"",""20090610"",""20090610"",""Dts=H"",""cols=1;rows=1"")"
31411SNF9,TNTD03374255,pass-through,31411SNF9 Mtge,"=BDH($D394,""MTG_GEN_CPR_3M"",""20090331"",""20090331"",""Dts=H"",""cols=1;rows=1"")","=BDH($D394,""MTG_GEN_CPR_6M"",""20090331"",""20090331"",""Dts=H"",""cols=1;rows=1"")","=BDH($D394,""MTG_GEN_CPR_12M"",""20090331"",""20090331"",""Dts=H"",""cols=1;rows=1"")","=BDH($D394,""MTG_GEN_CPR_3M"",""20090610"",""20090610"",""Dts=H"",""cols=1;rows=1"")","=BDH($D394,""MTG_GEN_CPR_6M"",""20090610"",""20090610"",""Dts=H"",""cols=1;rows=1"")","=BDH($D394,""MTG_GEN_CPR_12M"",""20090610"",""20090610"",""Dts=H"",""cols=1;rows=1"")"
31411UDL2,TNTD03380178,pass-through,31411UDL2 Mtge,"=BDH($D395,""MTG_GEN_CPR_3M"",""20090331"",""20090331"",""Dts=H"",""cols=1;rows=1"")","=BDH($D395,""MTG_GEN_CPR_6M"",""20090331"",""20090331"",""Dts=H"",""cols=1;rows=1"")","=BDH($D395,""MTG_GEN_CPR_12M"",""20090331"",""20090331"",""Dts=H"",""cols=1;rows=1"")","=BDH($D395,""MTG_GEN_CPR_3M"",""20090610"",""20090610"",""Dts=H"",""cols=1;rows=1"")","=BDH($D395,""MTG_GEN_CPR_6M"",""20090610"",""20090610"",""Dts=H"",""cols=1;rows=1"")","=BDH($D395,""MTG_GEN_CPR_12M"",""20090610"",""20090610"",""Dts=H"",""cols=1;rows=1"")"
31411UPM7,TNTD03416834,pass-through,31411UPM7 Mtge,"=BDH($D396,""MTG_GEN_CPR_3M"",""20090331"",""20090331"",""Dts=H"",""cols=1;rows=1"")","=BDH($D396,""MTG_GEN_CPR_6M"",""20090331"",""20090331"",""Dts=H"",""cols=1;rows=1"")","=BDH($D396,""MTG_GEN_CPR_12M"",""20090331"",""20090331"",""Dts=H"",""cols=1;rows=1"")","=BDH($D396,""MTG_GEN_CPR_3M"",""20090610"",""20090610"",""Dts=H"",""cols=1;rows=1"")","=BDH($D396,""MTG_GEN_CPR_6M"",""20090610"",""20090610"",""Dts=H"",""cols=1;rows=1"")","=BDH($D396,""MTG_GEN_CPR_12M"",""20090610"",""20090610"",""Dts=H"",""cols=1;rows=1"")"
31411WA49,TNTD03386116,pass-through,31411WA49 Mtge,"=BDH($D397,""MTG_GEN_CPR_3M"",""20090331"",""20090331"",""Dts=H"",""cols=1;rows=1"")","=BDH($D397,""MTG_GEN_CPR_6M"",""20090331"",""20090331"",""Dts=H"",""cols=1;rows=1"")","=BDH($D397,""MTG_GEN_CPR_12M"",""20090331"",""20090331"",""Dts=H"",""cols=1;rows=1"")","=BDH($D397,""MTG_GEN_CPR_3M"",""20090610"",""20090610"",""Dts=H"",""cols=1;rows=1"")","=BDH($D397,""MTG_GEN_CPR_6M"",""20090610"",""20090610"",""Dts=H"",""cols=1;rows=1"")","=BDH($D397,""MTG_GEN_CPR_12M"",""20090610"",""20090610"",""Dts=H"",""cols=1;rows=1"")"
31411X6Z3,TNTD03387728,pass-through,31411X6Z3 Mtge,"=BDH($D398,""MTG_GEN_CPR_3M"",""20090331"",""20090331"",""Dts=H"",""cols=1;rows=1"")","=BDH($D398,""MTG_GEN_CPR_6M"",""20090331"",""20090331"",""Dts=H"",""cols=1;rows=1"")","=BDH($D398,""MTG_GEN_CPR_12M"",""20090331"",""20090331"",""Dts=H"",""cols=1;rows=1"")","=BDH($D398,""MTG_GEN_CPR_3M"",""20090610"",""20090610"",""Dts=H"",""cols=1;rows=1"")","=BDH($D398,""MTG_GEN_CPR_6M"",""20090610"",""20090610"",""Dts=H"",""cols=1;rows=1"")","=BDH($D398,""MTG_GEN_CPR_12M"",""20090610"",""20090610"",""Dts=H"",""cols=1;rows=1"")"
31411YDS9,TNTD03418263,pass-through,31411YDS9 Mtge,"=BDH($D399,""MTG_GEN_CPR_3M"",""20090331"",""20090331"",""Dts=H"",""cols=1;rows=1"")","=BDH($D399,""MTG_GEN_CPR_6M"",""20090331"",""20090331"",""Dts=H"",""cols=1;rows=1"")","=BDH($D399,""MTG_GEN_CPR_12M"",""20090331"",""20090331"",""Dts=H"",""cols=1;rows=1"")","=BDH($D399,""MTG_GEN_CPR_3M"",""20090610"",""20090610"",""Dts=H"",""cols=1;rows=1"")","=BDH($D399,""MTG_GEN_CPR_6M"",""20090610"",""20090610"",""Dts=H"",""cols=1;rows=1"")","=BDH($D399,""MTG_GEN_CPR_12M"",""20090610"",""20090610"",""Dts=H"",""cols=1;rows=1"")"
31411YGA5,TNTD03418860,pass-through,31411YGA5 Mtge,"=BDH($D400,""MTG_GEN_CPR_3M"",""20090331"",""20090331"",""Dts=H"",""cols=1;rows=1"")","=BDH($D400,""MTG_GEN_CPR_6M"",""20090331"",""20090331"",""Dts=H"",""cols=1;rows=1"")","=BDH($D400,""MTG_GEN_CPR_12M"",""20090331"",""20090331"",""Dts=H"",""cols=1;rows=1"")","=BDH($D400,""MTG_GEN_CPR_3M"",""20090610"",""20090610"",""Dts=H"",""cols=1;rows=1"")","=BDH($D400,""MTG_GEN_CPR_6M"",""20090610"",""20090610"",""Dts=H"",""cols=1;rows=1"")","=BDH($D400,""MTG_GEN_CPR_12M"",""20090610"",""20090610"",""Dts=H"",""cols=1;rows=1"")"
31412B2P6,TNTD03416983,pass-through,31412B2P6 Mtge,"=BDH($D401,""MTG_GEN_CPR_3M"",""20090331"",""20090331"",""Dts=H"",""cols=1;rows=1"")","=BDH($D401,""MTG_GEN_CPR_6M"",""20090331"",""20090331"",""Dts=H"",""cols=1;rows=1"")","=BDH($D401,""MTG_GEN_CPR_12M"",""20090331"",""20090331"",""Dts=H"",""cols=1;rows=1"")","=BDH($D401,""MTG_GEN_CPR_3M"",""20090610"",""20090610"",""Dts=H"",""cols=1;rows=1"")","=BDH($D401,""MTG_GEN_CPR_6M"",""20090610"",""20090610"",""Dts=H"",""cols=1;rows=1"")","=BDH($D401,""MTG_GEN_CPR_12M"",""20090610"",""20090610"",""Dts=H"",""cols=1;rows=1"")"
31412BPZ9,TNTD03391444,pass-through,31412BPZ9 Mtge,"=BDH($D402,""MTG_GEN_CPR_3M"",""20090331"",""20090331"",""Dts=H"",""cols=1;rows=1"")","=BDH($D402,""MTG_GEN_CPR_6M"",""20090331"",""20090331"",""Dts=H"",""cols=1;rows=1"")","=BDH($D402,""MTG_GEN_CPR_12M"",""20090331"",""20090331"",""Dts=H"",""cols=1;rows=1"")","=BDH($D402,""MTG_GEN_CPR_3M"",""20090610"",""20090610"",""Dts=H"",""cols=1;rows=1"")","=BDH($D402,""MTG_GEN_CPR_6M"",""20090610"",""20090610"",""Dts=H"",""cols=1;rows=1"")","=BDH($D402,""MTG_GEN_CPR_12M"",""20090610"",""20090610"",""Dts=H"",""cols=1;rows=1"")"
31412BWG3,TNTD03372825,pass-through,31412BWG3 Mtge,"=BDH($D403,""MTG_GEN_CPR_3M"",""20090331"",""20090331"",""Dts=H"",""cols=1;rows=1"")","=BDH($D403,""MTG_GEN_CPR_6M"",""20090331"",""20090331"",""Dts=H"",""cols=1;rows=1"")","=BDH($D403,""MTG_GEN_CPR_12M"",""20090331"",""20090331"",""Dts=H"",""cols=1;rows=1"")","=BDH($D403,""MTG_GEN_CPR_3M"",""20090610"",""20090610"",""Dts=H"",""cols=1;rows=1"")","=BDH($D403,""MTG_GEN_CPR_6M"",""20090610"",""20090610"",""Dts=H"",""cols=1;rows=1"")","=BDH($D403,""MTG_GEN_CPR_12M"",""20090610"",""20090610"",""Dts=H"",""cols=1;rows=1"")"
31412DYV4,TNTD03372694,pass-through,31412DYV4 Mtge,"=BDH($D404,""MTG_GEN_CPR_3M"",""20090331"",""20090331"",""Dts=H"",""cols=1;rows=1"")","=BDH($D404,""MTG_GEN_CPR_6M"",""20090331"",""20090331"",""Dts=H"",""cols=1;rows=1"")","=BDH($D404,""MTG_GEN_CPR_12M"",""20090331"",""20090331"",""Dts=H"",""cols=1;rows=1"")","=BDH($D404,""MTG_GEN_CPR_3M"",""20090610"",""20090610"",""Dts=H"",""cols=1;rows=1"")","=BDH($D404,""MTG_GEN_CPR_6M"",""20090610"",""20090610"",""Dts=H"",""cols=1;rows=1"")","=BDH($D404,""MTG_GEN_CPR_12M"",""20090610"",""20090610"",""Dts=H"",""cols=1;rows=1"")"
31412ETK2,TNTD03416751,pass-through,31412ETK2 Mtge,"=BDH($D405,""MTG_GEN_CPR_3M"",""20090331"",""20090331"",""Dts=H"",""cols=1;rows=1"")","=BDH($D405,""MTG_GEN_CPR_6M"",""20090331"",""20090331"",""Dts=H"",""cols=1;rows=1"")","=BDH($D405,""MTG_GEN_CPR_12M"",""20090331"",""20090331"",""Dts=H"",""cols=1;rows=1"")","=BDH($D405,""MTG_GEN_CPR_3M"",""20090610"",""20090610"",""Dts=H"",""cols=1;rows=1"")","=BDH($D405,""MTG_GEN_CPR_6M"",""20090610"",""20090610"",""Dts=H"",""cols=1;rows=1"")","=BDH($D405,""MTG_GEN_CPR_12M"",""20090610"",""20090610"",""Dts=H"",""cols=1;rows=1"")"
31412G4H1,TNTD03417000,pass-through,31412G4H1 Mtge,"=BDH($D406,""MTG_GEN_CPR_3M"",""20090331"",""20090331"",""Dts=H"",""cols=1;rows=1"")","=BDH($D406,""MTG_GEN_CPR_6M"",""20090331"",""20090331"",""Dts=H"",""cols=1;rows=1"")","=BDH($D406,""MTG_GEN_CPR_12M"",""20090331"",""20090331"",""Dts=H"",""cols=1;rows=1"")","=BDH($D406,""MTG_GEN_CPR_3M"",""20090610"",""20090610"",""Dts=H"",""cols=1;rows=1"")","=BDH($D406,""MTG_GEN_CPR_6M"",""20090610"",""20090610"",""Dts=H"",""cols=1;rows=1"")","=BDH($D406,""MTG_GEN_CPR_12M"",""20090610"",""20090610"",""Dts=H"",""cols=1;rows=1"")"
31412GSR3,TNTD03418287,pass-through,31412GSR3 Mtge,"=BDH($D407,""MTG_GEN_CPR_3M"",""20090331"",""20090331"",""Dts=H"",""cols=1;rows=1"")","=BDH($D407,""MTG_GEN_CPR_6M"",""20090331"",""20090331"",""Dts=H"",""cols=1;rows=1"")","=BDH($D407,""MTG_GEN_CPR_12M"",""20090331"",""20090331"",""Dts=H"",""cols=1;rows=1"")","=BDH($D407,""MTG_GEN_CPR_3M"",""20090610"",""20090610"",""Dts=H"",""cols=1;rows=1"")","=BDH($D407,""MTG_GEN_CPR_6M"",""20090610"",""20090610"",""Dts=H"",""cols=1;rows=1"")","=BDH($D407,""MTG_GEN_CPR_12M"",""20090610"",""20090610"",""Dts=H"",""cols=1;rows=1"")"
31412LZK9,TNTD03418561,pass-through,31412LZK9 Mtge,"=BDH($D408,""MTG_GEN_CPR_3M"",""20090331"",""20090331"",""Dts=H"",""cols=1;rows=1"")","=BDH($D408,""MTG_GEN_CPR_6M"",""20090331"",""20090331"",""Dts=H"",""cols=1;rows=1"")","=BDH($D408,""MTG_GEN_CPR_12M"",""20090331"",""20090331"",""Dts=H"",""cols=1;rows=1"")","=BDH($D408,""MTG_GEN_CPR_3M"",""20090610"",""20090610"",""Dts=H"",""cols=1;rows=1"")","=BDH($D408,""MTG_GEN_CPR_6M"",""20090610"",""20090610"",""Dts=H"",""cols=1;rows=1"")","=BDH($D408,""MTG_GEN_CPR_12M"",""20090610"",""20090610"",""Dts=H"",""cols=1;rows=1"")"
31412M3C0,TNTD03428648,pass-through,31412M3C0 Mtge,"=BDH($D409,""MTG_GEN_CPR_3M"",""20090331"",""20090331"",""Dts=H"",""cols=1;rows=1"")","=BDH($D409,""MTG_GEN_CPR_6M"",""20090331"",""20090331"",""Dts=H"",""cols=1;rows=1"")","=BDH($D409,""MTG_GEN_CPR_12M"",""20090331"",""20090331"",""Dts=H"",""cols=1;rows=1"")","=BDH($D409,""MTG_GEN_CPR_3M"",""20090610"",""20090610"",""Dts=H"",""cols=1;rows=1"")","=BDH($D409,""MTG_GEN_CPR_6M"",""20090610"",""20090610"",""Dts=H"",""cols=1;rows=1"")","=BDH($D409,""MTG_GEN_CPR_12M"",""20090610"",""20090610"",""Dts=H"",""cols=1;rows=1"")"
31412M4Y1,TNTD03428169,pass-through,31412M4Y1 Mtge,"=BDH($D410,""MTG_GEN_CPR_3M"",""20090331"",""20090331"",""Dts=H"",""cols=1;rows=1"")","=BDH($D410,""MTG_GEN_CPR_6M"",""20090331"",""20090331"",""Dts=H"",""cols=1;rows=1"")","=BDH($D410,""MTG_GEN_CPR_12M"",""20090331"",""20090331"",""Dts=H"",""cols=1;rows=1"")","=BDH($D410,""MTG_GEN_CPR_3M"",""20090610"",""20090610"",""Dts=H"",""cols=1;rows=1"")","=BDH($D410,""MTG_GEN_CPR_6M"",""20090610"",""20090610"",""Dts=H"",""cols=1;rows=1"")","=BDH($D410,""MTG_GEN_CPR_12M"",""20090610"",""20090610"",""Dts=H"",""cols=1;rows=1"")"
31412PBG5,TNTD03433690,pass-through,31412PBG5 Mtge,"=BDH($D411,""MTG_GEN_CPR_3M"",""20090331"",""20090331"",""Dts=H"",""cols=1;rows=1"")","=BDH($D411,""MTG_GEN_CPR_6M"",""20090331"",""20090331"",""Dts=H"",""cols=1;rows=1"")","=BDH($D411,""MTG_GEN_CPR_12M"",""20090331"",""20090331"",""Dts=H"",""cols=1;rows=1"")","=BDH($D411,""MTG_GEN_CPR_3M"",""20090610"",""20090610"",""Dts=H"",""cols=1;rows=1"")","=BDH($D411,""MTG_GEN_CPR_6M"",""20090610"",""20090610"",""Dts=H"",""cols=1;rows=1"")","=BDH($D411,""MTG_GEN_CPR_12M"",""20090610"",""20090610"",""Dts=H"",""cols=1;rows=1"")"
31412PEV9,TNTD03434360,pass-through,31412PEV9 Mtge,"=BDH($D412,""MTG_GEN_CPR_3M"",""20090331"",""20090331"",""Dts=H"",""cols=1;rows=1"")","=BDH($D412,""MTG_GEN_CPR_6M"",""20090331"",""20090331"",""Dts=H"",""cols=1;rows=1"")","=BDH($D412,""MTG_GEN_CPR_12M"",""20090331"",""20090331"",""Dts=H"",""cols=1;rows=1"")","=BDH($D412,""MTG_GEN_CPR_3M"",""20090610"",""20090610"",""Dts=H"",""cols=1;rows=1"")","=BDH($D412,""MTG_GEN_CPR_6M"",""20090610"",""20090610"",""Dts=H"",""cols=1;rows=1"")","=BDH($D412,""MTG_GEN_CPR_12M"",""20090610"",""20090610"",""Dts=H"",""cols=1;rows=1"")"
31412T5U3,TNTD03433573,pass-through,31412T5U3 Mtge,"=BDH($D413,""MTG_GEN_CPR_3M"",""20090331"",""20090331"",""Dts=H"",""cols=1;rows=1"")","=BDH($D413,""MTG_GEN_CPR_6M"",""20090331"",""20090331"",""Dts=H"",""cols=1;rows=1"")","=BDH($D413,""MTG_GEN_CPR_12M"",""20090331"",""20090331"",""Dts=H"",""cols=1;rows=1"")","=BDH($D413,""MTG_GEN_CPR_3M"",""20090610"",""20090610"",""Dts=H"",""cols=1;rows=1"")","=BDH($D413,""MTG_GEN_CPR_6M"",""20090610"",""20090610"",""Dts=H"",""cols=1;rows=1"")","=BDH($D413,""MTG_GEN_CPR_12M"",""20090610"",""20090610"",""Dts=H"",""cols=1;rows=1"")"
31412XSV7,TNTD03415448,pass-through,31412XSV7 Mtge,"=BDH($D414,""MTG_GEN_CPR_3M"",""20090331"",""20090331"",""Dts=H"",""cols=1;rows=1"")","=BDH($D414,""MTG_GEN_CPR_6M"",""20090331"",""20090331"",""Dts=H"",""cols=1;rows=1"")","=BDH($D414,""MTG_GEN_CPR_12M"",""20090331"",""20090331"",""Dts=H"",""cols=1;rows=1"")","=BDH($D414,""MTG_GEN_CPR_3M"",""20090610"",""20090610"",""Dts=H"",""cols=1;rows=1"")","=BDH($D414,""MTG_GEN_CPR_6M"",""20090610"",""20090610"",""Dts=H"",""cols=1;rows=1"")","=BDH($D414,""MTG_GEN_CPR_12M"",""20090610"",""20090610"",""Dts=H"",""cols=1;rows=1"")"
31412YFJ6,TNTD03374797,pass-through,31412YFJ6 Mtge,"=BDH($D415,""MTG_GEN_CPR_3M"",""20090331"",""20090331"",""Dts=H"",""cols=1;rows=1"")","=BDH($D415,""MTG_GEN_CPR_6M"",""20090331"",""20090331"",""Dts=H"",""cols=1;rows=1"")","=BDH($D415,""MTG_GEN_CPR_12M"",""20090331"",""20090331"",""Dts=H"",""cols=1;rows=1"")","=BDH($D415,""MTG_GEN_CPR_3M"",""20090610"",""20090610"",""Dts=H"",""cols=1;rows=1"")","=BDH($D415,""MTG_GEN_CPR_6M"",""20090610"",""20090610"",""Dts=H"",""cols=1;rows=1"")","=BDH($D415,""MTG_GEN_CPR_12M"",""20090610"",""20090610"",""Dts=H"",""cols=1;rows=1"")"
31413AGJ6,TNTD03418133,pass-through,31413AGJ6 Mtge,"=BDH($D416,""MTG_GEN_CPR_3M"",""20090331"",""20090331"",""Dts=H"",""cols=1;rows=1"")","=BDH($D416,""MTG_GEN_CPR_6M"",""20090331"",""20090331"",""Dts=H"",""cols=1;rows=1"")","=BDH($D416,""MTG_GEN_CPR_12M"",""20090331"",""20090331"",""Dts=H"",""cols=1;rows=1"")","=BDH($D416,""MTG_GEN_CPR_3M"",""20090610"",""20090610"",""Dts=H"",""cols=1;rows=1"")","=BDH($D416,""MTG_GEN_CPR_6M"",""20090610"",""20090610"",""Dts=H"",""cols=1;rows=1"")","=BDH($D416,""MTG_GEN_CPR_12M"",""20090610"",""20090610"",""Dts=H"",""cols=1;rows=1"")"
31413BEW7,TNTD03380224,pass-through,31413BEW7 Mtge,"=BDH($D417,""MTG_GEN_CPR_3M"",""20090331"",""20090331"",""Dts=H"",""cols=1;rows=1"")","=BDH($D417,""MTG_GEN_CPR_6M"",""20090331"",""20090331"",""Dts=H"",""cols=1;rows=1"")","=BDH($D417,""MTG_GEN_CPR_12M"",""20090331"",""20090331"",""Dts=H"",""cols=1;rows=1"")","=BDH($D417,""MTG_GEN_CPR_3M"",""20090610"",""20090610"",""Dts=H"",""cols=1;rows=1"")","=BDH($D417,""MTG_GEN_CPR_6M"",""20090610"",""20090610"",""Dts=H"",""cols=1;rows=1"")","=BDH($D417,""MTG_GEN_CPR_12M"",""20090610"",""20090610"",""Dts=H"",""cols=1;rows=1"")"
31413CCD9,TNTD03418175,pass-through,31413CCD9 Mtge,"=BDH($D418,""MTG_GEN_CPR_3M"",""20090331"",""20090331"",""Dts=H"",""cols=1;rows=1"")","=BDH($D418,""MTG_GEN_CPR_6M"",""20090331"",""20090331"",""Dts=H"",""cols=1;rows=1"")","=BDH($D418,""MTG_GEN_CPR_12M"",""20090331"",""20090331"",""Dts=H"",""cols=1;rows=1"")","=BDH($D418,""MTG_GEN_CPR_3M"",""20090610"",""20090610"",""Dts=H"",""cols=1;rows=1"")","=BDH($D418,""MTG_GEN_CPR_6M"",""20090610"",""20090610"",""Dts=H"",""cols=1;rows=1"")","=BDH($D418,""MTG_GEN_CPR_12M"",""20090610"",""20090610"",""Dts=H"",""cols=1;rows=1"")"
31413DGE1,TNTD03415467,pass-through,31413DGE1 Mtge,"=BDH($D419,""MTG_GEN_CPR_3M"",""20090331"",""20090331"",""Dts=H"",""cols=1;rows=1"")","=BDH($D419,""MTG_GEN_CPR_6M"",""20090331"",""20090331"",""Dts=H"",""cols=1;rows=1"")","=BDH($D419,""MTG_GEN_CPR_12M"",""20090331"",""20090331"",""Dts=H"",""cols=1;rows=1"")","=BDH($D419,""MTG_GEN_CPR_3M"",""20090610"",""20090610"",""Dts=H"",""cols=1;rows=1"")","=BDH($D419,""MTG_GEN_CPR_6M"",""20090610"",""20090610"",""Dts=H"",""cols=1;rows=1"")","=BDH($D419,""MTG_GEN_CPR_12M"",""20090610"",""20090610"",""Dts=H"",""cols=1;rows=1"")"
31413GMM9,TNTD03415513,pass-through,31413GMM9 Mtge,"=BDH($D420,""MTG_GEN_CPR_3M"",""20090331"",""20090331"",""Dts=H"",""cols=1;rows=1"")","=BDH($D420,""MTG_GEN_CPR_6M"",""20090331"",""20090331"",""Dts=H"",""cols=1;rows=1"")","=BDH($D420,""MTG_GEN_CPR_12M"",""20090331"",""20090331"",""Dts=H"",""cols=1;rows=1"")","=BDH($D420,""MTG_GEN_CPR_3M"",""20090610"",""20090610"",""Dts=H"",""cols=1;rows=1"")","=BDH($D420,""MTG_GEN_CPR_6M"",""20090610"",""20090610"",""Dts=H"",""cols=1;rows=1"")","=BDH($D420,""MTG_GEN_CPR_12M"",""20090610"",""20090610"",""Dts=H"",""cols=1;rows=1"")"
31413JJ96,TNTD03415783,pass-through,31413JJ96 Mtge,"=BDH($D421,""MTG_GEN_CPR_3M"",""20090331"",""20090331"",""Dts=H"",""cols=1;rows=1"")","=BDH($D421,""MTG_GEN_CPR_6M"",""20090331"",""20090331"",""Dts=H"",""cols=1;rows=1"")","=BDH($D421,""MTG_GEN_CPR_12M"",""20090331"",""20090331"",""Dts=H"",""cols=1;rows=1"")","=BDH($D421,""MTG_GEN_CPR_3M"",""20090610"",""20090610"",""Dts=H"",""cols=1;rows=1"")","=BDH($D421,""MTG_GEN_CPR_6M"",""20090610"",""20090610"",""Dts=H"",""cols=1;rows=1"")","=BDH($D421,""MTG_GEN_CPR_12M"",""20090610"",""20090610"",""Dts=H"",""cols=1;rows=1"")"
31413JLB8,TNTD03416109,pass-through,31413JLB8 Mtge,"=BDH($D422,""MTG_GEN_CPR_3M"",""20090331"",""20090331"",""Dts=H"",""cols=1;rows=1"")","=BDH($D422,""MTG_GEN_CPR_6M"",""20090331"",""20090331"",""Dts=H"",""cols=1;rows=1"")","=BDH($D422,""MTG_GEN_CPR_12M"",""20090331"",""20090331"",""Dts=H"",""cols=1;rows=1"")","=BDH($D422,""MTG_GEN_CPR_3M"",""20090610"",""20090610"",""Dts=H"",""cols=1;rows=1"")","=BDH($D422,""MTG_GEN_CPR_6M"",""20090610"",""20090610"",""Dts=H"",""cols=1;rows=1"")","=BDH($D422,""MTG_GEN_CPR_12M"",""20090610"",""20090610"",""Dts=H"",""cols=1;rows=1"")"
31413K5A5,TNTD03418077,pass-through,31413K5A5 Mtge,"=BDH($D423,""MTG_GEN_CPR_3M"",""20090331"",""20090331"",""Dts=H"",""cols=1;rows=1"")","=BDH($D423,""MTG_GEN_CPR_6M"",""20090331"",""20090331"",""Dts=H"",""cols=1;rows=1"")","=BDH($D423,""MTG_GEN_CPR_12M"",""20090331"",""20090331"",""Dts=H"",""cols=1;rows=1"")","=BDH($D423,""MTG_GEN_CPR_3M"",""20090610"",""20090610"",""Dts=H"",""cols=1;rows=1"")","=BDH($D423,""MTG_GEN_CPR_6M"",""20090610"",""20090610"",""Dts=H"",""cols=1;rows=1"")","=BDH($D423,""MTG_GEN_CPR_12M"",""20090610"",""20090610"",""Dts=H"",""cols=1;rows=1"")"
31413KBU4,TNTD03418324,pass-through,31413KBU4 Mtge,"=BDH($D424,""MTG_GEN_CPR_3M"",""20090331"",""20090331"",""Dts=H"",""cols=1;rows=1"")","=BDH($D424,""MTG_GEN_CPR_6M"",""20090331"",""20090331"",""Dts=H"",""cols=1;rows=1"")","=BDH($D424,""MTG_GEN_CPR_12M"",""20090331"",""20090331"",""Dts=H"",""cols=1;rows=1"")","=BDH($D424,""MTG_GEN_CPR_3M"",""20090610"",""20090610"",""Dts=H"",""cols=1;rows=1"")","=BDH($D424,""MTG_GEN_CPR_6M"",""20090610"",""20090610"",""Dts=H"",""cols=1;rows=1"")","=BDH($D424,""MTG_GEN_CPR_12M"",""20090610"",""20090610"",""Dts=H"",""cols=1;rows=1"")"
31413KKF7,TNTD03418607,pass-through,31413KKF7 Mtge,"=BDH($D425,""MTG_GEN_CPR_3M"",""20090331"",""20090331"",""Dts=H"",""cols=1;rows=1"")","=BDH($D425,""MTG_GEN_CPR_6M"",""20090331"",""20090331"",""Dts=H"",""cols=1;rows=1"")","=BDH($D425,""MTG_GEN_CPR_12M"",""20090331"",""20090331"",""Dts=H"",""cols=1;rows=1"")","=BDH($D425,""MTG_GEN_CPR_3M"",""20090610"",""20090610"",""Dts=H"",""cols=1;rows=1"")","=BDH($D425,""MTG_GEN_CPR_6M"",""20090610"",""20090610"",""Dts=H"",""cols=1;rows=1"")","=BDH($D425,""MTG_GEN_CPR_12M"",""20090610"",""20090610"",""Dts=H"",""cols=1;rows=1"")"
31413KL33,TNTD03418215,pass-through,31413KL33 Mtge,"=BDH($D426,""MTG_GEN_CPR_3M"",""20090331"",""20090331"",""Dts=H"",""cols=1;rows=1"")","=BDH($D426,""MTG_GEN_CPR_6M"",""20090331"",""20090331"",""Dts=H"",""cols=1;rows=1"")","=BDH($D426,""MTG_GEN_CPR_12M"",""20090331"",""20090331"",""Dts=H"",""cols=1;rows=1"")","=BDH($D426,""MTG_GEN_CPR_3M"",""20090610"",""20090610"",""Dts=H"",""cols=1;rows=1"")","=BDH($D426,""MTG_GEN_CPR_6M"",""20090610"",""20090610"",""Dts=H"",""cols=1;rows=1"")","=BDH($D426,""MTG_GEN_CPR_12M"",""20090610"",""20090610"",""Dts=H"",""cols=1;rows=1"")"
31413ME78,TNTD03386640,pass-through,31413ME78 Mtge,"=BDH($D427,""MTG_GEN_CPR_3M"",""20090331"",""20090331"",""Dts=H"",""cols=1;rows=1"")","=BDH($D427,""MTG_GEN_CPR_6M"",""20090331"",""20090331"",""Dts=H"",""cols=1;rows=1"")","=BDH($D427,""MTG_GEN_CPR_12M"",""20090331"",""20090331"",""Dts=H"",""cols=1;rows=1"")","=BDH($D427,""MTG_GEN_CPR_3M"",""20090610"",""20090610"",""Dts=H"",""cols=1;rows=1"")","=BDH($D427,""MTG_GEN_CPR_6M"",""20090610"",""20090610"",""Dts=H"",""cols=1;rows=1"")","=BDH($D427,""MTG_GEN_CPR_12M"",""20090610"",""20090610"",""Dts=H"",""cols=1;rows=1"")"
31413N5R2,TNTD03418560,pass-through,31413N5R2 Mtge,"=BDH($D428,""MTG_GEN_CPR_3M"",""20090331"",""20090331"",""Dts=H"",""cols=1;rows=1"")","=BDH($D428,""MTG_GEN_CPR_6M"",""20090331"",""20090331"",""Dts=H"",""cols=1;rows=1"")","=BDH($D428,""MTG_GEN_CPR_12M"",""20090331"",""20090331"",""Dts=H"",""cols=1;rows=1"")","=BDH($D428,""MTG_GEN_CPR_3M"",""20090610"",""20090610"",""Dts=H"",""cols=1;rows=1"")","=BDH($D428,""MTG_GEN_CPR_6M"",""20090610"",""20090610"",""Dts=H"",""cols=1;rows=1"")","=BDH($D428,""MTG_GEN_CPR_12M"",""20090610"",""20090610"",""Dts=H"",""cols=1;rows=1"")"
31413NCZ6,TNTD03428165,pass-through,31413NCZ6 Mtge,"=BDH($D429,""MTG_GEN_CPR_3M"",""20090331"",""20090331"",""Dts=H"",""cols=1;rows=1"")","=BDH($D429,""MTG_GEN_CPR_6M"",""20090331"",""20090331"",""Dts=H"",""cols=1;rows=1"")","=BDH($D429,""MTG_GEN_CPR_12M"",""20090331"",""20090331"",""Dts=H"",""cols=1;rows=1"")","=BDH($D429,""MTG_GEN_CPR_3M"",""20090610"",""20090610"",""Dts=H"",""cols=1;rows=1"")","=BDH($D429,""MTG_GEN_CPR_6M"",""20090610"",""20090610"",""Dts=H"",""cols=1;rows=1"")","=BDH($D429,""MTG_GEN_CPR_12M"",""20090610"",""20090610"",""Dts=H"",""cols=1;rows=1"")"
31413NDT9,TNTD03423894,pass-through,31413NDT9 Mtge,"=BDH($D430,""MTG_GEN_CPR_3M"",""20090331"",""20090331"",""Dts=H"",""cols=1;rows=1"")","=BDH($D430,""MTG_GEN_CPR_6M"",""20090331"",""20090331"",""Dts=H"",""cols=1;rows=1"")","=BDH($D430,""MTG_GEN_CPR_12M"",""20090331"",""20090331"",""Dts=H"",""cols=1;rows=1"")","=BDH($D430,""MTG_GEN_CPR_3M"",""20090610"",""20090610"",""Dts=H"",""cols=1;rows=1"")","=BDH($D430,""MTG_GEN_CPR_6M"",""20090610"",""20090610"",""Dts=H"",""cols=1;rows=1"")","=BDH($D430,""MTG_GEN_CPR_12M"",""20090610"",""20090610"",""Dts=H"",""cols=1;rows=1"")"
31413QS90,TNTD03418617,pass-through,31413QS90 Mtge,"=BDH($D431,""MTG_GEN_CPR_3M"",""20090331"",""20090331"",""Dts=H"",""cols=1;rows=1"")","=BDH($D431,""MTG_GEN_CPR_6M"",""20090331"",""20090331"",""Dts=H"",""cols=1;rows=1"")","=BDH($D431,""MTG_GEN_CPR_12M"",""20090331"",""20090331"",""Dts=H"",""cols=1;rows=1"")","=BDH($D431,""MTG_GEN_CPR_3M"",""20090610"",""20090610"",""Dts=H"",""cols=1;rows=1"")","=BDH($D431,""MTG_GEN_CPR_6M"",""20090610"",""20090610"",""Dts=H"",""cols=1;rows=1"")","=BDH($D431,""MTG_GEN_CPR_12M"",""20090610"",""20090610"",""Dts=H"",""cols=1;rows=1"")"
31413SCS1,TNTD03419299,pass-through,31413SCS1 Mtge,"=BDH($D432,""MTG_GEN_CPR_3M"",""20090331"",""20090331"",""Dts=H"",""cols=1;rows=1"")","=BDH($D432,""MTG_GEN_CPR_6M"",""20090331"",""20090331"",""Dts=H"",""cols=1;rows=1"")","=BDH($D432,""MTG_GEN_CPR_12M"",""20090331"",""20090331"",""Dts=H"",""cols=1;rows=1"")","=BDH($D432,""MTG_GEN_CPR_3M"",""20090610"",""20090610"",""Dts=H"",""cols=1;rows=1"")","=BDH($D432,""MTG_GEN_CPR_6M"",""20090610"",""20090610"",""Dts=H"",""cols=1;rows=1"")","=BDH($D432,""MTG_GEN_CPR_12M"",""20090610"",""20090610"",""Dts=H"",""cols=1;rows=1"")"
31413SHF4,TNTD03417814,pass-through,31413SHF4 Mtge,"=BDH($D433,""MTG_GEN_CPR_3M"",""20090331"",""20090331"",""Dts=H"",""cols=1;rows=1"")","=BDH($D433,""MTG_GEN_CPR_6M"",""20090331"",""20090331"",""Dts=H"",""cols=1;rows=1"")","=BDH($D433,""MTG_GEN_CPR_12M"",""20090331"",""20090331"",""Dts=H"",""cols=1;rows=1"")","=BDH($D433,""MTG_GEN_CPR_3M"",""20090610"",""20090610"",""Dts=H"",""cols=1;rows=1"")","=BDH($D433,""MTG_GEN_CPR_6M"",""20090610"",""20090610"",""Dts=H"",""cols=1;rows=1"")","=BDH($D433,""MTG_GEN_CPR_12M"",""20090610"",""20090610"",""Dts=H"",""cols=1;rows=1"")"
31413UWD7,TNTD03418026,pass-through,31413UWD7 Mtge,"=BDH($D434,""MTG_GEN_CPR_3M"",""20090331"",""20090331"",""Dts=H"",""cols=1;rows=1"")","=BDH($D434,""MTG_GEN_CPR_6M"",""20090331"",""20090331"",""Dts=H"",""cols=1;rows=1"")","=BDH($D434,""MTG_GEN_CPR_12M"",""20090331"",""20090331"",""Dts=H"",""cols=1;rows=1"")","=BDH($D434,""MTG_GEN_CPR_3M"",""20090610"",""20090610"",""Dts=H"",""cols=1;rows=1"")","=BDH($D434,""MTG_GEN_CPR_6M"",""20090610"",""20090610"",""Dts=H"",""cols=1;rows=1"")","=BDH($D434,""MTG_GEN_CPR_12M"",""20090610"",""20090610"",""Dts=H"",""cols=1;rows=1"")"
31414CV88,TNTD03428421,pass-through,31414CV88 Mtge,"=BDH($D435,""MTG_GEN_CPR_3M"",""20090331"",""20090331"",""Dts=H"",""cols=1;rows=1"")","=BDH($D435,""MTG_GEN_CPR_6M"",""20090331"",""20090331"",""Dts=H"",""cols=1;rows=1"")","=BDH($D435,""MTG_GEN_CPR_12M"",""20090331"",""20090331"",""Dts=H"",""cols=1;rows=1"")","=BDH($D435,""MTG_GEN_CPR_3M"",""20090610"",""20090610"",""Dts=H"",""cols=1;rows=1"")","=BDH($D435,""MTG_GEN_CPR_6M"",""20090610"",""20090610"",""Dts=H"",""cols=1;rows=1"")","=BDH($D435,""MTG_GEN_CPR_12M"",""20090610"",""20090610"",""Dts=H"",""cols=1;rows=1"")"
31414CZ84,TNTD03428327,pass-through,31414CZ84 Mtge,"=BDH($D436,""MTG_GEN_CPR_3M"",""20090331"",""20090331"",""Dts=H"",""cols=1;rows=1"")","=BDH($D436,""MTG_GEN_CPR_6M"",""20090331"",""20090331"",""Dts=H"",""cols=1;rows=1"")","=BDH($D436,""MTG_GEN_CPR_12M"",""20090331"",""20090331"",""Dts=H"",""cols=1;rows=1"")","=BDH($D436,""MTG_GEN_CPR_3M"",""20090610"",""20090610"",""Dts=H"",""cols=1;rows=1"")","=BDH($D436,""MTG_GEN_CPR_6M"",""20090610"",""20090610"",""Dts=H"",""cols=1;rows=1"")","=BDH($D436,""MTG_GEN_CPR_12M"",""20090610"",""20090610"",""Dts=H"",""cols=1;rows=1"")"
31414FKG5,TNTD03428166,pass-through,31414FKG5 Mtge,"=BDH($D437,""MTG_GEN_CPR_3M"",""20090331"",""20090331"",""Dts=H"",""cols=1;rows=1"")","=BDH($D437,""MTG_GEN_CPR_6M"",""20090331"",""20090331"",""Dts=H"",""cols=1;rows=1"")","=BDH($D437,""MTG_GEN_CPR_12M"",""20090331"",""20090331"",""Dts=H"",""cols=1;rows=1"")","=BDH($D437,""MTG_GEN_CPR_3M"",""20090610"",""20090610"",""Dts=H"",""cols=1;rows=1"")","=BDH($D437,""MTG_GEN_CPR_6M"",""20090610"",""20090610"",""Dts=H"",""cols=1;rows=1"")","=BDH($D437,""MTG_GEN_CPR_12M"",""20090610"",""20090610"",""Dts=H"",""cols=1;rows=1"")"
31414FPH8,TNTD03429160,pass-through,31414FPH8 Mtge,"=BDH($D438,""MTG_GEN_CPR_3M"",""20090331"",""20090331"",""Dts=H"",""cols=1;rows=1"")","=BDH($D438,""MTG_GEN_CPR_6M"",""20090331"",""20090331"",""Dts=H"",""cols=1;rows=1"")","=BDH($D438,""MTG_GEN_CPR_12M"",""20090331"",""20090331"",""Dts=H"",""cols=1;rows=1"")","=BDH($D438,""MTG_GEN_CPR_3M"",""20090610"",""20090610"",""Dts=H"",""cols=1;rows=1"")","=BDH($D438,""MTG_GEN_CPR_6M"",""20090610"",""20090610"",""Dts=H"",""cols=1;rows=1"")","=BDH($D438,""MTG_GEN_CPR_12M"",""20090610"",""20090610"",""Dts=H"",""cols=1;rows=1"")"
31414HDB0,TNTD03424284,pass-through,31414HDB0 Mtge,"=BDH($D439,""MTG_GEN_CPR_3M"",""20090331"",""20090331"",""Dts=H"",""cols=1;rows=1"")","=BDH($D439,""MTG_GEN_CPR_6M"",""20090331"",""20090331"",""Dts=H"",""cols=1;rows=1"")","=BDH($D439,""MTG_GEN_CPR_12M"",""20090331"",""20090331"",""Dts=H"",""cols=1;rows=1"")","=BDH($D439,""MTG_GEN_CPR_3M"",""20090610"",""20090610"",""Dts=H"",""cols=1;rows=1"")","=BDH($D439,""MTG_GEN_CPR_6M"",""20090610"",""20090610"",""Dts=H"",""cols=1;rows=1"")","=BDH($D439,""MTG_GEN_CPR_12M"",""20090610"",""20090610"",""Dts=H"",""cols=1;rows=1"")"
31414KAV2,TNTD03422817,pass-through,31414KAV2 Mtge,"=BDH($D440,""MTG_GEN_CPR_3M"",""20090331"",""20090331"",""Dts=H"",""cols=1;rows=1"")","=BDH($D440,""MTG_GEN_CPR_6M"",""20090331"",""20090331"",""Dts=H"",""cols=1;rows=1"")","=BDH($D440,""MTG_GEN_CPR_12M"",""20090331"",""20090331"",""Dts=H"",""cols=1;rows=1"")","=BDH($D440,""MTG_GEN_CPR_3M"",""20090610"",""20090610"",""Dts=H"",""cols=1;rows=1"")","=BDH($D440,""MTG_GEN_CPR_6M"",""20090610"",""20090610"",""Dts=H"",""cols=1;rows=1"")","=BDH($D440,""MTG_GEN_CPR_12M"",""20090610"",""20090610"",""Dts=H"",""cols=1;rows=1"")"
31414LAH1,TNTD03421258,pass-through,31414LAH1 Mtge,"=BDH($D441,""MTG_GEN_CPR_3M"",""20090331"",""20090331"",""Dts=H"",""cols=1;rows=1"")","=BDH($D441,""MTG_GEN_CPR_6M"",""20090331"",""20090331"",""Dts=H"",""cols=1;rows=1"")","=BDH($D441,""MTG_GEN_CPR_12M"",""20090331"",""20090331"",""Dts=H"",""cols=1;rows=1"")","=BDH($D441,""MTG_GEN_CPR_3M"",""20090610"",""20090610"",""Dts=H"",""cols=1;rows=1"")","=BDH($D441,""MTG_GEN_CPR_6M"",""20090610"",""20090610"",""Dts=H"",""cols=1;rows=1"")","=BDH($D441,""MTG_GEN_CPR_12M"",""20090610"",""20090610"",""Dts=H"",""cols=1;rows=1"")"
31414PTH2,TNTD03428649,pass-through,31414PTH2 Mtge,"=BDH($D442,""MTG_GEN_CPR_3M"",""20090331"",""20090331"",""Dts=H"",""cols=1;rows=1"")","=BDH($D442,""MTG_GEN_CPR_6M"",""20090331"",""20090331"",""Dts=H"",""cols=1;rows=1"")","=BDH($D442,""MTG_GEN_CPR_12M"",""20090331"",""20090331"",""Dts=H"",""cols=1;rows=1"")","=BDH($D442,""MTG_GEN_CPR_3M"",""20090610"",""20090610"",""Dts=H"",""cols=1;rows=1"")","=BDH($D442,""MTG_GEN_CPR_6M"",""20090610"",""20090610"",""Dts=H"",""cols=1;rows=1"")","=BDH($D442,""MTG_GEN_CPR_12M"",""20090610"",""20090610"",""Dts=H"",""cols=1;rows=1"")"
31414QAE7,TNTD03425068,pass-through,31414QAE7 Mtge,"=BDH($D443,""MTG_GEN_CPR_3M"",""20090331"",""20090331"",""Dts=H"",""cols=1;rows=1"")","=BDH($D443,""MTG_GEN_CPR_6M"",""20090331"",""20090331"",""Dts=H"",""cols=1;rows=1"")","=BDH($D443,""MTG_GEN_CPR_12M"",""20090331"",""20090331"",""Dts=H"",""cols=1;rows=1"")","=BDH($D443,""MTG_GEN_CPR_3M"",""20090610"",""20090610"",""Dts=H"",""cols=1;rows=1"")","=BDH($D443,""MTG_GEN_CPR_6M"",""20090610"",""20090610"",""Dts=H"",""cols=1;rows=1"")","=BDH($D443,""MTG_GEN_CPR_12M"",""20090610"",""20090610"",""Dts=H"",""cols=1;rows=1"")"
31414TNR8,TNTD03429658,pass-through,31414TNR8 Mtge,"=BDH($D444,""MTG_GEN_CPR_3M"",""20090331"",""20090331"",""Dts=H"",""cols=1;rows=1"")","=BDH($D444,""MTG_GEN_CPR_6M"",""20090331"",""20090331"",""Dts=H"",""cols=1;rows=1"")","=BDH($D444,""MTG_GEN_CPR_12M"",""20090331"",""20090331"",""Dts=H"",""cols=1;rows=1"")","=BDH($D444,""MTG_GEN_CPR_3M"",""20090610"",""20090610"",""Dts=H"",""cols=1;rows=1"")","=BDH($D444,""MTG_GEN_CPR_6M"",""20090610"",""20090610"",""Dts=H"",""cols=1;rows=1"")","=BDH($D444,""MTG_GEN_CPR_12M"",""20090610"",""20090610"",""Dts=H"",""cols=1;rows=1"")"
31414TSB8,TNTD03424103,pass-through,31414TSB8 Mtge,"=BDH($D445,""MTG_GEN_CPR_3M"",""20090331"",""20090331"",""Dts=H"",""cols=1;rows=1"")","=BDH($D445,""MTG_GEN_CPR_6M"",""20090331"",""20090331"",""Dts=H"",""cols=1;rows=1"")","=BDH($D445,""MTG_GEN_CPR_12M"",""20090331"",""20090331"",""Dts=H"",""cols=1;rows=1"")","=BDH($D445,""MTG_GEN_CPR_3M"",""20090610"",""20090610"",""Dts=H"",""cols=1;rows=1"")","=BDH($D445,""MTG_GEN_CPR_6M"",""20090610"",""20090610"",""Dts=H"",""cols=1;rows=1"")","=BDH($D445,""MTG_GEN_CPR_12M"",""20090610"",""20090610"",""Dts=H"",""cols=1;rows=1"")"
31415A3C3,TNTD03425662,pass-through,31415A3C3 Mtge,"=BDH($D446,""MTG_GEN_CPR_3M"",""20090331"",""20090331"",""Dts=H"",""cols=1;rows=1"")","=BDH($D446,""MTG_GEN_CPR_6M"",""20090331"",""20090331"",""Dts=H"",""cols=1;rows=1"")","=BDH($D446,""MTG_GEN_CPR_12M"",""20090331"",""20090331"",""Dts=H"",""cols=1;rows=1"")","=BDH($D446,""MTG_GEN_CPR_3M"",""20090610"",""20090610"",""Dts=H"",""cols=1;rows=1"")","=BDH($D446,""MTG_GEN_CPR_6M"",""20090610"",""20090610"",""Dts=H"",""cols=1;rows=1"")","=BDH($D446,""MTG_GEN_CPR_12M"",""20090610"",""20090610"",""Dts=H"",""cols=1;rows=1"")"
31415BBF5,TNTD03425614,pass-through,31415BBF5 Mtge,"=BDH($D447,""MTG_GEN_CPR_3M"",""20090331"",""20090331"",""Dts=H"",""cols=1;rows=1"")","=BDH($D447,""MTG_GEN_CPR_6M"",""20090331"",""20090331"",""Dts=H"",""cols=1;rows=1"")","=BDH($D447,""MTG_GEN_CPR_12M"",""20090331"",""20090331"",""Dts=H"",""cols=1;rows=1"")","=BDH($D447,""MTG_GEN_CPR_3M"",""20090610"",""20090610"",""Dts=H"",""cols=1;rows=1"")","=BDH($D447,""MTG_GEN_CPR_6M"",""20090610"",""20090610"",""Dts=H"",""cols=1;rows=1"")","=BDH($D447,""MTG_GEN_CPR_12M"",""20090610"",""20090610"",""Dts=H"",""cols=1;rows=1"")"
31415BNG0,TNTD03427443,pass-through,31415BNG0 Mtge,"=BDH($D448,""MTG_GEN_CPR_3M"",""20090331"",""20090331"",""Dts=H"",""cols=1;rows=1"")","=BDH($D448,""MTG_GEN_CPR_6M"",""20090331"",""20090331"",""Dts=H"",""cols=1;rows=1"")","=BDH($D448,""MTG_GEN_CPR_12M"",""20090331"",""20090331"",""Dts=H"",""cols=1;rows=1"")","=BDH($D448,""MTG_GEN_CPR_3M"",""20090610"",""20090610"",""Dts=H"",""cols=1;rows=1"")","=BDH($D448,""MTG_GEN_CPR_6M"",""20090610"",""20090610"",""Dts=H"",""cols=1;rows=1"")","=BDH($D448,""MTG_GEN_CPR_12M"",""20090610"",""20090610"",""Dts=H"",""cols=1;rows=1"")"
31415PGB8,TNTD03428167,pass-through,31415PGB8 Mtge,"=BDH($D449,""MTG_GEN_CPR_3M"",""20090331"",""20090331"",""Dts=H"",""cols=1;rows=1"")","=BDH($D449,""MTG_GEN_CPR_6M"",""20090331"",""20090331"",""Dts=H"",""cols=1;rows=1"")","=BDH($D449,""MTG_GEN_CPR_12M"",""20090331"",""20090331"",""Dts=H"",""cols=1;rows=1"")","=BDH($D449,""MTG_GEN_CPR_3M"",""20090610"",""20090610"",""Dts=H"",""cols=1;rows=1"")","=BDH($D449,""MTG_GEN_CPR_6M"",""20090610"",""20090610"",""Dts=H"",""cols=1;rows=1"")","=BDH($D449,""MTG_GEN_CPR_12M"",""20090610"",""20090610"",""Dts=H"",""cols=1;rows=1"")"
31415PMH8,TNTD03431053,pass-through,31415PMH8 Mtge,"=BDH($D450,""MTG_GEN_CPR_3M"",""20090331"",""20090331"",""Dts=H"",""cols=1;rows=1"")","=BDH($D450,""MTG_GEN_CPR_6M"",""20090331"",""20090331"",""Dts=H"",""cols=1;rows=1"")","=BDH($D450,""MTG_GEN_CPR_12M"",""20090331"",""20090331"",""Dts=H"",""cols=1;rows=1"")","=BDH($D450,""MTG_GEN_CPR_3M"",""20090610"",""20090610"",""Dts=H"",""cols=1;rows=1"")","=BDH($D450,""MTG_GEN_CPR_6M"",""20090610"",""20090610"",""Dts=H"",""cols=1;rows=1"")","=BDH($D450,""MTG_GEN_CPR_12M"",""20090610"",""20090610"",""Dts=H"",""cols=1;rows=1"")"
31415QGG5,TNTD03427615,pass-through,31415QGG5 Mtge,"=BDH($D451,""MTG_GEN_CPR_3M"",""20090331"",""20090331"",""Dts=H"",""cols=1;rows=1"")","=BDH($D451,""MTG_GEN_CPR_6M"",""20090331"",""20090331"",""Dts=H"",""cols=1;rows=1"")","=BDH($D451,""MTG_GEN_CPR_12M"",""20090331"",""20090331"",""Dts=H"",""cols=1;rows=1"")","=BDH($D451,""MTG_GEN_CPR_3M"",""20090610"",""20090610"",""Dts=H"",""cols=1;rows=1"")","=BDH($D451,""MTG_GEN_CPR_6M"",""20090610"",""20090610"",""Dts=H"",""cols=1;rows=1"")","=BDH($D451,""MTG_GEN_CPR_12M"",""20090610"",""20090610"",""Dts=H"",""cols=1;rows=1"")"
31415RFH2,TNTD03430022,pass-through,31415RFH2 Mtge,"=BDH($D452,""MTG_GEN_CPR_3M"",""20090331"",""20090331"",""Dts=H"",""cols=1;rows=1"")","=BDH($D452,""MTG_GEN_CPR_6M"",""20090331"",""20090331"",""Dts=H"",""cols=1;rows=1"")","=BDH($D452,""MTG_GEN_CPR_12M"",""20090331"",""20090331"",""Dts=H"",""cols=1;rows=1"")","=BDH($D452,""MTG_GEN_CPR_3M"",""20090610"",""20090610"",""Dts=H"",""cols=1;rows=1"")","=BDH($D452,""MTG_GEN_CPR_6M"",""20090610"",""20090610"",""Dts=H"",""cols=1;rows=1"")","=BDH($D452,""MTG_GEN_CPR_12M"",""20090610"",""20090610"",""Dts=H"",""cols=1;rows=1"")"
31415RR30,TNTD03431936,pass-through,31415RR30 Mtge,"=BDH($D453,""MTG_GEN_CPR_3M"",""20090331"",""20090331"",""Dts=H"",""cols=1;rows=1"")","=BDH($D453,""MTG_GEN_CPR_6M"",""20090331"",""20090331"",""Dts=H"",""cols=1;rows=1"")","=BDH($D453,""MTG_GEN_CPR_12M"",""20090331"",""20090331"",""Dts=H"",""cols=1;rows=1"")","=BDH($D453,""MTG_GEN_CPR_3M"",""20090610"",""20090610"",""Dts=H"",""cols=1;rows=1"")","=BDH($D453,""MTG_GEN_CPR_6M"",""20090610"",""20090610"",""Dts=H"",""cols=1;rows=1"")","=BDH($D453,""MTG_GEN_CPR_12M"",""20090610"",""20090610"",""Dts=H"",""cols=1;rows=1"")"
31415SCE0,TNTD03428168,pass-through,31415SCE0 Mtge,"=BDH($D454,""MTG_GEN_CPR_3M"",""20090331"",""20090331"",""Dts=H"",""cols=1;rows=1"")","=BDH($D454,""MTG_GEN_CPR_6M"",""20090331"",""20090331"",""Dts=H"",""cols=1;rows=1"")","=BDH($D454,""MTG_GEN_CPR_12M"",""20090331"",""20090331"",""Dts=H"",""cols=1;rows=1"")","=BDH($D454,""MTG_GEN_CPR_3M"",""20090610"",""20090610"",""Dts=H"",""cols=1;rows=1"")","=BDH($D454,""MTG_GEN_CPR_6M"",""20090610"",""20090610"",""Dts=H"",""cols=1;rows=1"")","=BDH($D454,""MTG_GEN_CPR_12M"",""20090610"",""20090610"",""Dts=H"",""cols=1;rows=1"")"
31415TF70,TNTD03428694,pass-through,31415TF70 Mtge,"=BDH($D455,""MTG_GEN_CPR_3M"",""20090331"",""20090331"",""Dts=H"",""cols=1;rows=1"")","=BDH($D455,""MTG_GEN_CPR_6M"",""20090331"",""20090331"",""Dts=H"",""cols=1;rows=1"")","=BDH($D455,""MTG_GEN_CPR_12M"",""20090331"",""20090331"",""Dts=H"",""cols=1;rows=1"")","=BDH($D455,""MTG_GEN_CPR_3M"",""20090610"",""20090610"",""Dts=H"",""cols=1;rows=1"")","=BDH($D455,""MTG_GEN_CPR_6M"",""20090610"",""20090610"",""Dts=H"",""cols=1;rows=1"")","=BDH($D455,""MTG_GEN_CPR_12M"",""20090610"",""20090610"",""Dts=H"",""cols=1;rows=1"")"
31415TLM0,TNTD03429229,pass-through,31415TLM0 Mtge,"=BDH($D456,""MTG_GEN_CPR_3M"",""20090331"",""20090331"",""Dts=H"",""cols=1;rows=1"")","=BDH($D456,""MTG_GEN_CPR_6M"",""20090331"",""20090331"",""Dts=H"",""cols=1;rows=1"")","=BDH($D456,""MTG_GEN_CPR_12M"",""20090331"",""20090331"",""Dts=H"",""cols=1;rows=1"")","=BDH($D456,""MTG_GEN_CPR_3M"",""20090610"",""20090610"",""Dts=H"",""cols=1;rows=1"")","=BDH($D456,""MTG_GEN_CPR_6M"",""20090610"",""20090610"",""Dts=H"",""cols=1;rows=1"")","=BDH($D456,""MTG_GEN_CPR_12M"",""20090610"",""20090610"",""Dts=H"",""cols=1;rows=1"")"
31415WQC0,TNTD03433032,pass-through,31415WQC0 Mtge,"=BDH($D457,""MTG_GEN_CPR_3M"",""20090331"",""20090331"",""Dts=H"",""cols=1;rows=1"")","=BDH($D457,""MTG_GEN_CPR_6M"",""20090331"",""20090331"",""Dts=H"",""cols=1;rows=1"")","=BDH($D457,""MTG_GEN_CPR_12M"",""20090331"",""20090331"",""Dts=H"",""cols=1;rows=1"")","=BDH($D457,""MTG_GEN_CPR_3M"",""20090610"",""20090610"",""Dts=H"",""cols=1;rows=1"")","=BDH($D457,""MTG_GEN_CPR_6M"",""20090610"",""20090610"",""Dts=H"",""cols=1;rows=1"")","=BDH($D457,""MTG_GEN_CPR_12M"",""20090610"",""20090610"",""Dts=H"",""cols=1;rows=1"")"
31415XJE2,TNTD03432015,pass-through,31415XJE2 Mtge,"=BDH($D458,""MTG_GEN_CPR_3M"",""20090331"",""20090331"",""Dts=H"",""cols=1;rows=1"")","=BDH($D458,""MTG_GEN_CPR_6M"",""20090331"",""20090331"",""Dts=H"",""cols=1;rows=1"")","=BDH($D458,""MTG_GEN_CPR_12M"",""20090331"",""20090331"",""Dts=H"",""cols=1;rows=1"")","=BDH($D458,""MTG_GEN_CPR_3M"",""20090610"",""20090610"",""Dts=H"",""cols=1;rows=1"")","=BDH($D458,""MTG_GEN_CPR_6M"",""20090610"",""20090610"",""Dts=H"",""cols=1;rows=1"")","=BDH($D458,""MTG_GEN_CPR_12M"",""20090610"",""20090610"",""Dts=H"",""cols=1;rows=1"")"
31415XSZ5,TNTD03430605,pass-through,31415XSZ5 Mtge,"=BDH($D459,""MTG_GEN_CPR_3M"",""20090331"",""20090331"",""Dts=H"",""cols=1;rows=1"")","=BDH($D459,""MTG_GEN_CPR_6M"",""20090331"",""20090331"",""Dts=H"",""cols=1;rows=1"")","=BDH($D459,""MTG_GEN_CPR_12M"",""20090331"",""20090331"",""Dts=H"",""cols=1;rows=1"")","=BDH($D459,""MTG_GEN_CPR_3M"",""20090610"",""20090610"",""Dts=H"",""cols=1;rows=1"")","=BDH($D459,""MTG_GEN_CPR_6M"",""20090610"",""20090610"",""Dts=H"",""cols=1;rows=1"")","=BDH($D459,""MTG_GEN_CPR_12M"",""20090610"",""20090610"",""Dts=H"",""cols=1;rows=1"")"
31416BVN5,TNTD03433545,pass-through,31416BVN5 Mtge,"=BDH($D460,""MTG_GEN_CPR_3M"",""20090331"",""20090331"",""Dts=H"",""cols=1;rows=1"")","=BDH($D460,""MTG_GEN_CPR_6M"",""20090331"",""20090331"",""Dts=H"",""cols=1;rows=1"")","=BDH($D460,""MTG_GEN_CPR_12M"",""20090331"",""20090331"",""Dts=H"",""cols=1;rows=1"")","=BDH($D460,""MTG_GEN_CPR_3M"",""20090610"",""20090610"",""Dts=H"",""cols=1;rows=1"")","=BDH($D460,""MTG_GEN_CPR_6M"",""20090610"",""20090610"",""Dts=H"",""cols=1;rows=1"")","=BDH($D460,""MTG_GEN_CPR_12M"",""20090610"",""20090610"",""Dts=H"",""cols=1;rows=1"")"
31416BZ68,TNTD03433547,pass-through,31416BZ68 Mtge,"=BDH($D461,""MTG_GEN_CPR_3M"",""20090331"",""20090331"",""Dts=H"",""cols=1;rows=1"")","=BDH($D461,""MTG_GEN_CPR_6M"",""20090331"",""20090331"",""Dts=H"",""cols=1;rows=1"")","=BDH($D461,""MTG_GEN_CPR_12M"",""20090331"",""20090331"",""Dts=H"",""cols=1;rows=1"")","=BDH($D461,""MTG_GEN_CPR_3M"",""20090610"",""20090610"",""Dts=H"",""cols=1;rows=1"")","=BDH($D461,""MTG_GEN_CPR_6M"",""20090610"",""20090610"",""Dts=H"",""cols=1;rows=1"")","=BDH($D461,""MTG_GEN_CPR_12M"",""20090610"",""20090610"",""Dts=H"",""cols=1;rows=1"")"
31417YAY3,TNTD03433713,pass-through,31417YAY3 Mtge,"=BDH($D462,""MTG_GEN_CPR_3M"",""20090331"",""20090331"",""Dts=H"",""cols=1;rows=1"")","=BDH($D462,""MTG_GEN_CPR_6M"",""20090331"",""20090331"",""Dts=H"",""cols=1;rows=1"")","=BDH($D462,""MTG_GEN_CPR_12M"",""20090331"",""20090331"",""Dts=H"",""cols=1;rows=1"")","=BDH($D462,""MTG_GEN_CPR_3M"",""20090610"",""20090610"",""Dts=H"",""cols=1;rows=1"")","=BDH($D462,""MTG_GEN_CPR_6M"",""20090610"",""20090610"",""Dts=H"",""cols=1;rows=1"")","=BDH($D462,""MTG_GEN_CPR_12M"",""20090610"",""20090610"",""Dts=H"",""cols=1;rows=1"")"
36200EDN8,TNTD03545237,pass-through,36200EDN8 Mtge,"=BDH($D463,""MTG_GEN_CPR_3M"",""20090331"",""20090331"",""Dts=H"",""cols=1;rows=1"")","=BDH($D463,""MTG_GEN_CPR_6M"",""20090331"",""20090331"",""Dts=H"",""cols=1;rows=1"")","=BDH($D463,""MTG_GEN_CPR_12M"",""20090331"",""20090331"",""Dts=H"",""cols=1;rows=1"")","=BDH($D463,""MTG_GEN_CPR_3M"",""20090610"",""20090610"",""Dts=H"",""cols=1;rows=1"")","=BDH($D463,""MTG_GEN_CPR_6M"",""20090610"",""20090610"",""Dts=H"",""cols=1;rows=1"")","=BDH($D463,""MTG_GEN_CPR_12M"",""20090610"",""20090610"",""Dts=H"",""cols=1;rows=1"")"
36200KMY0,TNTD03544152,pass-through,36200KMY0 Mtge,"=BDH($D464,""MTG_GEN_CPR_3M"",""20090331"",""20090331"",""Dts=H"",""cols=1;rows=1"")","=BDH($D464,""MTG_GEN_CPR_6M"",""20090331"",""20090331"",""Dts=H"",""cols=1;rows=1"")","=BDH($D464,""MTG_GEN_CPR_12M"",""20090331"",""20090331"",""Dts=H"",""cols=1;rows=1"")","=BDH($D464,""MTG_GEN_CPR_3M"",""20090610"",""20090610"",""Dts=H"",""cols=1;rows=1"")","=BDH($D464,""MTG_GEN_CPR_6M"",""20090610"",""20090610"",""Dts=H"",""cols=1;rows=1"")","=BDH($D464,""MTG_GEN_CPR_12M"",""20090610"",""20090610"",""Dts=H"",""cols=1;rows=1"")"
36200M6G3,TNTD03551400,pass-through,36200M6G3 Mtge,"=BDH($D465,""MTG_GEN_CPR_3M"",""20090331"",""20090331"",""Dts=H"",""cols=1;rows=1"")","=BDH($D465,""MTG_GEN_CPR_6M"",""20090331"",""20090331"",""Dts=H"",""cols=1;rows=1"")","=BDH($D465,""MTG_GEN_CPR_12M"",""20090331"",""20090331"",""Dts=H"",""cols=1;rows=1"")","=BDH($D465,""MTG_GEN_CPR_3M"",""20090610"",""20090610"",""Dts=H"",""cols=1;rows=1"")","=BDH($D465,""MTG_GEN_CPR_6M"",""20090610"",""20090610"",""Dts=H"",""cols=1;rows=1"")","=BDH($D465,""MTG_GEN_CPR_12M"",""20090610"",""20090610"",""Dts=H"",""cols=1;rows=1"")"
36200MTF0,TNTD03547810,pass-through,36200MTF0 Mtge,"=BDH($D466,""MTG_GEN_CPR_3M"",""20090331"",""20090331"",""Dts=H"",""cols=1;rows=1"")","=BDH($D466,""MTG_GEN_CPR_6M"",""20090331"",""20090331"",""Dts=H"",""cols=1;rows=1"")","=BDH($D466,""MTG_GEN_CPR_12M"",""20090331"",""20090331"",""Dts=H"",""cols=1;rows=1"")","=BDH($D466,""MTG_GEN_CPR_3M"",""20090610"",""20090610"",""Dts=H"",""cols=1;rows=1"")","=BDH($D466,""MTG_GEN_CPR_6M"",""20090610"",""20090610"",""Dts=H"",""cols=1;rows=1"")","=BDH($D466,""MTG_GEN_CPR_12M"",""20090610"",""20090610"",""Dts=H"",""cols=1;rows=1"")"
36200QJD7,TNTD03512000,pass-through,36200QJD7 Mtge,"=BDH($D467,""MTG_GEN_CPR_3M"",""20090331"",""20090331"",""Dts=H"",""cols=1;rows=1"")","=BDH($D467,""MTG_GEN_CPR_6M"",""20090331"",""20090331"",""Dts=H"",""cols=1;rows=1"")","=BDH($D467,""MTG_GEN_CPR_12M"",""20090331"",""20090331"",""Dts=H"",""cols=1;rows=1"")","=BDH($D467,""MTG_GEN_CPR_3M"",""20090610"",""20090610"",""Dts=H"",""cols=1;rows=1"")","=BDH($D467,""MTG_GEN_CPR_6M"",""20090610"",""20090610"",""Dts=H"",""cols=1;rows=1"")","=BDH($D467,""MTG_GEN_CPR_12M"",""20090610"",""20090610"",""Dts=H"",""cols=1;rows=1"")"
36200QSL9,TNTD03505010,pass-through,36200QSL9 Mtge,"=BDH($D468,""MTG_GEN_CPR_3M"",""20090331"",""20090331"",""Dts=H"",""cols=1;rows=1"")","=BDH($D468,""MTG_GEN_CPR_6M"",""20090331"",""20090331"",""Dts=H"",""cols=1;rows=1"")","=BDH($D468,""MTG_GEN_CPR_12M"",""20090331"",""20090331"",""Dts=H"",""cols=1;rows=1"")","=BDH($D468,""MTG_GEN_CPR_3M"",""20090610"",""20090610"",""Dts=H"",""cols=1;rows=1"")","=BDH($D468,""MTG_GEN_CPR_6M"",""20090610"",""20090610"",""Dts=H"",""cols=1;rows=1"")","=BDH($D468,""MTG_GEN_CPR_12M"",""20090610"",""20090610"",""Dts=H"",""cols=1;rows=1"")"
36200R6U1,TNTD03543045,pass-through,36200R6U1 Mtge,"=BDH($D469,""MTG_GEN_CPR_3M"",""20090331"",""20090331"",""Dts=H"",""cols=1;rows=1"")","=BDH($D469,""MTG_GEN_CPR_6M"",""20090331"",""20090331"",""Dts=H"",""cols=1;rows=1"")","=BDH($D469,""MTG_GEN_CPR_12M"",""20090331"",""20090331"",""Dts=H"",""cols=1;rows=1"")","=BDH($D469,""MTG_GEN_CPR_3M"",""20090610"",""20090610"",""Dts=H"",""cols=1;rows=1"")","=BDH($D469,""MTG_GEN_CPR_6M"",""20090610"",""20090610"",""Dts=H"",""cols=1;rows=1"")","=BDH($D469,""MTG_GEN_CPR_12M"",""20090610"",""20090610"",""Dts=H"",""cols=1;rows=1"")"
36200WJE2,TNTD03551969,pass-through,36200WJE2 Mtge,"=BDH($D470,""MTG_GEN_CPR_3M"",""20090331"",""20090331"",""Dts=H"",""cols=1;rows=1"")","=BDH($D470,""MTG_GEN_CPR_6M"",""20090331"",""20090331"",""Dts=H"",""cols=1;rows=1"")","=BDH($D470,""MTG_GEN_CPR_12M"",""20090331"",""20090331"",""Dts=H"",""cols=1;rows=1"")","=BDH($D470,""MTG_GEN_CPR_3M"",""20090610"",""20090610"",""Dts=H"",""cols=1;rows=1"")","=BDH($D470,""MTG_GEN_CPR_6M"",""20090610"",""20090610"",""Dts=H"",""cols=1;rows=1"")","=BDH($D470,""MTG_GEN_CPR_12M"",""20090610"",""20090610"",""Dts=H"",""cols=1;rows=1"")"
36201JDG1,TNTD03548968,pass-through,36201JDG1 Mtge,"=BDH($D471,""MTG_GEN_CPR_3M"",""20090331"",""20090331"",""Dts=H"",""cols=1;rows=1"")","=BDH($D471,""MTG_GEN_CPR_6M"",""20090331"",""20090331"",""Dts=H"",""cols=1;rows=1"")","=BDH($D471,""MTG_GEN_CPR_12M"",""20090331"",""20090331"",""Dts=H"",""cols=1;rows=1"")","=BDH($D471,""MTG_GEN_CPR_3M"",""20090610"",""20090610"",""Dts=H"",""cols=1;rows=1"")","=BDH($D471,""MTG_GEN_CPR_6M"",""20090610"",""20090610"",""Dts=H"",""cols=1;rows=1"")","=BDH($D471,""MTG_GEN_CPR_12M"",""20090610"",""20090610"",""Dts=H"",""cols=1;rows=1"")"
36201JFW4,TNTD03529143,pass-through,36201JFW4 Mtge,"=BDH($D472,""MTG_GEN_CPR_3M"",""20090331"",""20090331"",""Dts=H"",""cols=1;rows=1"")","=BDH($D472,""MTG_GEN_CPR_6M"",""20090331"",""20090331"",""Dts=H"",""cols=1;rows=1"")","=BDH($D472,""MTG_GEN_CPR_12M"",""20090331"",""20090331"",""Dts=H"",""cols=1;rows=1"")","=BDH($D472,""MTG_GEN_CPR_3M"",""20090610"",""20090610"",""Dts=H"",""cols=1;rows=1"")","=BDH($D472,""MTG_GEN_CPR_6M"",""20090610"",""20090610"",""Dts=H"",""cols=1;rows=1"")","=BDH($D472,""MTG_GEN_CPR_12M"",""20090610"",""20090610"",""Dts=H"",""cols=1;rows=1"")"
36201SRB7,TNTD03544492,pass-through,36201SRB7 Mtge,"=BDH($D473,""MTG_GEN_CPR_3M"",""20090331"",""20090331"",""Dts=H"",""cols=1;rows=1"")","=BDH($D473,""MTG_GEN_CPR_6M"",""20090331"",""20090331"",""Dts=H"",""cols=1;rows=1"")","=BDH($D473,""MTG_GEN_CPR_12M"",""20090331"",""20090331"",""Dts=H"",""cols=1;rows=1"")","=BDH($D473,""MTG_GEN_CPR_3M"",""20090610"",""20090610"",""Dts=H"",""cols=1;rows=1"")","=BDH($D473,""MTG_GEN_CPR_6M"",""20090610"",""20090610"",""Dts=H"",""cols=1;rows=1"")","=BDH($D473,""MTG_GEN_CPR_12M"",""20090610"",""20090610"",""Dts=H"",""cols=1;rows=1"")"
36201YC95,TNTD03547865,pass-through,36201YC95 Mtge,"=BDH($D474,""MTG_GEN_CPR_3M"",""20090331"",""20090331"",""Dts=H"",""cols=1;rows=1"")","=BDH($D474,""MTG_GEN_CPR_6M"",""20090331"",""20090331"",""Dts=H"",""cols=1;rows=1"")","=BDH($D474,""MTG_GEN_CPR_12M"",""20090331"",""20090331"",""Dts=H"",""cols=1;rows=1"")","=BDH($D474,""MTG_GEN_CPR_3M"",""20090610"",""20090610"",""Dts=H"",""cols=1;rows=1"")","=BDH($D474,""MTG_GEN_CPR_6M"",""20090610"",""20090610"",""Dts=H"",""cols=1;rows=1"")","=BDH($D474,""MTG_GEN_CPR_12M"",""20090610"",""20090610"",""Dts=H"",""cols=1;rows=1"")"
36202SBN7,TNTD03526319,pass-through,36202SBN7 Mtge,"=BDH($D475,""MTG_GEN_CPR_3M"",""20090331"",""20090331"",""Dts=H"",""cols=1;rows=1"")","=BDH($D475,""MTG_GEN_CPR_6M"",""20090331"",""20090331"",""Dts=H"",""cols=1;rows=1"")","=BDH($D475,""MTG_GEN_CPR_12M"",""20090331"",""20090331"",""Dts=H"",""cols=1;rows=1"")","=BDH($D475,""MTG_GEN_CPR_3M"",""20090610"",""20090610"",""Dts=H"",""cols=1;rows=1"")","=BDH($D475,""MTG_GEN_CPR_6M"",""20090610"",""20090610"",""Dts=H"",""cols=1;rows=1"")","=BDH($D475,""MTG_GEN_CPR_12M"",""20090610"",""20090610"",""Dts=H"",""cols=1;rows=1"")"
36202WGD5,TNTD03556615,pass-through,36202WGD5 Mtge,"=BDH($D476,""MTG_GEN_CPR_3M"",""20090331"",""20090331"",""Dts=H"",""cols=1;rows=1"")","=BDH($D476,""MTG_GEN_CPR_6M"",""20090331"",""20090331"",""Dts=H"",""cols=1;rows=1"")","=BDH($D476,""MTG_GEN_CPR_12M"",""20090331"",""20090331"",""Dts=H"",""cols=1;rows=1"")","=BDH($D476,""MTG_GEN_CPR_3M"",""20090610"",""20090610"",""Dts=H"",""cols=1;rows=1"")","=BDH($D476,""MTG_GEN_CPR_6M"",""20090610"",""20090610"",""Dts=H"",""cols=1;rows=1"")","=BDH($D476,""MTG_GEN_CPR_12M"",""20090610"",""20090610"",""Dts=H"",""cols=1;rows=1"")"
36202WH69,TNTD03544868,pass-through,36202WH69 Mtge,"=BDH($D477,""MTG_GEN_CPR_3M"",""20090331"",""20090331"",""Dts=H"",""cols=1;rows=1"")","=BDH($D477,""MTG_GEN_CPR_6M"",""20090331"",""20090331"",""Dts=H"",""cols=1;rows=1"")","=BDH($D477,""MTG_GEN_CPR_12M"",""20090331"",""20090331"",""Dts=H"",""cols=1;rows=1"")","=BDH($D477,""MTG_GEN_CPR_3M"",""20090610"",""20090610"",""Dts=H"",""cols=1;rows=1"")","=BDH($D477,""MTG_GEN_CPR_6M"",""20090610"",""20090610"",""Dts=H"",""cols=1;rows=1"")","=BDH($D477,""MTG_GEN_CPR_12M"",""20090610"",""20090610"",""Dts=H"",""cols=1;rows=1"")"
36204RN87,TNTD03503443,pass-through,36204RN87 Mtge,"=BDH($D478,""MTG_GEN_CPR_3M"",""20090331"",""20090331"",""Dts=H"",""cols=1;rows=1"")","=BDH($D478,""MTG_GEN_CPR_6M"",""20090331"",""20090331"",""Dts=H"",""cols=1;rows=1"")","=BDH($D478,""MTG_GEN_CPR_12M"",""20090331"",""20090331"",""Dts=H"",""cols=1;rows=1"")","=BDH($D478,""MTG_GEN_CPR_3M"",""20090610"",""20090610"",""Dts=H"",""cols=1;rows=1"")","=BDH($D478,""MTG_GEN_CPR_6M"",""20090610"",""20090610"",""Dts=H"",""cols=1;rows=1"")","=BDH($D478,""MTG_GEN_CPR_12M"",""20090610"",""20090610"",""Dts=H"",""cols=1;rows=1"")"
36206JJ96,TNTD03520369,pass-through,36206JJ96 Mtge,"=BDH($D479,""MTG_GEN_CPR_3M"",""20090331"",""20090331"",""Dts=H"",""cols=1;rows=1"")","=BDH($D479,""MTG_GEN_CPR_6M"",""20090331"",""20090331"",""Dts=H"",""cols=1;rows=1"")","=BDH($D479,""MTG_GEN_CPR_12M"",""20090331"",""20090331"",""Dts=H"",""cols=1;rows=1"")","=BDH($D479,""MTG_GEN_CPR_3M"",""20090610"",""20090610"",""Dts=H"",""cols=1;rows=1"")","=BDH($D479,""MTG_GEN_CPR_6M"",""20090610"",""20090610"",""Dts=H"",""cols=1;rows=1"")","=BDH($D479,""MTG_GEN_CPR_12M"",""20090610"",""20090610"",""Dts=H"",""cols=1;rows=1"")"
36208YF46,TNTD03517300,pass-through,36208YF46 Mtge,"=BDH($D480,""MTG_GEN_CPR_3M"",""20090331"",""20090331"",""Dts=H"",""cols=1;rows=1"")","=BDH($D480,""MTG_GEN_CPR_6M"",""20090331"",""20090331"",""Dts=H"",""cols=1;rows=1"")","=BDH($D480,""MTG_GEN_CPR_12M"",""20090331"",""20090331"",""Dts=H"",""cols=1;rows=1"")","=BDH($D480,""MTG_GEN_CPR_3M"",""20090610"",""20090610"",""Dts=H"",""cols=1;rows=1"")","=BDH($D480,""MTG_GEN_CPR_6M"",""20090610"",""20090610"",""Dts=H"",""cols=1;rows=1"")","=BDH($D480,""MTG_GEN_CPR_12M"",""20090610"",""20090610"",""Dts=H"",""cols=1;rows=1"")"
36209EX56,TNTD03524277,pass-through,36209EX56 Mtge,"=BDH($D481,""MTG_GEN_CPR_3M"",""20090331"",""20090331"",""Dts=H"",""cols=1;rows=1"")","=BDH($D481,""MTG_GEN_CPR_6M"",""20090331"",""20090331"",""Dts=H"",""cols=1;rows=1"")","=BDH($D481,""MTG_GEN_CPR_12M"",""20090331"",""20090331"",""Dts=H"",""cols=1;rows=1"")","=BDH($D481,""MTG_GEN_CPR_3M"",""20090610"",""20090610"",""Dts=H"",""cols=1;rows=1"")","=BDH($D481,""MTG_GEN_CPR_6M"",""20090610"",""20090610"",""Dts=H"",""cols=1;rows=1"")","=BDH($D481,""MTG_GEN_CPR_12M"",""20090610"",""20090610"",""Dts=H"",""cols=1;rows=1"")"
36209WQL9,TNTD03521422,pass-through,36209WQL9 Mtge,"=BDH($D482,""MTG_GEN_CPR_3M"",""20090331"",""20090331"",""Dts=H"",""cols=1;rows=1"")","=BDH($D482,""MTG_GEN_CPR_6M"",""20090331"",""20090331"",""Dts=H"",""cols=1;rows=1"")","=BDH($D482,""MTG_GEN_CPR_12M"",""20090331"",""20090331"",""Dts=H"",""cols=1;rows=1"")","=BDH($D482,""MTG_GEN_CPR_3M"",""20090610"",""20090610"",""Dts=H"",""cols=1;rows=1"")","=BDH($D482,""MTG_GEN_CPR_6M"",""20090610"",""20090610"",""Dts=H"",""cols=1;rows=1"")","=BDH($D482,""MTG_GEN_CPR_12M"",""20090610"",""20090610"",""Dts=H"",""cols=1;rows=1"")"
36210BTC9,TNTD03536016,pass-through,36210BTC9 Mtge,"=BDH($D483,""MTG_GEN_CPR_3M"",""20090331"",""20090331"",""Dts=H"",""cols=1;rows=1"")","=BDH($D483,""MTG_GEN_CPR_6M"",""20090331"",""20090331"",""Dts=H"",""cols=1;rows=1"")","=BDH($D483,""MTG_GEN_CPR_12M"",""20090331"",""20090331"",""Dts=H"",""cols=1;rows=1"")","=BDH($D483,""MTG_GEN_CPR_3M"",""20090610"",""20090610"",""Dts=H"",""cols=1;rows=1"")","=BDH($D483,""MTG_GEN_CPR_6M"",""20090610"",""20090610"",""Dts=H"",""cols=1;rows=1"")","=BDH($D483,""MTG_GEN_CPR_12M"",""20090610"",""20090610"",""Dts=H"",""cols=1;rows=1"")"
36210LPE7,TNTD03544527,pass-through,36210LPE7 Mtge,"=BDH($D484,""MTG_GEN_CPR_3M"",""20090331"",""20090331"",""Dts=H"",""cols=1;rows=1"")","=BDH($D484,""MTG_GEN_CPR_6M"",""20090331"",""20090331"",""Dts=H"",""cols=1;rows=1"")","=BDH($D484,""MTG_GEN_CPR_12M"",""20090331"",""20090331"",""Dts=H"",""cols=1;rows=1"")","=BDH($D484,""MTG_GEN_CPR_3M"",""20090610"",""20090610"",""Dts=H"",""cols=1;rows=1"")","=BDH($D484,""MTG_GEN_CPR_6M"",""20090610"",""20090610"",""Dts=H"",""cols=1;rows=1"")","=BDH($D484,""MTG_GEN_CPR_12M"",""20090610"",""20090610"",""Dts=H"",""cols=1;rows=1"")"
36210VRS2,TNTD03526764,pass-through,36210VRS2 Mtge,"=BDH($D485,""MTG_GEN_CPR_3M"",""20090331"",""20090331"",""Dts=H"",""cols=1;rows=1"")","=BDH($D485,""MTG_GEN_CPR_6M"",""20090331"",""20090331"",""Dts=H"",""cols=1;rows=1"")","=BDH($D485,""MTG_GEN_CPR_12M"",""20090331"",""20090331"",""Dts=H"",""cols=1;rows=1"")","=BDH($D485,""MTG_GEN_CPR_3M"",""20090610"",""20090610"",""Dts=H"",""cols=1;rows=1"")","=BDH($D485,""MTG_GEN_CPR_6M"",""20090610"",""20090610"",""Dts=H"",""cols=1;rows=1"")","=BDH($D485,""MTG_GEN_CPR_12M"",""20090610"",""20090610"",""Dts=H"",""cols=1;rows=1"")"
36211DPQ7,TNTD03526923,pass-through,36211DPQ7 Mtge,"=BDH($D486,""MTG_GEN_CPR_3M"",""20090331"",""20090331"",""Dts=H"",""cols=1;rows=1"")","=BDH($D486,""MTG_GEN_CPR_6M"",""20090331"",""20090331"",""Dts=H"",""cols=1;rows=1"")","=BDH($D486,""MTG_GEN_CPR_12M"",""20090331"",""20090331"",""Dts=H"",""cols=1;rows=1"")","=BDH($D486,""MTG_GEN_CPR_3M"",""20090610"",""20090610"",""Dts=H"",""cols=1;rows=1"")","=BDH($D486,""MTG_GEN_CPR_6M"",""20090610"",""20090610"",""Dts=H"",""cols=1;rows=1"")","=BDH($D486,""MTG_GEN_CPR_12M"",""20090610"",""20090610"",""Dts=H"",""cols=1;rows=1"")"
36213EWY8,TNTD03526137,pass-through,36213EWY8 Mtge,"=BDH($D487,""MTG_GEN_CPR_3M"",""20090331"",""20090331"",""Dts=H"",""cols=1;rows=1"")","=BDH($D487,""MTG_GEN_CPR_6M"",""20090331"",""20090331"",""Dts=H"",""cols=1;rows=1"")","=BDH($D487,""MTG_GEN_CPR_12M"",""20090331"",""20090331"",""Dts=H"",""cols=1;rows=1"")","=BDH($D487,""MTG_GEN_CPR_3M"",""20090610"",""20090610"",""Dts=H"",""cols=1;rows=1"")","=BDH($D487,""MTG_GEN_CPR_6M"",""20090610"",""20090610"",""Dts=H"",""cols=1;rows=1"")","=BDH($D487,""MTG_GEN_CPR_12M"",""20090610"",""20090610"",""Dts=H"",""cols=1;rows=1"")"
36213GSU6,TNTD03544513,pass-through,36213GSU6 Mtge,"=BDH($D488,""MTG_GEN_CPR_3M"",""20090331"",""20090331"",""Dts=H"",""cols=1;rows=1"")","=BDH($D488,""MTG_GEN_CPR_6M"",""20090331"",""20090331"",""Dts=H"",""cols=1;rows=1"")","=BDH($D488,""MTG_GEN_CPR_12M"",""20090331"",""20090331"",""Dts=H"",""cols=1;rows=1"")","=BDH($D488,""MTG_GEN_CPR_3M"",""20090610"",""20090610"",""Dts=H"",""cols=1;rows=1"")","=BDH($D488,""MTG_GEN_CPR_6M"",""20090610"",""20090610"",""Dts=H"",""cols=1;rows=1"")","=BDH($D488,""MTG_GEN_CPR_12M"",""20090610"",""20090610"",""Dts=H"",""cols=1;rows=1"")"
36225A3K4,TNTD03600512,pass-through,36225A3K4 Mtge,"=BDH($D489,""MTG_GEN_CPR_3M"",""20090331"",""20090331"",""Dts=H"",""cols=1;rows=1"")","=BDH($D489,""MTG_GEN_CPR_6M"",""20090331"",""20090331"",""Dts=H"",""cols=1;rows=1"")","=BDH($D489,""MTG_GEN_CPR_12M"",""20090331"",""20090331"",""Dts=H"",""cols=1;rows=1"")","=BDH($D489,""MTG_GEN_CPR_3M"",""20090610"",""20090610"",""Dts=H"",""cols=1;rows=1"")","=BDH($D489,""MTG_GEN_CPR_6M"",""20090610"",""20090610"",""Dts=H"",""cols=1;rows=1"")","=BDH($D489,""MTG_GEN_CPR_12M"",""20090610"",""20090610"",""Dts=H"",""cols=1;rows=1"")"
36225BAP3,TNTD03531416,pass-through,36225BAP3 Mtge,"=BDH($D490,""MTG_GEN_CPR_3M"",""20090331"",""20090331"",""Dts=H"",""cols=1;rows=1"")","=BDH($D490,""MTG_GEN_CPR_6M"",""20090331"",""20090331"",""Dts=H"",""cols=1;rows=1"")","=BDH($D490,""MTG_GEN_CPR_12M"",""20090331"",""20090331"",""Dts=H"",""cols=1;rows=1"")","=BDH($D490,""MTG_GEN_CPR_3M"",""20090610"",""20090610"",""Dts=H"",""cols=1;rows=1"")","=BDH($D490,""MTG_GEN_CPR_6M"",""20090610"",""20090610"",""Dts=H"",""cols=1;rows=1"")","=BDH($D490,""MTG_GEN_CPR_12M"",""20090610"",""20090610"",""Dts=H"",""cols=1;rows=1"")"
36225BB31,TNTD03512071,pass-through,36225BB31 Mtge,"=BDH($D491,""MTG_GEN_CPR_3M"",""20090331"",""20090331"",""Dts=H"",""cols=1;rows=1"")","=BDH($D491,""MTG_GEN_CPR_6M"",""20090331"",""20090331"",""Dts=H"",""cols=1;rows=1"")","=BDH($D491,""MTG_GEN_CPR_12M"",""20090331"",""20090331"",""Dts=H"",""cols=1;rows=1"")","=BDH($D491,""MTG_GEN_CPR_3M"",""20090610"",""20090610"",""Dts=H"",""cols=1;rows=1"")","=BDH($D491,""MTG_GEN_CPR_6M"",""20090610"",""20090610"",""Dts=H"",""cols=1;rows=1"")","=BDH($D491,""MTG_GEN_CPR_12M"",""20090610"",""20090610"",""Dts=H"",""cols=1;rows=1"")"
36225BG93,TNTD03538446,pass-through,36225BG93 Mtge,"=BDH($D492,""MTG_GEN_CPR_3M"",""20090331"",""20090331"",""Dts=H"",""cols=1;rows=1"")","=BDH($D492,""MTG_GEN_CPR_6M"",""20090331"",""20090331"",""Dts=H"",""cols=1;rows=1"")","=BDH($D492,""MTG_GEN_CPR_12M"",""20090331"",""20090331"",""Dts=H"",""cols=1;rows=1"")","=BDH($D492,""MTG_GEN_CPR_3M"",""20090610"",""20090610"",""Dts=H"",""cols=1;rows=1"")","=BDH($D492,""MTG_GEN_CPR_6M"",""20090610"",""20090610"",""Dts=H"",""cols=1;rows=1"")","=BDH($D492,""MTG_GEN_CPR_12M"",""20090610"",""20090610"",""Dts=H"",""cols=1;rows=1"")"
36225BPM4,TNTD03524617,pass-through,36225BPM4 Mtge,"=BDH($D493,""MTG_GEN_CPR_3M"",""20090331"",""20090331"",""Dts=H"",""cols=1;rows=1"")","=BDH($D493,""MTG_GEN_CPR_6M"",""20090331"",""20090331"",""Dts=H"",""cols=1;rows=1"")","=BDH($D493,""MTG_GEN_CPR_12M"",""20090331"",""20090331"",""Dts=H"",""cols=1;rows=1"")","=BDH($D493,""MTG_GEN_CPR_3M"",""20090610"",""20090610"",""Dts=H"",""cols=1;rows=1"")","=BDH($D493,""MTG_GEN_CPR_6M"",""20090610"",""20090610"",""Dts=H"",""cols=1;rows=1"")","=BDH($D493,""MTG_GEN_CPR_12M"",""20090610"",""20090610"",""Dts=H"",""cols=1;rows=1"")"
36225BWH7,TNTD03532756,pass-through,36225BWH7 Mtge,"=BDH($D494,""MTG_GEN_CPR_3M"",""20090331"",""20090331"",""Dts=H"",""cols=1;rows=1"")","=BDH($D494,""MTG_GEN_CPR_6M"",""20090331"",""20090331"",""Dts=H"",""cols=1;rows=1"")","=BDH($D494,""MTG_GEN_CPR_12M"",""20090331"",""20090331"",""Dts=H"",""cols=1;rows=1"")","=BDH($D494,""MTG_GEN_CPR_3M"",""20090610"",""20090610"",""Dts=H"",""cols=1;rows=1"")","=BDH($D494,""MTG_GEN_CPR_6M"",""20090610"",""20090610"",""Dts=H"",""cols=1;rows=1"")","=BDH($D494,""MTG_GEN_CPR_12M"",""20090610"",""20090610"",""Dts=H"",""cols=1;rows=1"")"
36225BYJ1,TNTD03543747,pass-through,36225BYJ1 Mtge,"=BDH($D495,""MTG_GEN_CPR_3M"",""20090331"",""20090331"",""Dts=H"",""cols=1;rows=1"")","=BDH($D495,""MTG_GEN_CPR_6M"",""20090331"",""20090331"",""Dts=H"",""cols=1;rows=1"")","=BDH($D495,""MTG_GEN_CPR_12M"",""20090331"",""20090331"",""Dts=H"",""cols=1;rows=1"")","=BDH($D495,""MTG_GEN_CPR_3M"",""20090610"",""20090610"",""Dts=H"",""cols=1;rows=1"")","=BDH($D495,""MTG_GEN_CPR_6M"",""20090610"",""20090610"",""Dts=H"",""cols=1;rows=1"")","=BDH($D495,""MTG_GEN_CPR_12M"",""20090610"",""20090610"",""Dts=H"",""cols=1;rows=1"")"
36241KNL8,TNTD03553034,pass-through,36241KNL8 Mtge,"=BDH($D496,""MTG_GEN_CPR_3M"",""20090331"",""20090331"",""Dts=H"",""cols=1;rows=1"")","=BDH($D496,""MTG_GEN_CPR_6M"",""20090331"",""20090331"",""Dts=H"",""cols=1;rows=1"")","=BDH($D496,""MTG_GEN_CPR_12M"",""20090331"",""20090331"",""Dts=H"",""cols=1;rows=1"")","=BDH($D496,""MTG_GEN_CPR_3M"",""20090610"",""20090610"",""Dts=H"",""cols=1;rows=1"")","=BDH($D496,""MTG_GEN_CPR_6M"",""20090610"",""20090610"",""Dts=H"",""cols=1;rows=1"")","=BDH($D496,""MTG_GEN_CPR_12M"",""20090610"",""20090610"",""Dts=H"",""cols=1;rows=1"")"
36290V5G5,TNTD03556622,pass-through,36290V5G5 Mtge,"=BDH($D497,""MTG_GEN_CPR_3M"",""20090331"",""20090331"",""Dts=H"",""cols=1;rows=1"")","=BDH($D497,""MTG_GEN_CPR_6M"",""20090331"",""20090331"",""Dts=H"",""cols=1;rows=1"")","=BDH($D497,""MTG_GEN_CPR_12M"",""20090331"",""20090331"",""Dts=H"",""cols=1;rows=1"")","=BDH($D497,""MTG_GEN_CPR_3M"",""20090610"",""20090610"",""Dts=H"",""cols=1;rows=1"")","=BDH($D497,""MTG_GEN_CPR_6M"",""20090610"",""20090610"",""Dts=H"",""cols=1;rows=1"")","=BDH($D497,""MTG_GEN_CPR_12M"",""20090610"",""20090610"",""Dts=H"",""cols=1;rows=1"")"
36290W3Y6,TNTD03556619,pass-through,36290W3Y6 Mtge,"=BDH($D498,""MTG_GEN_CPR_3M"",""20090331"",""20090331"",""Dts=H"",""cols=1;rows=1"")","=BDH($D498,""MTG_GEN_CPR_6M"",""20090331"",""20090331"",""Dts=H"",""cols=1;rows=1"")","=BDH($D498,""MTG_GEN_CPR_12M"",""20090331"",""20090331"",""Dts=H"",""cols=1;rows=1"")","=BDH($D498,""MTG_GEN_CPR_3M"",""20090610"",""20090610"",""Dts=H"",""cols=1;rows=1"")","=BDH($D498,""MTG_GEN_CPR_6M"",""20090610"",""20090610"",""Dts=H"",""cols=1;rows=1"")","=BDH($D498,""MTG_GEN_CPR_12M"",""20090610"",""20090610"",""Dts=H"",""cols=1;rows=1"")"
36291ACW7,TNTD03549300,pass-through,36291ACW7 Mtge,"=BDH($D499,""MTG_GEN_CPR_3M"",""20090331"",""20090331"",""Dts=H"",""cols=1;rows=1"")","=BDH($D499,""MTG_GEN_CPR_6M"",""20090331"",""20090331"",""Dts=H"",""cols=1;rows=1"")","=BDH($D499,""MTG_GEN_CPR_12M"",""20090331"",""20090331"",""Dts=H"",""cols=1;rows=1"")","=BDH($D499,""MTG_GEN_CPR_3M"",""20090610"",""20090610"",""Dts=H"",""cols=1;rows=1"")","=BDH($D499,""MTG_GEN_CPR_6M"",""20090610"",""20090610"",""Dts=H"",""cols=1;rows=1"")","=BDH($D499,""MTG_GEN_CPR_12M"",""20090610"",""20090610"",""Dts=H"",""cols=1;rows=1"")"
36291AM48,TNTD03556618,pass-through,36291AM48 Mtge,"=BDH($D500,""MTG_GEN_CPR_3M"",""20090331"",""20090331"",""Dts=H"",""cols=1;rows=1"")","=BDH($D500,""MTG_GEN_CPR_6M"",""20090331"",""20090331"",""Dts=H"",""cols=1;rows=1"")","=BDH($D500,""MTG_GEN_CPR_12M"",""20090331"",""20090331"",""Dts=H"",""cols=1;rows=1"")","=BDH($D500,""MTG_GEN_CPR_3M"",""20090610"",""20090610"",""Dts=H"",""cols=1;rows=1"")","=BDH($D500,""MTG_GEN_CPR_6M"",""20090610"",""20090610"",""Dts=H"",""cols=1;rows=1"")","=BDH($D500,""MTG_GEN_CPR_12M"",""20090610"",""20090610"",""Dts=H"",""cols=1;rows=1"")"
36291GYR1,TNTD03521178,pass-through,36291GYR1 Mtge,"=BDH($D501,""MTG_GEN_CPR_3M"",""20090331"",""20090331"",""Dts=H"",""cols=1;rows=1"")","=BDH($D501,""MTG_GEN_CPR_6M"",""20090331"",""20090331"",""Dts=H"",""cols=1;rows=1"")","=BDH($D501,""MTG_GEN_CPR_12M"",""20090331"",""20090331"",""Dts=H"",""cols=1;rows=1"")","=BDH($D501,""MTG_GEN_CPR_3M"",""20090610"",""20090610"",""Dts=H"",""cols=1;rows=1"")","=BDH($D501,""MTG_GEN_CPR_6M"",""20090610"",""20090610"",""Dts=H"",""cols=1;rows=1"")","=BDH($D501,""MTG_GEN_CPR_12M"",""20090610"",""20090610"",""Dts=H"",""cols=1;rows=1"")"
36291JVC1,TNTD03556620,pass-through,36291JVC1 Mtge,"=BDH($D502,""MTG_GEN_CPR_3M"",""20090331"",""20090331"",""Dts=H"",""cols=1;rows=1"")","=BDH($D502,""MTG_GEN_CPR_6M"",""20090331"",""20090331"",""Dts=H"",""cols=1;rows=1"")","=BDH($D502,""MTG_GEN_CPR_12M"",""20090331"",""20090331"",""Dts=H"",""cols=1;rows=1"")","=BDH($D502,""MTG_GEN_CPR_3M"",""20090610"",""20090610"",""Dts=H"",""cols=1;rows=1"")","=BDH($D502,""MTG_GEN_CPR_6M"",""20090610"",""20090610"",""Dts=H"",""cols=1;rows=1"")","=BDH($D502,""MTG_GEN_CPR_12M"",""20090610"",""20090610"",""Dts=H"",""cols=1;rows=1"")"
36291NM40,TNTD03554236,pass-through,36291NM40 Mtge,"=BDH($D503,""MTG_GEN_CPR_3M"",""20090331"",""20090331"",""Dts=H"",""cols=1;rows=1"")","=BDH($D503,""MTG_GEN_CPR_6M"",""20090331"",""20090331"",""Dts=H"",""cols=1;rows=1"")","=BDH($D503,""MTG_GEN_CPR_12M"",""20090331"",""20090331"",""Dts=H"",""cols=1;rows=1"")","=BDH($D503,""MTG_GEN_CPR_3M"",""20090610"",""20090610"",""Dts=H"",""cols=1;rows=1"")","=BDH($D503,""MTG_GEN_CPR_6M"",""20090610"",""20090610"",""Dts=H"",""cols=1;rows=1"")","=BDH($D503,""MTG_GEN_CPR_12M"",""20090610"",""20090610"",""Dts=H"",""cols=1;rows=1"")"
36291PSB3,TNTD03556608,pass-through,36291PSB3 Mtge,"=BDH($D504,""MTG_GEN_CPR_3M"",""20090331"",""20090331"",""Dts=H"",""cols=1;rows=1"")","=BDH($D504,""MTG_GEN_CPR_6M"",""20090331"",""20090331"",""Dts=H"",""cols=1;rows=1"")","=BDH($D504,""MTG_GEN_CPR_12M"",""20090331"",""20090331"",""Dts=H"",""cols=1;rows=1"")","=BDH($D504,""MTG_GEN_CPR_3M"",""20090610"",""20090610"",""Dts=H"",""cols=1;rows=1"")","=BDH($D504,""MTG_GEN_CPR_6M"",""20090610"",""20090610"",""Dts=H"",""cols=1;rows=1"")","=BDH($D504,""MTG_GEN_CPR_12M"",""20090610"",""20090610"",""Dts=H"",""cols=1;rows=1"")"
36294NV54,TNTD03550375,pass-through,36294NV54 Mtge,"=BDH($D505,""MTG_GEN_CPR_3M"",""20090331"",""20090331"",""Dts=H"",""cols=1;rows=1"")","=BDH($D505,""MTG_GEN_CPR_6M"",""20090331"",""20090331"",""Dts=H"",""cols=1;rows=1"")","=BDH($D505,""MTG_GEN_CPR_12M"",""20090331"",""20090331"",""Dts=H"",""cols=1;rows=1"")","=BDH($D505,""MTG_GEN_CPR_3M"",""20090610"",""20090610"",""Dts=H"",""cols=1;rows=1"")","=BDH($D505,""MTG_GEN_CPR_6M"",""20090610"",""20090610"",""Dts=H"",""cols=1;rows=1"")","=BDH($D505,""MTG_GEN_CPR_12M"",""20090610"",""20090610"",""Dts=H"",""cols=1;rows=1"")"
36295JMQ6,TNTD03552715,pass-through,36295JMQ6 Mtge,"=BDH($D506,""MTG_GEN_CPR_3M"",""20090331"",""20090331"",""Dts=H"",""cols=1;rows=1"")","=BDH($D506,""MTG_GEN_CPR_6M"",""20090331"",""20090331"",""Dts=H"",""cols=1;rows=1"")","=BDH($D506,""MTG_GEN_CPR_12M"",""20090331"",""20090331"",""Dts=H"",""cols=1;rows=1"")","=BDH($D506,""MTG_GEN_CPR_3M"",""20090610"",""20090610"",""Dts=H"",""cols=1;rows=1"")","=BDH($D506,""MTG_GEN_CPR_6M"",""20090610"",""20090610"",""Dts=H"",""cols=1;rows=1"")","=BDH($D506,""MTG_GEN_CPR_12M"",""20090610"",""20090610"",""Dts=H"",""cols=1;rows=1"")"
